/*
 Navicat MySQL Data Transfer

 Source Server         : localhost
 Source Server Type    : MySQL
 Source Server Version : 50726
 Source Host           : localhost:3306
 Source Schema         : java_assets

 Target Server Type    : MySQL
 Target Server Version : 50726
 File Encoding         : 65001

 Date: 25/03/2021 16:08:52
*/

SET NAMES utf8mb4;
SET FOREIGN_KEY_CHECKS = 0;

-- ----------------------------
-- Table structure for asset_aptitude
-- ----------------------------
DROP TABLE IF EXISTS `asset_aptitude`;
CREATE TABLE `asset_aptitude`  (
  `id` int(11) NOT NULL AUTO_INCREMENT COMMENT '自增长主键ID',
  `name` varchar(200) CHARACTER SET utf8 COLLATE utf8_general_ci NOT NULL COMMENT '资产',
  `img_id` int(11) NULL DEFAULT NULL COMMENT '图片',
  `cate_id` int(11) NOT NULL COMMENT '资产分类',
  `get_time` date NULL DEFAULT NULL COMMENT '获取时间',
  `comment` varchar(200) CHARACTER SET utf8 COLLATE utf8_general_ci NULL DEFAULT NULL COMMENT '资产说明',
  `create_by` varchar(50) CHARACTER SET utf8 COLLATE utf8_general_ci NOT NULL COMMENT '创建人',
  `create_time` datetime NOT NULL COMMENT '创建时间',
  `update_by` varchar(50) CHARACTER SET utf8 COLLATE utf8_general_ci NULL DEFAULT NULL COMMENT '更新人',
  `update_time` datetime NULL DEFAULT NULL COMMENT '更新时间',
  PRIMARY KEY (`id`) USING BTREE
) ENGINE = InnoDB AUTO_INCREMENT = 2 CHARACTER SET = utf8 COLLATE = utf8_general_ci COMMENT = '无形资产' ROW_FORMAT = Dynamic;

-- ----------------------------
-- Records of asset_aptitude
-- ----------------------------
INSERT INTO `asset_aptitude` VALUES (1, '专利1', 10, 13, '2020-11-30', NULL, 'admin', '2021-03-08 15:35:23', NULL, NULL);

-- ----------------------------
-- Table structure for asset_category
-- ----------------------------
DROP TABLE IF EXISTS `asset_category`;
CREATE TABLE `asset_category`  (
  `id` int(11) NOT NULL AUTO_INCREMENT COMMENT '自增长主键ID',
  `title` varchar(100) CHARACTER SET utf8 COLLATE utf8_general_ci NOT NULL COMMENT '分类名称',
  `pid` int(11) NOT NULL COMMENT '上级',
  `type` char(1) CHARACTER SET utf8 COLLATE utf8_general_ci NULL DEFAULT 'N' COMMENT '分类类别',
  `list_sort` int(11) NULL DEFAULT 9 COMMENT '排序',
  `status` char(1) CHARACTER SET utf8 COLLATE utf8_general_ci NOT NULL COMMENT '状态',
  PRIMARY KEY (`id`) USING BTREE
) ENGINE = InnoDB AUTO_INCREMENT = 15 CHARACTER SET = utf8 COLLATE = utf8_general_ci COMMENT = '资产分类' ROW_FORMAT = Dynamic;

-- ----------------------------
-- Records of asset_category
-- ----------------------------
INSERT INTO `asset_category` VALUES (1, '电子类', 0, '1', 1, '1');
INSERT INTO `asset_category` VALUES (2, '办公类', 0, '1', 2, '1');
INSERT INTO `asset_category` VALUES (3, '耗材类', 0, '2', 9, '1');
INSERT INTO `asset_category` VALUES (4, '交通类', 0, '1', 3, '1');
INSERT INTO `asset_category` VALUES (5, '资质荣耀', 0, '3', 4, '1');
INSERT INTO `asset_category` VALUES (6, '笔记本电脑', 1, '1', 1, '1');
INSERT INTO `asset_category` VALUES (7, '台式机', 1, '1', 2, '1');
INSERT INTO `asset_category` VALUES (8, '打印机', 2, '1', 3, '1');
INSERT INTO `asset_category` VALUES (9, '路由器', 1, '1', 3, '1');
INSERT INTO `asset_category` VALUES (10, '笔记本', 2, '2', 9, '1');
INSERT INTO `asset_category` VALUES (11, '圆珠笔', 3, '2', 1, '1');
INSERT INTO `asset_category` VALUES (12, '轿车', 4, '1', 2, '1');
INSERT INTO `asset_category` VALUES (13, '发名专利', 5, '3', 1, '1');
INSERT INTO `asset_category` VALUES (14, '著作权', 5, '1', 2, '1');

-- ----------------------------
-- Table structure for asset_delivery
-- ----------------------------
DROP TABLE IF EXISTS `asset_delivery`;
CREATE TABLE `asset_delivery`  (
  `id` int(11) NOT NULL AUTO_INCREMENT COMMENT '自增长主键ID',
  `cate_id` int(11) NOT NULL COMMENT '资产分类',
  `apply_id` int(11) NOT NULL COMMENT '申请ID(使用或领用)',
  `material_id` int(11) NULL DEFAULT NULL COMMENT '耗材ID',
  `asset_id` int(11) NULL DEFAULT NULL COMMENT '资产ID',
  `amount` float(10, 3) NOT NULL COMMENT '出库数量',
  `house_id` int(11) NOT NULL COMMENT '仓库',
  `recv_user_id` int(11) NOT NULL COMMENT '接收人',
  `img_id` int(11) NULL DEFAULT NULL COMMENT '确认单',
  `create_by` varchar(50) CHARACTER SET utf8 COLLATE utf8_general_ci NOT NULL COMMENT '创建人',
  `create_time` datetime NOT NULL COMMENT '创建时间',
  `update_by` varchar(50) CHARACTER SET utf8 COLLATE utf8_general_ci NULL DEFAULT NULL COMMENT '更新人',
  `update_time` datetime NULL DEFAULT NULL COMMENT '更新时间',
  PRIMARY KEY (`id`) USING BTREE
) ENGINE = InnoDB AUTO_INCREMENT = 7 CHARACTER SET = utf8 COLLATE = utf8_general_ci COMMENT = '出库' ROW_FORMAT = Dynamic;

-- ----------------------------
-- Records of asset_delivery
-- ----------------------------
INSERT INTO `asset_delivery` VALUES (1, 6, 0, NULL, 41, 1.000, 2, 1, 10, 'admin', '2021-03-08 18:55:34', NULL, NULL);
INSERT INTO `asset_delivery` VALUES (2, 6, 1, NULL, 41, 1.000, 2, 1, 10, 'admin', '2021-03-08 19:07:19', NULL, NULL);
INSERT INTO `asset_delivery` VALUES (3, 11, 1, 1, NULL, 1.000, 2, 1, 10, 'admin', '2021-03-09 09:34:49', NULL, NULL);
INSERT INTO `asset_delivery` VALUES (4, 11, 2, 2, NULL, 1.000, 2, 1, NULL, 'admin', '2021-03-25 15:21:27', NULL, NULL);
INSERT INTO `asset_delivery` VALUES (5, 8, 3, 1, NULL, 1.000, 2, 1, NULL, 'admin', '2021-03-25 15:24:05', NULL, NULL);
INSERT INTO `asset_delivery` VALUES (6, 11, 4, 2, NULL, 2.000, 2, 1, NULL, 'admin', '2021-03-25 15:25:19', NULL, NULL);

-- ----------------------------
-- Table structure for asset_entering
-- ----------------------------
DROP TABLE IF EXISTS `asset_entering`;
CREATE TABLE `asset_entering`  (
  `id` int(11) NOT NULL AUTO_INCREMENT COMMENT '自增长主键ID',
  `cate_id` int(11) NOT NULL COMMENT '资产分类',
  `purchase_id` int(11) NULL DEFAULT NULL COMMENT '采购订单',
  `house_id` int(11) NULL DEFAULT NULL COMMENT '仓库',
  `name` varchar(200) CHARACTER SET utf8 COLLATE utf8_general_ci NOT NULL COMMENT '产品名称',
  `param` text CHARACTER SET utf8 COLLATE utf8_general_ci NOT NULL COMMENT '商品参数',
  `factory` varchar(200) CHARACTER SET utf8 COLLATE utf8_general_ci NULL DEFAULT NULL COMMENT '厂商',
  `proxy` varchar(200) CHARACTER SET utf8 COLLATE utf8_general_ci NULL DEFAULT NULL COMMENT '购买渠道',
  `amount` float(10, 3) NOT NULL COMMENT '入库数量',
  `price1` float(10, 3) NULL DEFAULT NULL COMMENT '市场价格',
  `price2` float(10, 3) NULL DEFAULT NULL COMMENT '购买价格',
  `recv_user_id` int(11) NULL DEFAULT NULL COMMENT '接收人',
  `recv_time` datetime NOT NULL COMMENT '接收时间',
  `img_id` int(11) NULL DEFAULT NULL COMMENT '收货单',
  `nums` varchar(500) CHARACTER SET utf8 COLLATE utf8_general_ci NULL DEFAULT NULL COMMENT '编号',
  `create_by` varchar(50) CHARACTER SET utf8 COLLATE utf8_general_ci NOT NULL COMMENT '创建人',
  `create_time` datetime NOT NULL COMMENT '创建时间',
  `update_by` varchar(50) CHARACTER SET utf8 COLLATE utf8_general_ci NULL DEFAULT NULL COMMENT '更新人',
  `update_time` datetime NULL DEFAULT NULL COMMENT '更新时间',
  PRIMARY KEY (`id`) USING BTREE
) ENGINE = InnoDB AUTO_INCREMENT = 14 CHARACTER SET = utf8 COLLATE = utf8_general_ci COMMENT = '入库' ROW_FORMAT = Dynamic;

-- ----------------------------
-- Records of asset_entering
-- ----------------------------
INSERT INTO `asset_entering` VALUES (3, 6, 1, 1, '开发电脑', 'I5 8G 500SSD', NULL, NULL, 2.000, 6000.000, 5600.000, 1, '2021-03-08 00:00:00', 10, '3242314\n2342343', 'admin', '2021-03-08 09:51:40', 'admin', '2021-03-08 16:13:20');
INSERT INTO `asset_entering` VALUES (4, 6, 1, 2, '开发电脑', 'I5 8G 500SSD', NULL, NULL, 3.000, 6000.000, 5500.000, 1, '2021-02-28 00:00:00', NULL, '234123\n234\n124', 'admin', '2021-03-08 09:53:07', NULL, NULL);
INSERT INTO `asset_entering` VALUES (5, 6, 1, 2, '开发电脑', 'I5 8G 500SSD', NULL, NULL, 3.000, 6000.000, 5500.000, 1, '2021-02-28 00:00:00', NULL, '234123\n234\n124', 'admin', '2021-03-08 09:53:10', NULL, NULL);
INSERT INTO `asset_entering` VALUES (6, 6, 1, 2, '开发电脑', 'I5 8G 500SSD', NULL, NULL, 3.000, 6000.000, 5400.000, 1, '2021-03-08 00:00:00', NULL, '2341\n1234213\n2341', 'admin', '2021-03-08 09:54:16', NULL, NULL);
INSERT INTO `asset_entering` VALUES (7, 6, 1, 2, '开发电脑', 'I5 8G 500SSD', NULL, NULL, 3.000, 6000.000, 5400.000, 1, '2021-03-08 00:00:00', NULL, '2341\n1234213\n2341', 'admin', '2021-03-08 09:54:30', NULL, NULL);
INSERT INTO `asset_entering` VALUES (8, 6, 1, 2, '开发电脑', 'I5 8G 500SSD', NULL, NULL, 3.000, 6000.000, 5400.000, 1, '2021-03-08 00:00:00', NULL, '2341\n1234213\n2341', 'admin', '2021-03-08 09:54:43', NULL, NULL);
INSERT INTO `asset_entering` VALUES (9, 6, 1, 2, '开发电脑', 'I5 8G 500SSD', NULL, NULL, 3.000, 6000.000, 5400.000, 1, '2021-03-08 00:00:00', NULL, '2341\n1234213\n2341', 'admin', '2021-03-08 09:54:51', 'admin', '2021-03-08 16:10:31');
INSERT INTO `asset_entering` VALUES (10, 6, 1, 2, '开发电脑', 'I5 8G 500SSD', NULL, NULL, 3.000, 6000.000, 5400.000, 1, '2021-03-08 00:00:00', NULL, '2341\n1234213\n2341', 'admin', '2021-03-08 09:54:53', NULL, NULL);
INSERT INTO `asset_entering` VALUES (11, 6, 1, 2, '开发电脑', 'I5 8G 500SSD', NULL, NULL, 1.000, 5000.000, 1500.000, 1, '2021-03-08 00:00:00', NULL, '42134', 'admin', '2021-03-08 09:58:08', NULL, NULL);
INSERT INTO `asset_entering` VALUES (12, 6, 1, 2, '开发电脑', 'I5 8G 500SSD', NULL, NULL, 1.000, 6000.000, 4000.000, 1, '2021-03-08 00:00:00', NULL, '2134324\n12421343', 'admin', '2021-03-08 10:07:35', NULL, NULL);
INSERT INTO `asset_entering` VALUES (13, 11, 2, 2, '圆珠笔', '无', NULL, NULL, 50.000, 3.000, 2.000, 1, '2021-03-08 00:00:00', NULL, NULL, 'admin', '2021-03-08 10:28:11', NULL, NULL);

-- ----------------------------
-- Table structure for asset_info
-- ----------------------------
DROP TABLE IF EXISTS `asset_info`;
CREATE TABLE `asset_info`  (
  `id` int(11) NOT NULL AUTO_INCREMENT COMMENT '自增长主键ID',
  `cate_id` int(11) NOT NULL COMMENT '资产分类',
  `num` varchar(200) CHARACTER SET utf8 COLLATE utf8_general_ci NOT NULL COMMENT '资产编号',
  `name` varchar(200) CHARACTER SET utf8 COLLATE utf8_general_ci NOT NULL COMMENT '产品名称',
  `param` text CHARACTER SET utf8 COLLATE utf8_general_ci NULL COMMENT '参数',
  `factory` varchar(200) CHARACTER SET utf8 COLLATE utf8_general_ci NULL DEFAULT NULL COMMENT '厂商',
  `proxy` varchar(200) CHARACTER SET utf8 COLLATE utf8_general_ci NULL DEFAULT NULL COMMENT '购买渠道',
  `price` float(10, 3) NOT NULL COMMENT '当前价值',
  `price1` float(10, 3) NULL DEFAULT NULL COMMENT '市场价格',
  `price2` float(10, 3) NULL DEFAULT NULL COMMENT '购买价格',
  `house_id` int(11) NULL DEFAULT NULL COMMENT '仓库',
  `img_id` int(11) NULL DEFAULT NULL COMMENT '图例',
  `comment` varchar(200) CHARACTER SET utf8 COLLATE utf8_general_ci NULL DEFAULT NULL COMMENT '资产说明',
  `status` char(1) CHARACTER SET utf8 COLLATE utf8_general_ci NULL DEFAULT NULL COMMENT '资产状态',
  `dept_id` int(11) NULL DEFAULT NULL COMMENT '所属部门',
  `use_user_id` int(11) NULL DEFAULT NULL COMMENT '使用人',
  `finish_time` datetime NULL DEFAULT NULL COMMENT '预计归还时间',
  `scrap_time` date NULL DEFAULT NULL COMMENT '报废时间',
  `create_by` varchar(50) CHARACTER SET utf8 COLLATE utf8_general_ci NOT NULL COMMENT '创建人',
  `create_time` datetime NOT NULL COMMENT '创建时间',
  `update_by` varchar(50) CHARACTER SET utf8 COLLATE utf8_general_ci NULL DEFAULT NULL COMMENT '更新人',
  `update_time` datetime NULL DEFAULT NULL COMMENT '更新时间',
  PRIMARY KEY (`id`) USING BTREE
) ENGINE = InnoDB AUTO_INCREMENT = 45 CHARACTER SET = utf8 COLLATE = utf8_general_ci COMMENT = '资产信息' ROW_FORMAT = Dynamic;

-- ----------------------------
-- Records of asset_info
-- ----------------------------
INSERT INTO `asset_info` VALUES (34, 6, '3242314', '开发电脑', NULL, '', '', 5200.000, 6000.000, 5600.000, 1, 7, '', '7', NULL, NULL, NULL, NULL, 'admin', '2021-03-08 14:32:32', 'admin', '2021-03-08 15:06:36');
INSERT INTO `asset_info` VALUES (35, 6, '2342343', '开发电脑', NULL, '', '', 5600.000, 6000.000, 5600.000, 1, NULL, '', '1', NULL, NULL, NULL, NULL, 'admin', '2021-03-08 14:32:32', 'admin', '2021-03-08 14:34:17');
INSERT INTO `asset_info` VALUES (36, 6, '234123', '开发电脑', NULL, '', '', 4900.000, 6000.000, 5500.000, 2, NULL, '', '3', NULL, NULL, NULL, NULL, 'admin', '2021-03-08 14:32:32', 'admin', '2021-03-08 14:34:17');
INSERT INTO `asset_info` VALUES (37, 6, '234', '开发电脑', NULL, '', '', 4900.000, 6000.000, 5500.000, 2, NULL, '', '1', NULL, NULL, NULL, NULL, 'admin', '2021-03-08 14:32:32', 'admin', '2021-03-08 14:34:17');
INSERT INTO `asset_info` VALUES (38, 6, '124', '开发电脑', NULL, '', '', 4900.000, 6000.000, 5500.000, 2, NULL, '', '1', NULL, NULL, NULL, NULL, 'admin', '2021-03-08 14:32:32', 'admin', '2021-03-08 14:34:17');
INSERT INTO `asset_info` VALUES (39, 6, '2341', '开发电脑', NULL, '', '', 4800.000, 6000.000, 5400.000, 2, NULL, '', '5', NULL, NULL, NULL, '2020-09-07', 'admin', '2021-03-08 14:32:32', 'admin', '2021-03-25 16:05:37');
INSERT INTO `asset_info` VALUES (40, 6, '1234213', '开发电脑', NULL, '', '', 4800.000, 6000.000, 5400.000, 2, NULL, '', '5', NULL, NULL, NULL, NULL, 'admin', '2021-03-08 14:32:32', 'admin', '2021-03-25 16:05:37');
INSERT INTO `asset_info` VALUES (41, 6, '42134', '开发电脑', NULL, '', '', 1500.000, 5000.000, 1500.000, 2, NULL, '', '1', 105, NULL, '2021-03-08 00:00:00', NULL, 'admin', '2021-03-08 14:32:32', 'admin', '2021-03-25 14:59:18');
INSERT INTO `asset_info` VALUES (42, 6, '2134324', '开发电脑', NULL, '', '', 4000.000, 6000.000, 4000.000, 1, NULL, '', '5', 108, NULL, NULL, '2021-03-09', 'admin', '2021-03-08 14:32:32', 'admin', '2021-03-10 15:53:26');
INSERT INTO `asset_info` VALUES (43, 6, '2213763', '开发电脑', NULL, '', '', 4000.000, 6000.000, 4000.000, 1, NULL, '', '1', 108, NULL, NULL, NULL, 'admin', '2021-03-08 14:34:17', NULL, NULL);
INSERT INTO `asset_info` VALUES (44, 8, 'dyj-023414', '激光打印机', '激光打印机', NULL, NULL, 6500.000, 24.000, 234.000, 1, 9, '234', '2', 104, 1, '2021-03-31 00:00:00', NULL, 'admin', '2021-03-08 14:48:17', 'admin', '2021-03-25 14:59:13');

-- ----------------------------
-- Table structure for asset_maintain
-- ----------------------------
DROP TABLE IF EXISTS `asset_maintain`;
CREATE TABLE `asset_maintain`  (
  `id` int(11) NOT NULL AUTO_INCREMENT COMMENT '自增长主键ID',
  `cate_id` int(11) NOT NULL COMMENT '资产分类',
  `asset_id` int(11) NOT NULL COMMENT '资产ID',
  `type` char(1) CHARACTER SET utf8 COLLATE utf8_general_ci NOT NULL DEFAULT '1' COMMENT '维护类型',
  `reason` varchar(200) CHARACTER SET utf8 COLLATE utf8_general_ci NOT NULL COMMENT '维护原由',
  `check_user_id` int(11) NULL DEFAULT NULL COMMENT '审核人',
  `check_status` char(1) CHARACTER SET utf8 COLLATE utf8_general_ci NULL DEFAULT NULL COMMENT '审核结果',
  `check_time` datetime NULL DEFAULT NULL COMMENT '审核时间',
  `check_reason` varchar(200) CHARACTER SET utf8 COLLATE utf8_general_ci NULL DEFAULT NULL COMMENT '审核不通过原因',
  `master_user_id` int(11) NULL DEFAULT NULL COMMENT '负责人',
  `start_time` datetime NULL DEFAULT NULL COMMENT '开始时间',
  `finish_time` datetime NULL DEFAULT NULL COMMENT '完成时间',
  `create_by` varchar(50) CHARACTER SET utf8 COLLATE utf8_general_ci NOT NULL COMMENT '创建人',
  `is_complete` char(1) CHARACTER SET utf8 COLLATE utf8_general_ci NULL DEFAULT 'N' COMMENT '是否完成',
  `money` decimal(10, 2) NULL DEFAULT NULL COMMENT '维修费用',
  `comment` text CHARACTER SET utf8 COLLATE utf8_general_ci NULL COMMENT '维修说明',
  `result` char(1) CHARACTER SET utf8 COLLATE utf8_general_ci NULL DEFAULT NULL COMMENT '维修结果',
  `create_time` datetime NOT NULL COMMENT '创建时间',
  `update_by` varchar(50) CHARACTER SET utf8 COLLATE utf8_general_ci NULL DEFAULT NULL COMMENT '更新人',
  `update_time` datetime NULL DEFAULT NULL COMMENT '更新时间',
  PRIMARY KEY (`id`) USING BTREE
) ENGINE = InnoDB AUTO_INCREMENT = 2 CHARACTER SET = utf8 COLLATE = utf8_general_ci COMMENT = '资产维护' ROW_FORMAT = Dynamic;

-- ----------------------------
-- Records of asset_maintain
-- ----------------------------
INSERT INTO `asset_maintain` VALUES (1, 6, 39, '1', '543523454', 1, '1', '2021-03-10 17:19:37', NULL, 1, '2021-03-09 00:00:00', '2021-03-11 00:00:00', 'admin', 'N', 345432.00, '<p>asdfasdfdsaf</p>', '5', '2021-03-09 14:32:49', 'admin', '2021-03-09 16:24:59');

-- ----------------------------
-- Table structure for asset_material
-- ----------------------------
DROP TABLE IF EXISTS `asset_material`;
CREATE TABLE `asset_material`  (
  `id` int(11) NOT NULL AUTO_INCREMENT COMMENT '自增长主键ID',
  `cate_id` int(11) NOT NULL COMMENT '资产分类',
  `name` varchar(200) CHARACTER SET utf8 COLLATE utf8_general_ci NOT NULL COMMENT '产品名称',
  `param` text CHARACTER SET utf8 COLLATE utf8_general_ci NULL COMMENT '参数',
  `factory` varchar(200) CHARACTER SET utf8 COLLATE utf8_general_ci NULL DEFAULT NULL COMMENT '厂商',
  `proxy` varchar(200) CHARACTER SET utf8 COLLATE utf8_general_ci NULL DEFAULT NULL COMMENT '购买渠道',
  `unit` varchar(10) CHARACTER SET utf8 COLLATE utf8_general_ci NULL DEFAULT NULL COMMENT '计量单位',
  `amount` float(10, 3) NOT NULL COMMENT '库存数量',
  `price1` float(10, 3) NULL DEFAULT NULL COMMENT '市场价格',
  `price2` float(10, 3) NULL DEFAULT NULL COMMENT '购买价格',
  `house_id` int(11) NULL DEFAULT NULL COMMENT '仓库',
  `comment` varchar(200) CHARACTER SET utf8 COLLATE utf8_general_ci NULL DEFAULT NULL COMMENT '耗材说明',
  `status` char(1) CHARACTER SET utf8 COLLATE utf8_general_ci NULL DEFAULT NULL COMMENT '耗材状态',
  `create_by` varchar(50) CHARACTER SET utf8 COLLATE utf8_general_ci NOT NULL COMMENT '创建人',
  `create_time` datetime NOT NULL COMMENT '创建时间',
  `update_by` varchar(50) CHARACTER SET utf8 COLLATE utf8_general_ci NULL DEFAULT NULL COMMENT '更新人',
  `update_time` datetime NULL DEFAULT NULL COMMENT '更新时间',
  PRIMARY KEY (`id`) USING BTREE
) ENGINE = InnoDB AUTO_INCREMENT = 3 CHARACTER SET = utf8 COLLATE = utf8_general_ci COMMENT = '耗材信息' ROW_FORMAT = Dynamic;

-- ----------------------------
-- Records of asset_material
-- ----------------------------
INSERT INTO `asset_material` VALUES (1, 11, '圆珠笔', '无', '4324', '2343', '只', 8.000, 3.000, 2.000, 2, NULL, '1', 'admin', '2021-03-08 10:28:11', 'admin', '2021-03-08 13:40:57');
INSERT INTO `asset_material` VALUES (2, 11, '中性笔', NULL, '4324', '2343', '只', 17.000, 3.000, 2.000, 2, '', '2', 'admin', '2021-03-08 15:29:09', NULL, NULL);

-- ----------------------------
-- Table structure for asset_pickup
-- ----------------------------
DROP TABLE IF EXISTS `asset_pickup`;
CREATE TABLE `asset_pickup`  (
  `id` int(11) NOT NULL AUTO_INCREMENT COMMENT '自增长主键ID',
  `cate_id` int(11) NOT NULL COMMENT '资产分类',
  `material_id` int(11) NOT NULL COMMENT '耗材ID',
  `apply_user_id` int(11) NULL DEFAULT NULL COMMENT '申请人',
  `amount` float(10, 3) NOT NULL COMMENT '领用数量',
  `reason` varchar(200) CHARACTER SET utf8 COLLATE utf8_general_ci NOT NULL COMMENT '申请原由',
  `comment` varchar(200) CHARACTER SET utf8 COLLATE utf8_general_ci NULL DEFAULT NULL COMMENT '申请说明',
  `check_user_id` int(11) NULL DEFAULT NULL COMMENT '审核人',
  `check_status` char(1) CHARACTER SET utf8 COLLATE utf8_general_ci NULL DEFAULT NULL COMMENT '审核结果',
  `check_time` datetime NULL DEFAULT NULL COMMENT '审核时间',
  `check_reason` varchar(200) CHARACTER SET utf8 COLLATE utf8_general_ci NULL DEFAULT NULL COMMENT '审核不通过原因',
  `is_delivery` char(1) CHARACTER SET utf8 COLLATE utf8_general_ci NULL DEFAULT 'N' COMMENT '是否出库',
  `create_by` varchar(50) CHARACTER SET utf8 COLLATE utf8_general_ci NOT NULL COMMENT '创建人',
  `create_time` datetime NOT NULL COMMENT '创建时间',
  `update_by` varchar(50) CHARACTER SET utf8 COLLATE utf8_general_ci NULL DEFAULT NULL COMMENT '更新人',
  `update_time` datetime NULL DEFAULT NULL COMMENT '更新时间',
  PRIMARY KEY (`id`) USING BTREE
) ENGINE = InnoDB AUTO_INCREMENT = 5 CHARACTER SET = utf8 COLLATE = utf8_general_ci COMMENT = '耗材领用' ROW_FORMAT = Dynamic;

-- ----------------------------
-- Records of asset_pickup
-- ----------------------------
INSERT INTO `asset_pickup` VALUES (1, 11, 1, 1, 1.000, '1', NULL, 1, '1', '2021-03-09 09:33:32', NULL, 'Y', 'admin', '2021-03-08 19:53:59', NULL, NULL);
INSERT INTO `asset_pickup` VALUES (2, 11, 2, 1, 1.000, 'asfsdafdas', '233', 1, '1', '2021-03-25 15:17:56', NULL, 'Y', 'admin', '2021-03-25 15:17:45', NULL, NULL);
INSERT INTO `asset_pickup` VALUES (3, 8, 1, 1, 1.000, '141324', NULL, 1, '1', '2021-03-25 15:24:01', NULL, 'Y', 'admin', '2021-03-25 15:23:56', NULL, NULL);
INSERT INTO `asset_pickup` VALUES (4, 11, 2, 1, 2.000, '21341234', NULL, NULL, '1', NULL, NULL, 'Y', 'admin', '2021-03-25 15:25:09', NULL, NULL);

-- ----------------------------
-- Table structure for asset_purchase
-- ----------------------------
DROP TABLE IF EXISTS `asset_purchase`;
CREATE TABLE `asset_purchase`  (
  `id` int(11) NOT NULL AUTO_INCREMENT COMMENT '自增长主键ID',
  `cate_id` int(11) NOT NULL COMMENT '资产分类',
  `name` varchar(200) CHARACTER SET utf8 COLLATE utf8_general_ci NOT NULL COMMENT '产品名称',
  `param` text CHARACTER SET utf8 COLLATE utf8_general_ci NOT NULL COMMENT '参数要求',
  `factory` varchar(200) CHARACTER SET utf8 COLLATE utf8_general_ci NULL DEFAULT NULL COMMENT '厂商',
  `proxy` varchar(200) CHARACTER SET utf8 COLLATE utf8_general_ci NULL DEFAULT NULL COMMENT '购买渠道',
  `amount` float(10, 3) NOT NULL COMMENT '购买数量',
  `price1` float(10, 3) NULL DEFAULT NULL COMMENT '市场价格',
  `price2` float(10, 3) NULL DEFAULT NULL COMMENT '购买价格',
  `reason` varchar(200) CHARACTER SET utf8 COLLATE utf8_general_ci NOT NULL COMMENT '申请原由',
  `comment` varchar(200) CHARACTER SET utf8 COLLATE utf8_general_ci NULL DEFAULT NULL COMMENT '申请说明',
  `check_user_id` int(11) NULL DEFAULT NULL COMMENT '审核人',
  `check_status` char(1) CHARACTER SET utf8 COLLATE utf8_general_ci NULL DEFAULT NULL COMMENT '审核结果',
  `check_time` datetime NULL DEFAULT NULL COMMENT '审核时间',
  `check_reason` varchar(200) CHARACTER SET utf8 COLLATE utf8_general_ci NULL DEFAULT NULL COMMENT '审核不通过原因',
  `master_user_id` int(11) NULL DEFAULT NULL COMMENT '采购负责人',
  `finish_time` datetime NULL DEFAULT NULL COMMENT '完成时间',
  `is_complete` char(1) CHARACTER SET utf8 COLLATE utf8_general_ci NULL DEFAULT 'N' COMMENT '是否完成',
  `create_by` varchar(50) CHARACTER SET utf8 COLLATE utf8_general_ci NOT NULL COMMENT '创建人',
  `create_time` datetime NOT NULL COMMENT '创建时间',
  `update_by` varchar(50) CHARACTER SET utf8 COLLATE utf8_general_ci NULL DEFAULT NULL COMMENT '更新人',
  `update_time` datetime NULL DEFAULT NULL COMMENT '更新时间',
  PRIMARY KEY (`id`) USING BTREE
) ENGINE = InnoDB AUTO_INCREMENT = 3 CHARACTER SET = utf8 COLLATE = utf8_general_ci COMMENT = '采购申请' ROW_FORMAT = Dynamic;

-- ----------------------------
-- Records of asset_purchase
-- ----------------------------
INSERT INTO `asset_purchase` VALUES (1, 6, '开发电脑', 'I5 8G 500SSD', NULL, NULL, 1.000, NULL, NULL, '开发使用', NULL, 1, '1', '2021-03-08 10:07:34', NULL, 1, '2021-03-08 10:07:34', 'Y', 'admin', '2021-03-05 10:04:59', 'admin', '2021-03-05 11:51:04');
INSERT INTO `asset_purchase` VALUES (2, 11, '圆珠笔', '无', NULL, NULL, 100.000, 3.000, 2.000, '234234', NULL, 1, '1', '2021-03-08 10:07:34', NULL, 1, '2021-03-10 00:00:00', 'N', 'admin', '2021-03-08 10:23:32', NULL, NULL);

-- ----------------------------
-- Table structure for asset_sales
-- ----------------------------
DROP TABLE IF EXISTS `asset_sales`;
CREATE TABLE `asset_sales`  (
  `id` int(11) NOT NULL AUTO_INCREMENT COMMENT '自增长主键ID',
  `cate_id` int(11) NOT NULL COMMENT '资产分类',
  `material_id` int(11) NULL DEFAULT NULL COMMENT '耗材ID',
  `asset_id` int(11) NULL DEFAULT NULL COMMENT '资产ID',
  `aptitude_id` int(11) NULL DEFAULT NULL COMMENT '无形资产ID',
  `type` char(1) CHARACTER SET utf8 COLLATE utf8_general_ci NOT NULL DEFAULT '1' COMMENT '租售类型',
  `amount` float(10, 3) NOT NULL COMMENT '数量',
  `price` float(10, 3) NOT NULL COMMENT '总价',
  `reason` varchar(200) CHARACTER SET utf8 COLLATE utf8_general_ci NOT NULL COMMENT '租售原由',
  `master_user_id` int(11) NULL DEFAULT NULL COMMENT '负责人',
  `start_time` datetime NULL DEFAULT NULL COMMENT '开始时间',
  `finish_time` datetime NULL DEFAULT NULL COMMENT '完成时间',
  `create_by` varchar(50) CHARACTER SET utf8 COLLATE utf8_general_ci NOT NULL COMMENT '创建人',
  `is_complete` char(1) CHARACTER SET utf8 COLLATE utf8_general_ci NOT NULL DEFAULT 'N' COMMENT '是否完成',
  `create_time` datetime NOT NULL COMMENT '创建时间',
  `update_by` varchar(50) CHARACTER SET utf8 COLLATE utf8_general_ci NULL DEFAULT NULL COMMENT '更新人',
  `update_time` datetime NULL DEFAULT NULL COMMENT '更新时间',
  PRIMARY KEY (`id`) USING BTREE
) ENGINE = InnoDB AUTO_INCREMENT = 4 CHARACTER SET = utf8 COLLATE = utf8_general_ci COMMENT = '资产租售' ROW_FORMAT = Dynamic;

-- ----------------------------
-- Records of asset_sales
-- ----------------------------
INSERT INTO `asset_sales` VALUES (1, 6, NULL, 34, NULL, '1', 1.000, 340.000, '234234', 1, NULL, NULL, 'admin', 'Y', '2021-03-09 11:40:01', NULL, NULL);
INSERT INTO `asset_sales` VALUES (2, 11, 1, NULL, NULL, '2', 40.000, 600.000, '34214324', NULL, NULL, NULL, 'admin', 'N', '2021-03-09 11:42:01', NULL, NULL);
INSERT INTO `asset_sales` VALUES (3, 13, NULL, NULL, 1, '1', 1.000, 341.000, '2342314', 1, '2021-03-08 00:00:00', '2021-03-12 00:00:00', 'admin', 'N', '2021-03-09 13:37:17', 'admin', '2021-03-09 13:49:07');

-- ----------------------------
-- Table structure for asset_stock
-- ----------------------------
DROP TABLE IF EXISTS `asset_stock`;
CREATE TABLE `asset_stock`  (
  `id` int(11) NOT NULL AUTO_INCREMENT COMMENT '自增长主键ID',
  `year` char(4) CHARACTER SET utf8 COLLATE utf8_general_ci NOT NULL COMMENT '年度',
  `worth` float(10, 2) NULL DEFAULT 0.00 COMMENT '资产总值',
  `asset_count` int(11) NULL DEFAULT NULL COMMENT '固定资产总数',
  `asset_worth` float(10, 2) NULL DEFAULT 0.00 COMMENT '固定资产总值',
  `material_count` int(11) NULL DEFAULT 0 COMMENT '耗材总类',
  `material_worth` float(10, 2) NULL DEFAULT NULL COMMENT '耗材资产总值',
  `scrap_count` int(11) NULL DEFAULT NULL COMMENT '报废资产总数',
  `scrap_worth` int(11) NULL DEFAULT NULL COMMENT '报废资产总值',
  `maintain_count` int(11) NULL DEFAULT NULL COMMENT '资产维护次数',
  `purchase_count` int(11) NULL DEFAULT 1 COMMENT '采购次数',
  `purchase_worth` float(10, 2) NULL DEFAULT NULL COMMENT '采购总值',
  `comment` text CHARACTER SET utf8 COLLATE utf8_general_ci NULL COMMENT '盘点说明',
  `create_by` varchar(50) CHARACTER SET utf8 COLLATE utf8_general_ci NOT NULL COMMENT '创建人',
  `create_time` datetime NOT NULL COMMENT '创建时间',
  `update_by` varchar(50) CHARACTER SET utf8 COLLATE utf8_general_ci NULL DEFAULT NULL COMMENT '更新人',
  `update_time` datetime NULL DEFAULT NULL COMMENT '更新时间',
  PRIMARY KEY (`id`) USING BTREE,
  UNIQUE INDEX `year`(`year`) USING BTREE COMMENT '一年一盘点'
) ENGINE = InnoDB AUTO_INCREMENT = 5 CHARACTER SET = utf8 COLLATE = utf8_general_ci COMMENT = '资产盘点' ROW_FORMAT = Dynamic;

-- ----------------------------
-- Records of asset_stock
-- ----------------------------
INSERT INTO `asset_stock` VALUES (1, '2020', 36358.00, 9, 32300.00, 2, 3358.00, 34, 4800, 34, 5, 12341.00, NULL, 'admin', '2021-03-10 14:54:34', 'admin', '2021-03-11 16:44:59');
INSERT INTO `asset_stock` VALUES (3, '2021', 42350.00, 9, 42300.00, 2, 50.00, 1, 4000, 1, 2, 300.00, '摇铃的', 'admin', '2021-03-10 15:41:13', 'admin', '2021-03-11 16:22:36');
INSERT INTO `asset_stock` VALUES (4, '2019', 34358.00, 9, 33300.00, 2, 5843.00, 4, 435, 56, 34, 45432.00, NULL, 'admin', '2021-03-11 15:31:15', 'admin', '2021-03-11 16:44:45');

-- ----------------------------
-- Table structure for asset_use
-- ----------------------------
DROP TABLE IF EXISTS `asset_use`;
CREATE TABLE `asset_use`  (
  `id` int(11) NOT NULL AUTO_INCREMENT COMMENT '自增长主键ID',
  `cate_id` int(11) NOT NULL COMMENT '资产分类',
  `param` text CHARACTER SET utf8 COLLATE utf8_general_ci NOT NULL COMMENT '参数要求',
  `reason` varchar(200) CHARACTER SET utf8 COLLATE utf8_general_ci NOT NULL COMMENT '申请原由',
  `comment` varchar(200) CHARACTER SET utf8 COLLATE utf8_general_ci NULL DEFAULT NULL COMMENT '申请说明',
  `check_user_id` int(11) NULL DEFAULT NULL COMMENT '审核人',
  `check_status` char(1) CHARACTER SET utf8 COLLATE utf8_general_ci NULL DEFAULT NULL COMMENT '审核结果',
  `check_time` datetime NULL DEFAULT NULL COMMENT '审核时间',
  `check_reason` varchar(200) CHARACTER SET utf8 COLLATE utf8_general_ci NULL DEFAULT NULL COMMENT '审核不通过原因',
  `start_time` datetime NULL DEFAULT NULL COMMENT '开始时间',
  `finish_time` datetime NULL DEFAULT NULL COMMENT '结束时间',
  `asset_id` int(11) NULL DEFAULT NULL COMMENT '资产ID',
  `is_delivery` char(1) CHARACTER SET utf8 COLLATE utf8_general_ci NULL DEFAULT 'N' COMMENT '是否出库',
  `is_revert` char(1) CHARACTER SET utf8 COLLATE utf8_general_ci NULL DEFAULT 'N' COMMENT '是否归还',
  `revert_time` datetime NULL DEFAULT NULL COMMENT '归还时间',
  `create_by` varchar(50) CHARACTER SET utf8 COLLATE utf8_general_ci NOT NULL COMMENT '创建人',
  `create_time` datetime NOT NULL COMMENT '创建时间',
  `update_by` varchar(50) CHARACTER SET utf8 COLLATE utf8_general_ci NULL DEFAULT NULL COMMENT '更新人',
  `update_time` datetime NULL DEFAULT NULL COMMENT '更新时间',
  PRIMARY KEY (`id`) USING BTREE
) ENGINE = InnoDB AUTO_INCREMENT = 2 CHARACTER SET = utf8 COLLATE = utf8_general_ci COMMENT = '使用申请' ROW_FORMAT = Dynamic;

-- ----------------------------
-- Records of asset_use
-- ----------------------------
INSERT INTO `asset_use` VALUES (1, 6, 'I5', '32443214', NULL, 1, '1', '2021-03-08 17:15:55', NULL, '2021-03-02 00:00:00', '2021-03-25 00:00:00', 41, 'Y', 'Y', '2021-03-08 19:08:51', 'admin', '2021-03-08 16:34:04', 'admin', '2021-03-08 17:15:02');

-- ----------------------------
-- Table structure for asset_warehouse
-- ----------------------------
DROP TABLE IF EXISTS `asset_warehouse`;
CREATE TABLE `asset_warehouse`  (
  `id` int(11) NOT NULL AUTO_INCREMENT COMMENT '自增长主键ID',
  `title` varchar(200) CHARACTER SET utf8 COLLATE utf8_general_ci NOT NULL COMMENT '课程名称',
  `address` varchar(200) CHARACTER SET utf8 COLLATE utf8_general_ci NOT NULL COMMENT '地址',
  `master_user_id` int(11) NOT NULL COMMENT '负责人',
  `links` varchar(50) CHARACTER SET utf8 COLLATE utf8_general_ci NOT NULL COMMENT '联系方式',
  `status` char(1) CHARACTER SET utf8 COLLATE utf8_general_ci NOT NULL COMMENT '状态',
  `comment` varchar(200) CHARACTER SET utf8 COLLATE utf8_general_ci NULL DEFAULT NULL COMMENT '仓库说明',
  `create_by` varchar(50) CHARACTER SET utf8 COLLATE utf8_general_ci NOT NULL COMMENT '创建人',
  `create_time` datetime NOT NULL COMMENT '创建时间',
  `update_by` varchar(50) CHARACTER SET utf8 COLLATE utf8_general_ci NULL DEFAULT NULL COMMENT '更新人',
  `update_time` datetime NULL DEFAULT NULL COMMENT '更新时间',
  PRIMARY KEY (`id`) USING BTREE
) ENGINE = InnoDB AUTO_INCREMENT = 3 CHARACTER SET = utf8 COLLATE = utf8_general_ci COMMENT = '仓库' ROW_FORMAT = Dynamic;

-- ----------------------------
-- Records of asset_warehouse
-- ----------------------------
INSERT INTO `asset_warehouse` VALUES (1, '大仓库', '一楼', 1, '222', '1', NULL, 'admin', '2021-03-05 16:02:17', NULL, NULL);
INSERT INTO `asset_warehouse` VALUES (2, '杂物间', '三楼', 1, '234123', '1', NULL, 'admin', '2021-03-05 16:04:31', NULL, NULL);

-- ----------------------------
-- Table structure for gen_table
-- ----------------------------
DROP TABLE IF EXISTS `gen_table`;
CREATE TABLE `gen_table`  (
  `table_id` bigint(20) NOT NULL AUTO_INCREMENT COMMENT '编号',
  `table_name` varchar(200) CHARACTER SET utf8 COLLATE utf8_general_ci NULL DEFAULT '' COMMENT '表名称',
  `table_comment` varchar(500) CHARACTER SET utf8 COLLATE utf8_general_ci NULL DEFAULT '' COMMENT '表描述',
  `sub_table_name` varchar(64) CHARACTER SET utf8 COLLATE utf8_general_ci NULL DEFAULT NULL COMMENT '关联子表的表名',
  `sub_table_fk_name` varchar(64) CHARACTER SET utf8 COLLATE utf8_general_ci NULL DEFAULT NULL COMMENT '子表关联的外键名',
  `class_name` varchar(100) CHARACTER SET utf8 COLLATE utf8_general_ci NULL DEFAULT '' COMMENT '实体类名称',
  `tpl_category` varchar(200) CHARACTER SET utf8 COLLATE utf8_general_ci NULL DEFAULT 'crud' COMMENT '使用的模板（crud单表操作 tree树表操作）',
  `package_name` varchar(100) CHARACTER SET utf8 COLLATE utf8_general_ci NULL DEFAULT NULL COMMENT '生成包路径',
  `module_name` varchar(30) CHARACTER SET utf8 COLLATE utf8_general_ci NULL DEFAULT NULL COMMENT '生成模块名',
  `business_name` varchar(30) CHARACTER SET utf8 COLLATE utf8_general_ci NULL DEFAULT NULL COMMENT '生成业务名',
  `function_name` varchar(50) CHARACTER SET utf8 COLLATE utf8_general_ci NULL DEFAULT NULL COMMENT '生成功能名',
  `function_author` varchar(50) CHARACTER SET utf8 COLLATE utf8_general_ci NULL DEFAULT NULL COMMENT '生成功能作者',
  `gen_type` char(1) CHARACTER SET utf8 COLLATE utf8_general_ci NULL DEFAULT '0' COMMENT '生成代码方式（0zip压缩包 1自定义路径）',
  `gen_path` varchar(200) CHARACTER SET utf8 COLLATE utf8_general_ci NULL DEFAULT '/' COMMENT '生成路径（不填默认项目路径）',
  `options` varchar(1000) CHARACTER SET utf8 COLLATE utf8_general_ci NULL DEFAULT NULL COMMENT '其它生成选项',
  `create_by` varchar(64) CHARACTER SET utf8 COLLATE utf8_general_ci NULL DEFAULT '' COMMENT '创建者',
  `create_time` datetime NULL DEFAULT NULL COMMENT '创建时间',
  `update_by` varchar(64) CHARACTER SET utf8 COLLATE utf8_general_ci NULL DEFAULT '' COMMENT '更新者',
  `update_time` datetime NULL DEFAULT NULL COMMENT '更新时间',
  `remark` varchar(500) CHARACTER SET utf8 COLLATE utf8_general_ci NULL DEFAULT NULL COMMENT '备注',
  PRIMARY KEY (`table_id`) USING BTREE
) ENGINE = InnoDB AUTO_INCREMENT = 20 CHARACTER SET = utf8 COLLATE = utf8_general_ci COMMENT = '代码生成业务表' ROW_FORMAT = DYNAMIC;

-- ----------------------------
-- Records of gen_table
-- ----------------------------
INSERT INTO `gen_table` VALUES (1, 'sys_msg', '消息', NULL, NULL, 'SysMsg', 'crud', 'com.ruoyi.sys', 'sys', 'msg', '消息', 'yepanpan', '0', '/', '{\"parentMenuId\":\"2\"}', 'admin', '2021-02-25 17:34:22', '', '2021-02-25 17:53:53', NULL);
INSERT INTO `gen_table` VALUES (2, 'sys_chart', '报表', NULL, NULL, 'SysChart', 'crud', 'com.ruoyi.sys', 'sys', 'chart', '报表管理', 'yepanpan', '0', '/', '{\"parentMenuId\":2002}', 'admin', '2021-02-25 17:34:33', '', '2021-02-25 17:54:57', NULL);
INSERT INTO `gen_table` VALUES (3, 'sys_dataset', '数据集', NULL, NULL, 'SysDataset', 'crud', 'com.ruoyi.sys', 'sys', 'dataset', '数据集', 'yepanpan', '0', '/', '{\"parentMenuId\":2002}', 'admin', '2021-02-25 17:34:33', '', '2021-02-25 17:55:25', NULL);
INSERT INTO `gen_table` VALUES (4, 'xdata_client', '应用', NULL, NULL, 'XdataClient', 'crud', 'com.ruoyi.sys', 'sys', 'client', '应用管理', 'yepanpan', '0', '/', '{\"parentMenuId\":2001}', 'admin', '2021-02-25 17:34:43', '', '2021-02-25 18:31:56', NULL);
INSERT INTO `gen_table` VALUES (5, 'xdata_model', '模型', NULL, NULL, 'XdataModel', 'crud', 'com.ruoyi.sys', 'sys', 'model', '模型管理', 'yepanpan', '0', '/', '{\"parentMenuId\":2001}', 'admin', '2021-02-25 17:34:43', '', '2021-02-25 18:32:21', NULL);
INSERT INTO `gen_table` VALUES (6, 'xdata_pipe', '通道', NULL, NULL, 'XdataPipe', 'crud', 'com.ruoyi.sys', 'sys', 'pipe', '通道', 'yepanpan', '0', '/', '{\"parentMenuId\":2001}', 'admin', '2021-02-25 17:34:43', '', '2021-02-25 18:32:46', NULL);
INSERT INTO `gen_table` VALUES (7, 'asset_aptitude', '无形资产', NULL, NULL, 'AssetAptitude', 'crud', 'com.ruoyi.asset', 'asset', 'aptitude', '无形资产', 'yepanpan', '0', '/', '{\"parentMenuId\":2042}', 'admin', '2021-03-04 20:21:47', '', '2021-03-04 20:26:08', NULL);
INSERT INTO `gen_table` VALUES (8, 'asset_category', '资产分类', '', '', 'AssetCategory', 'tree', 'com.ruoyi.asset', 'asset', 'category', '资产分类', 'yepanpan', '0', '/', '{\"treeCode\":\"id\",\"treeName\":\"title\",\"treeParentCode\":\"pid\",\"parentMenuId\":\"2042\"}', 'admin', '2021-03-04 20:21:48', '', '2021-03-04 20:29:07', NULL);
INSERT INTO `gen_table` VALUES (9, 'asset_delivery', '出库', NULL, NULL, 'AssetDelivery', 'crud', 'com.ruoyi.asset', 'asset', 'delivery', '出库管理', 'yepanpan', '0', '/', '{\"parentMenuId\":2042}', 'admin', '2021-03-04 20:21:48', '', '2021-03-04 20:29:52', NULL);
INSERT INTO `gen_table` VALUES (10, 'asset_info', '资产信息', NULL, NULL, 'AssetInfo', 'crud', 'com.ruoyi.asset', 'asset', 'info', '资产信息', 'yepanpan', '0', '/', '{\"parentMenuId\":\"2042\"}', 'admin', '2021-03-04 20:21:48', '', '2021-03-05 09:10:41', NULL);
INSERT INTO `gen_table` VALUES (11, 'asset_material', '耗材信息', NULL, NULL, 'AssetMaterial', 'crud', 'com.ruoyi.asset', 'asset', 'material', '耗材信息', 'yepanpan', '0', '/', '{\"parentMenuId\":\"2042\"}', 'admin', '2021-03-04 20:21:48', '', '2021-03-05 09:11:14', NULL);
INSERT INTO `gen_table` VALUES (12, 'asset_pickup', '耗材领用', NULL, NULL, 'AssetPickup', 'crud', 'com.ruoyi.asset', 'asset', 'pickup', '耗材领用', 'yepanpan', '0', '/', '{\"parentMenuId\":\"2042\"}', 'admin', '2021-03-04 20:21:48', '', '2021-03-05 08:58:16', NULL);
INSERT INTO `gen_table` VALUES (13, 'asset_purchase', '采购申请', NULL, NULL, 'AssetPurchase', 'crud', 'com.ruoyi.asset', 'asset', 'purchase', '采购申请', 'yepanpan', '0', '/', '{\"parentMenuId\":\"2042\"}', 'admin', '2021-03-04 20:21:48', '', '2021-03-05 09:11:35', NULL);
INSERT INTO `gen_table` VALUES (14, 'asset_sales', '资产租售', NULL, NULL, 'AssetSales', 'crud', 'com.ruoyi.asset', 'asset', 'sales', '资产租售', 'yepanpan', '0', '/', '{\"parentMenuId\":\"2042\"}', 'admin', '2021-03-04 20:21:48', '', '2021-03-05 08:55:13', NULL);
INSERT INTO `gen_table` VALUES (15, 'asset_use', '使用申请', NULL, NULL, 'AssetUse', 'crud', 'com.ruoyi.asset', 'asset', 'use', '使用申请', 'yepanpan', '0', '/', '{\"parentMenuId\":\"2042\"}', 'admin', '2021-03-04 20:21:48', '', '2021-03-05 09:11:57', NULL);
INSERT INTO `gen_table` VALUES (16, 'asset_warehouse', '仓库', NULL, NULL, 'AssetWarehouse', 'crud', 'com.ruoyi.asset', 'asset', 'warehouse', '仓库', 'yepanpan', '0', '/', '{\"parentMenuId\":2042}', 'admin', '2021-03-04 20:21:48', '', '2021-03-04 20:25:23', NULL);
INSERT INTO `gen_table` VALUES (17, 'asset_entering', '入库', NULL, NULL, 'AssetEntering', 'crud', 'com.ruoyi.asset', 'asset', 'entering', '入库管理', 'yepanpan', '0', '/', '{\"parentMenuId\":\"2042\"}', 'admin', '2021-03-05 15:52:03', '', '2021-03-05 16:14:14', NULL);
INSERT INTO `gen_table` VALUES (18, 'asset_maintain', '资产维护', NULL, NULL, 'AssetMaintain', 'crud', 'com.ruoyi.asset', 'asset', 'maintain', '资产维护', 'yepanpan', '0', '/', '{\"parentMenuId\":\"2042\"}', 'admin', '2021-03-09 14:02:14', '', '2021-03-09 14:07:18', NULL);
INSERT INTO `gen_table` VALUES (19, 'asset_stock', '资产盘点', NULL, NULL, 'AssetStock', 'crud', 'com.ruoyi.asset', 'asset', 'stock', '资产盘点', 'yepanpan', '0', '/', '{\"parentMenuId\":2042}', 'admin', '2021-03-10 14:44:04', '', '2021-03-10 14:44:51', NULL);

-- ----------------------------
-- Table structure for gen_table_column
-- ----------------------------
DROP TABLE IF EXISTS `gen_table_column`;
CREATE TABLE `gen_table_column`  (
  `column_id` bigint(20) NOT NULL AUTO_INCREMENT COMMENT '编号',
  `table_id` varchar(64) CHARACTER SET utf8 COLLATE utf8_general_ci NULL DEFAULT NULL COMMENT '归属表编号',
  `column_name` varchar(200) CHARACTER SET utf8 COLLATE utf8_general_ci NULL DEFAULT NULL COMMENT '列名称',
  `column_comment` varchar(500) CHARACTER SET utf8 COLLATE utf8_general_ci NULL DEFAULT NULL COMMENT '列描述',
  `column_type` varchar(100) CHARACTER SET utf8 COLLATE utf8_general_ci NULL DEFAULT NULL COMMENT '列类型',
  `java_type` varchar(500) CHARACTER SET utf8 COLLATE utf8_general_ci NULL DEFAULT NULL COMMENT 'JAVA类型',
  `java_field` varchar(200) CHARACTER SET utf8 COLLATE utf8_general_ci NULL DEFAULT NULL COMMENT 'JAVA字段名',
  `is_pk` char(1) CHARACTER SET utf8 COLLATE utf8_general_ci NULL DEFAULT NULL COMMENT '是否主键（1是）',
  `is_increment` char(1) CHARACTER SET utf8 COLLATE utf8_general_ci NULL DEFAULT NULL COMMENT '是否自增（1是）',
  `is_required` char(1) CHARACTER SET utf8 COLLATE utf8_general_ci NULL DEFAULT NULL COMMENT '是否必填（1是）',
  `is_insert` char(1) CHARACTER SET utf8 COLLATE utf8_general_ci NULL DEFAULT NULL COMMENT '是否为插入字段（1是）',
  `is_edit` char(1) CHARACTER SET utf8 COLLATE utf8_general_ci NULL DEFAULT NULL COMMENT '是否编辑字段（1是）',
  `is_list` char(1) CHARACTER SET utf8 COLLATE utf8_general_ci NULL DEFAULT NULL COMMENT '是否列表字段（1是）',
  `is_query` char(1) CHARACTER SET utf8 COLLATE utf8_general_ci NULL DEFAULT NULL COMMENT '是否查询字段（1是）',
  `query_type` varchar(200) CHARACTER SET utf8 COLLATE utf8_general_ci NULL DEFAULT 'EQ' COMMENT '查询方式（等于、不等于、大于、小于、范围）',
  `html_type` varchar(200) CHARACTER SET utf8 COLLATE utf8_general_ci NULL DEFAULT NULL COMMENT '显示类型（文本框、文本域、下拉框、复选框、单选框、日期控件）',
  `dict_type` varchar(200) CHARACTER SET utf8 COLLATE utf8_general_ci NULL DEFAULT '' COMMENT '字典类型',
  `sort` int(11) NULL DEFAULT NULL COMMENT '排序',
  `create_by` varchar(64) CHARACTER SET utf8 COLLATE utf8_general_ci NULL DEFAULT '' COMMENT '创建者',
  `create_time` datetime NULL DEFAULT NULL COMMENT '创建时间',
  `update_by` varchar(64) CHARACTER SET utf8 COLLATE utf8_general_ci NULL DEFAULT '' COMMENT '更新者',
  `update_time` datetime NULL DEFAULT NULL COMMENT '更新时间',
  PRIMARY KEY (`column_id`) USING BTREE
) ENGINE = InnoDB AUTO_INCREMENT = 267 CHARACTER SET = utf8 COLLATE = utf8_general_ci COMMENT = '代码生成业务表字段' ROW_FORMAT = DYNAMIC;

-- ----------------------------
-- Records of gen_table_column
-- ----------------------------
INSERT INTO `gen_table_column` VALUES (1, '1', 'id', '自增长主键ID', 'int(11)', 'Long', 'id', '1', '1', NULL, '1', NULL, NULL, NULL, 'EQ', 'input', '', 1, 'admin', '2021-02-25 17:34:22', '', '2021-02-25 17:53:53');
INSERT INTO `gen_table_column` VALUES (2, '1', 'title', '标题', 'varchar(100)', 'String', 'title', '0', '0', '1', '1', '1', '1', '1', 'EQ', 'input', '', 2, 'admin', '2021-02-25 17:34:22', '', '2021-02-25 17:53:53');
INSERT INTO `gen_table_column` VALUES (3, '1', 'content', '内容', 'varchar(255)', 'String', 'content', '0', '0', '1', '1', '1', '1', '1', 'EQ', 'textarea', '', 3, 'admin', '2021-02-25 17:34:22', '', '2021-02-25 17:53:53');
INSERT INTO `gen_table_column` VALUES (4, '1', 'url', '链接', 'varchar(255)', 'String', 'url', '0', '0', NULL, '1', '1', '1', '1', 'EQ', 'input', '', 4, 'admin', '2021-02-25 17:34:22', '', '2021-02-25 17:53:53');
INSERT INTO `gen_table_column` VALUES (5, '1', 'type', '消息类型', 'varchar(1)', 'String', 'type', '0', '0', '1', '1', '1', '1', '1', 'EQ', 'radio', 'ext_msg_type', 5, 'admin', '2021-02-25 17:34:22', '', '2021-02-25 17:53:53');
INSERT INTO `gen_table_column` VALUES (6, '1', 'add_time', '发送时间', 'datetime', 'Date', 'addTime', '0', '0', NULL, '1', '1', '1', '1', 'EQ', 'datetime', '', 6, 'admin', '2021-02-25 17:34:22', '', '2021-02-25 17:53:53');
INSERT INTO `gen_table_column` VALUES (7, '1', 'add_user', '发信人', 'int(11)', 'Long', 'addUser', '0', '0', '1', '1', '1', '1', '1', 'EQ', 'input', '', 7, 'admin', '2021-02-25 17:34:22', '', '2021-02-25 17:53:53');
INSERT INTO `gen_table_column` VALUES (8, '1', 'add_user_name', '发信人姓名', 'varchar(255)', 'String', 'addUserName', '0', '0', '1', '1', '1', '1', '1', 'LIKE', 'input', '', 8, 'admin', '2021-02-25 17:34:22', '', '2021-02-25 17:53:53');
INSERT INTO `gen_table_column` VALUES (9, '1', 'to_user', '收信人', 'int(11)', 'Long', 'toUser', '0', '0', NULL, '1', '1', '1', '1', 'EQ', 'input', '', 9, 'admin', '2021-02-25 17:34:22', '', '2021-02-25 17:53:53');
INSERT INTO `gen_table_column` VALUES (10, '1', 'to_user_name', '收信人姓名', 'varchar(50)', 'String', 'toUserName', '0', '0', NULL, '1', '1', '1', '1', 'LIKE', 'input', '', 10, 'admin', '2021-02-25 17:34:22', '', '2021-02-25 17:53:53');
INSERT INTO `gen_table_column` VALUES (11, '1', 'read_time', '读取时间', 'datetime', 'Date', 'readTime', '0', '0', NULL, '1', '1', '1', '1', 'EQ', 'datetime', '', 11, 'admin', '2021-02-25 17:34:22', '', '2021-02-25 17:53:53');
INSERT INTO `gen_table_column` VALUES (12, '2', 'id', '自增长主键ID', 'int(11)', 'Long', 'id', '1', '1', NULL, '1', NULL, NULL, NULL, 'EQ', 'input', '', 1, 'admin', '2021-02-25 17:34:33', '', '2021-02-25 17:54:57');
INSERT INTO `gen_table_column` VALUES (13, '2', 'type', '类型', 'varchar(10)', 'String', 'type', '0', '0', '1', '1', '1', '1', '1', 'EQ', 'select', '', 2, 'admin', '2021-02-25 17:34:33', '', '2021-02-25 17:54:57');
INSERT INTO `gen_table_column` VALUES (14, '2', 'code', '代码', 'varchar(50)', 'String', 'code', '0', '0', '1', '1', '1', '1', '1', 'EQ', 'input', '', 3, 'admin', '2021-02-25 17:34:33', '', '2021-02-25 17:54:57');
INSERT INTO `gen_table_column` VALUES (15, '2', 'title', '名称', 'varchar(100)', 'String', 'title', '0', '0', '1', '1', '1', '1', '1', 'EQ', 'input', '', 4, 'admin', '2021-02-25 17:34:33', '', '2021-02-25 17:54:57');
INSERT INTO `gen_table_column` VALUES (16, '2', 'ds_id', '数据源', 'int(11)', 'Long', 'dsId', '0', '0', '1', '1', '1', '1', '1', 'EQ', 'input', '', 5, 'admin', '2021-02-25 17:34:33', '', '2021-02-25 17:54:57');
INSERT INTO `gen_table_column` VALUES (17, '2', 'xaxis', '横向坐标', 'varchar(50)', 'String', 'xaxis', '0', '0', NULL, '1', '1', '1', '1', 'EQ', 'input', '', 6, 'admin', '2021-02-25 17:34:33', '', '2021-02-25 17:54:57');
INSERT INTO `gen_table_column` VALUES (18, '2', 'yaxis', '纵向坐标', 'varchar(50)', 'String', 'yaxis', '0', '0', NULL, '1', '1', '1', '1', 'EQ', 'input', '', 7, 'admin', '2021-02-25 17:34:33', '', '2021-02-25 17:54:57');
INSERT INTO `gen_table_column` VALUES (19, '2', 'comment', '说明', 'varchar(200)', 'String', 'comment', '0', '0', NULL, '1', '1', '1', '1', 'EQ', 'input', '', 8, 'admin', '2021-02-25 17:34:33', '', '2021-02-25 17:54:57');
INSERT INTO `gen_table_column` VALUES (20, '2', 'list_sort', '排序', 'int(11)', 'Long', 'listSort', '0', '0', '1', '1', '1', '1', '1', 'EQ', 'input', '', 9, 'admin', '2021-02-25 17:34:33', '', '2021-02-25 17:54:57');
INSERT INTO `gen_table_column` VALUES (21, '2', 'status', '状态', 'char(1)', 'String', 'status', '0', '0', NULL, '1', '1', '1', '1', 'EQ', 'radio', '', 10, 'admin', '2021-02-25 17:34:33', '', '2021-02-25 17:54:57');
INSERT INTO `gen_table_column` VALUES (22, '3', 'id', '自增长主键ID', 'int(11)', 'Long', 'id', '1', '1', NULL, '1', NULL, NULL, NULL, 'EQ', 'input', '', 1, 'admin', '2021-02-25 17:34:33', '', '2021-02-25 17:55:25');
INSERT INTO `gen_table_column` VALUES (23, '3', 'type', '类型', 'char(10)', 'String', 'type', '0', '0', NULL, '1', '1', '1', '1', 'EQ', 'select', '', 2, 'admin', '2021-02-25 17:34:33', '', '2021-02-25 17:55:26');
INSERT INTO `gen_table_column` VALUES (24, '3', 'code', '代码', 'varchar(50)', 'String', 'code', '0', '0', '1', '1', '1', '1', '1', 'EQ', 'input', '', 3, 'admin', '2021-02-25 17:34:33', '', '2021-02-25 17:55:26');
INSERT INTO `gen_table_column` VALUES (25, '3', 'title', '名称', 'varchar(100)', 'String', 'title', '0', '0', '1', '1', '1', '1', '1', 'EQ', 'input', '', 4, 'admin', '2021-02-25 17:34:33', '', '2021-02-25 17:55:26');
INSERT INTO `gen_table_column` VALUES (26, '3', 'sqls', '查询SQL', 'text', 'String', 'sqls', '0', '0', '1', '1', '1', '1', '1', 'EQ', 'textarea', '', 5, 'admin', '2021-02-25 17:34:33', '', '2021-02-25 17:55:26');
INSERT INTO `gen_table_column` VALUES (27, '3', 'param', '参数', 'varchar(255)', 'String', 'param', '0', '0', NULL, '1', '1', '1', '1', 'EQ', 'input', '', 6, 'admin', '2021-02-25 17:34:33', '', '2021-02-25 17:55:26');
INSERT INTO `gen_table_column` VALUES (28, '3', 'list_sort', '排序', 'int(11)', 'Long', 'listSort', '0', '0', '1', '1', '1', '1', '1', 'EQ', 'input', '', 7, 'admin', '2021-02-25 17:34:33', '', '2021-02-25 17:55:26');
INSERT INTO `gen_table_column` VALUES (29, '3', 'comment', '说明', 'varchar(200)', 'String', 'comment', '0', '0', NULL, '1', '1', '1', '1', 'EQ', 'input', '', 8, 'admin', '2021-02-25 17:34:33', '', '2021-02-25 17:55:26');
INSERT INTO `gen_table_column` VALUES (30, '3', 'status', '状态', 'char(1)', 'String', 'status', '0', '0', NULL, '1', '1', '1', '1', 'EQ', 'radio', '', 9, 'admin', '2021-02-25 17:34:33', '', '2021-02-25 17:55:26');
INSERT INTO `gen_table_column` VALUES (31, '4', 'id', '自增长主键ID', 'int(11)', 'Long', 'id', '1', '1', NULL, '1', NULL, NULL, NULL, 'EQ', 'input', '', 1, 'admin', '2021-02-25 17:34:43', '', '2021-02-25 18:31:56');
INSERT INTO `gen_table_column` VALUES (32, '4', 'title', '应用名称', 'varchar(10)', 'String', 'title', '0', '0', '1', '1', '1', '1', '1', 'EQ', 'input', '', 2, 'admin', '2021-02-25 17:34:43', '', '2021-02-25 18:31:56');
INSERT INTO `gen_table_column` VALUES (33, '4', 'type', '类型', 'varchar(1)', 'String', 'type', '0', '0', '1', '1', '1', '1', '1', 'EQ', 'select', '', 3, 'admin', '2021-02-25 17:34:43', '', '2021-02-25 18:31:56');
INSERT INTO `gen_table_column` VALUES (34, '4', 'code', '应用代码', 'varchar(32)', 'String', 'code', '0', '0', '1', '1', '1', '1', '1', 'EQ', 'input', '', 4, 'admin', '2021-02-25 17:34:43', '', '2021-02-25 18:31:56');
INSERT INTO `gen_table_column` VALUES (35, '4', 'secret', '应用密钥', 'varchar(32)', 'String', 'secret', '0', '0', '1', '1', '1', '1', '1', 'EQ', 'input', '', 5, 'admin', '2021-02-25 17:34:43', '', '2021-02-25 18:31:56');
INSERT INTO `gen_table_column` VALUES (36, '4', 'url', '媒体附件', 'varchar(255)', 'String', 'url', '0', '0', NULL, '1', '1', '1', '1', 'EQ', 'input', '', 6, 'admin', '2021-02-25 17:34:43', '', '2021-02-25 18:31:56');
INSERT INTO `gen_table_column` VALUES (37, '4', 'icon', '图标', 'varchar(255)', 'String', 'icon', '0', '0', NULL, '1', '1', '1', '1', 'EQ', 'input', '', 7, 'admin', '2021-02-25 17:34:43', '', '2021-02-25 18:31:56');
INSERT INTO `gen_table_column` VALUES (38, '4', 'db_type', '数据库类型', 'char(1)', 'String', 'dbType', '0', '0', NULL, '1', '1', '1', '1', 'EQ', 'select', '', 8, 'admin', '2021-02-25 17:34:43', '', '2021-02-25 18:31:56');
INSERT INTO `gen_table_column` VALUES (39, '4', 'jdbc', '数据连接', 'varchar(255)', 'String', 'jdbc', '0', '0', NULL, '1', '1', '1', '1', 'EQ', 'input', '', 9, 'admin', '2021-02-25 17:34:43', '', '2021-02-25 18:31:56');
INSERT INTO `gen_table_column` VALUES (40, '4', 'db_user', '数据库账号', 'varchar(50)', 'String', 'dbUser', '0', '0', NULL, '1', '1', '1', '1', 'EQ', 'input', '', 10, 'admin', '2021-02-25 17:34:43', '', '2021-02-25 18:31:56');
INSERT INTO `gen_table_column` VALUES (41, '4', 'db_pass', '数据库密码', 'varchar(50)', 'String', 'dbPass', '0', '0', NULL, '1', '1', '1', '1', 'EQ', 'input', '', 11, 'admin', '2021-02-25 17:34:43', '', '2021-02-25 18:31:56');
INSERT INTO `gen_table_column` VALUES (42, '4', 'status', '状态', 'varchar(1)', 'String', 'status', '0', '0', '1', '1', '1', '1', '1', 'EQ', 'radio', '', 12, 'admin', '2021-02-25 17:34:43', '', '2021-02-25 18:31:56');
INSERT INTO `gen_table_column` VALUES (43, '5', 'id', '自增长主键ID', 'int(11)', 'Long', 'id', '1', '1', NULL, '1', NULL, NULL, NULL, 'EQ', 'input', '', 1, 'admin', '2021-02-25 17:34:43', '', '2021-02-25 18:32:21');
INSERT INTO `gen_table_column` VALUES (44, '5', 'title', '模型名称', 'varchar(10)', 'String', 'title', '0', '0', '1', '1', '1', '1', '1', 'EQ', 'input', '', 2, 'admin', '2021-02-25 17:34:43', '', '2021-02-25 18:32:21');
INSERT INTO `gen_table_column` VALUES (45, '5', 'type', '类型', 'varchar(1)', 'String', 'type', '0', '0', '1', '1', '1', '1', '1', 'EQ', 'select', '', 3, 'admin', '2021-02-25 17:34:43', '', '2021-02-25 18:32:21');
INSERT INTO `gen_table_column` VALUES (46, '5', 'tables', '数据表', 'varchar(100)', 'String', 'tables', '0', '0', '1', '1', '1', '1', '1', 'EQ', 'input', '', 4, 'admin', '2021-02-25 17:34:43', '', '2021-02-25 18:32:21');
INSERT INTO `gen_table_column` VALUES (47, '5', 'list_sort', '排序', 'int(11)', 'Long', 'listSort', '0', '0', NULL, '1', '1', '1', '1', 'EQ', 'input', '', 5, 'admin', '2021-02-25 17:34:43', '', '2021-02-25 18:32:21');
INSERT INTO `gen_table_column` VALUES (48, '5', 'status', '状态', 'varchar(1)', 'String', 'status', '0', '0', '1', '1', '1', '1', '1', 'EQ', 'radio', '', 6, 'admin', '2021-02-25 17:34:43', '', '2021-02-25 18:32:21');
INSERT INTO `gen_table_column` VALUES (49, '6', 'id', '自增长主键ID', 'int(11)', 'Long', 'id', '1', '1', NULL, '1', NULL, NULL, NULL, 'EQ', 'input', '', 1, 'admin', '2021-02-25 17:34:43', '', '2021-02-25 18:32:46');
INSERT INTO `gen_table_column` VALUES (50, '6', 'client_id', '应用', 'int(11)', 'Long', 'clientId', '0', '0', '1', '1', '1', '1', '1', 'EQ', 'input', '', 2, 'admin', '2021-02-25 17:34:43', '', '2021-02-25 18:32:46');
INSERT INTO `gen_table_column` VALUES (51, '6', 'model_id', '模型名称', 'int(11)', 'Long', 'modelId', '0', '0', '1', '1', '1', '1', '1', 'EQ', 'input', '', 3, 'admin', '2021-02-25 17:34:43', '', '2021-02-25 18:32:46');
INSERT INTO `gen_table_column` VALUES (52, '6', 'mode', '权限', 'varchar(1)', 'String', 'mode', '0', '0', '1', '1', '1', '1', '1', 'EQ', 'input', '', 4, 'admin', '2021-02-25 17:34:43', '', '2021-02-25 18:32:46');
INSERT INTO `gen_table_column` VALUES (53, '6', 'read_sql', '读取操作', 'varchar(500)', 'String', 'readSql', '0', '0', '1', '1', '1', '1', '1', 'EQ', 'textarea', '', 5, 'admin', '2021-02-25 17:34:43', '', '2021-02-25 18:32:46');
INSERT INTO `gen_table_column` VALUES (54, '6', 'insert_sql', '新增操作', 'varchar(1000)', 'String', 'insertSql', '0', '0', '1', '1', '1', '1', '1', 'EQ', 'textarea', '', 6, 'admin', '2021-02-25 17:34:43', '', '2021-02-25 18:32:46');
INSERT INTO `gen_table_column` VALUES (55, '6', 'update_sql', '更新操作', 'varchar(1000)', 'String', 'updateSql', '0', '0', '1', '1', '1', '1', '1', 'EQ', 'textarea', '', 7, 'admin', '2021-02-25 17:34:43', '', '2021-02-25 18:32:46');
INSERT INTO `gen_table_column` VALUES (56, '6', 'del_sql', '删除操作', 'varchar(255)', 'String', 'delSql', '0', '0', NULL, '1', '1', '1', '1', 'EQ', 'input', '', 8, 'admin', '2021-02-25 17:34:43', '', '2021-02-25 18:32:46');
INSERT INTO `gen_table_column` VALUES (57, '6', 'exist_sql', '查询操作', 'varchar(255)', 'String', 'existSql', '0', '0', '1', '1', '1', '1', '1', 'EQ', 'input', '', 9, 'admin', '2021-02-25 17:34:43', '', '2021-02-25 18:32:46');
INSERT INTO `gen_table_column` VALUES (58, '6', 'last_time', '上次同步时间', 'datetime', 'Date', 'lastTime', '0', '0', NULL, '1', '1', '1', '1', 'EQ', 'datetime', '', 10, 'admin', '2021-02-25 17:34:43', '', '2021-02-25 18:32:46');
INSERT INTO `gen_table_column` VALUES (59, '6', 'last_result', '上次同步结果', 'int(11)', 'Long', 'lastResult', '0', '0', NULL, '1', '1', '1', '1', 'EQ', 'input', '', 11, 'admin', '2021-02-25 17:34:43', '', '2021-02-25 18:32:46');
INSERT INTO `gen_table_column` VALUES (60, '6', 'list_sort', '优先级', 'int(11)', 'Long', 'listSort', '0', '0', NULL, '1', '1', '1', '1', 'EQ', 'input', '', 12, 'admin', '2021-02-25 17:34:43', '', '2021-02-25 18:32:46');
INSERT INTO `gen_table_column` VALUES (61, '6', 'status', '状态', 'varchar(1)', 'String', 'status', '0', '0', NULL, '1', '1', '1', '1', 'EQ', 'radio', '', 13, 'admin', '2021-02-25 17:34:43', '', '2021-02-25 18:32:46');
INSERT INTO `gen_table_column` VALUES (62, '7', 'id', '自增长主键ID', 'int(11)', 'Long', 'id', '1', '1', NULL, '1', NULL, NULL, NULL, 'EQ', 'input', '', 1, 'admin', '2021-03-04 20:21:47', '', '2021-03-04 20:26:08');
INSERT INTO `gen_table_column` VALUES (63, '7', 'name', '资产名', 'varchar(200)', 'String', 'name', '0', '0', '1', '1', '1', '1', '1', 'LIKE', 'input', '', 2, 'admin', '2021-03-04 20:21:47', '', '2021-03-04 20:26:08');
INSERT INTO `gen_table_column` VALUES (64, '7', 'img_id', '图片', 'int(11)', 'Long', 'imgId', '0', '0', NULL, '1', '1', '1', NULL, 'EQ', 'imageUpload', '', 3, 'admin', '2021-03-04 20:21:47', '', '2021-03-04 20:26:08');
INSERT INTO `gen_table_column` VALUES (65, '7', 'cate_id', '资产分类', 'int(11)', 'Long', 'cateId', '0', '0', '1', '1', '1', '1', '1', 'EQ', 'input', '', 4, 'admin', '2021-03-04 20:21:47', '', '2021-03-04 20:26:08');
INSERT INTO `gen_table_column` VALUES (66, '7', 'get_time', '获取时间', 'date', 'Date', 'getTime', '0', '0', NULL, '1', '1', '1', '1', 'EQ', 'datetime', '', 5, 'admin', '2021-03-04 20:21:47', '', '2021-03-04 20:26:08');
INSERT INTO `gen_table_column` VALUES (67, '7', 'comment', '资产说明', 'varchar(200)', 'String', 'comment', '0', '0', NULL, '1', '1', '1', NULL, 'EQ', 'input', '', 6, 'admin', '2021-03-04 20:21:47', '', '2021-03-04 20:26:08');
INSERT INTO `gen_table_column` VALUES (68, '7', 'create_by', '创建人', 'varchar(50)', 'String', 'createBy', '0', '0', '1', '1', NULL, NULL, NULL, 'EQ', 'input', '', 7, 'admin', '2021-03-04 20:21:47', '', '2021-03-04 20:26:08');
INSERT INTO `gen_table_column` VALUES (69, '7', 'create_time', '创建时间', 'datetime', 'Date', 'createTime', '0', '0', '1', '1', NULL, NULL, NULL, 'EQ', 'datetime', '', 8, 'admin', '2021-03-04 20:21:47', '', '2021-03-04 20:26:08');
INSERT INTO `gen_table_column` VALUES (70, '7', 'update_by', '更新人', 'varchar(50)', 'String', 'updateBy', '0', '0', '1', '1', NULL, NULL, NULL, 'EQ', 'input', '', 9, 'admin', '2021-03-04 20:21:47', '', '2021-03-04 20:26:08');
INSERT INTO `gen_table_column` VALUES (71, '7', 'update_time', '更新时间', 'datetime', 'Date', 'updateTime', '0', '0', '1', '1', NULL, NULL, NULL, 'EQ', 'datetime', '', 10, 'admin', '2021-03-04 20:21:48', '', '2021-03-04 20:26:08');
INSERT INTO `gen_table_column` VALUES (72, '8', 'id', '自增长主键ID', 'int(11)', 'Long', 'id', '1', '1', NULL, '1', NULL, NULL, NULL, 'EQ', 'input', '', 1, 'admin', '2021-03-04 20:21:48', '', '2021-03-04 20:29:07');
INSERT INTO `gen_table_column` VALUES (73, '8', 'title', '分类名称', 'varchar(100)', 'String', 'title', '0', '0', '1', '1', '1', '1', '1', 'EQ', 'input', '', 2, 'admin', '2021-03-04 20:21:48', '', '2021-03-04 20:29:07');
INSERT INTO `gen_table_column` VALUES (74, '8', 'pid', '上级', 'int(11)', 'Long', 'pid', '0', '0', '1', '1', '1', '1', NULL, 'EQ', 'input', '', 3, 'admin', '2021-03-04 20:21:48', '', '2021-03-04 20:29:07');
INSERT INTO `gen_table_column` VALUES (75, '8', 'type', '分类类别', 'char(1)', 'String', 'type', '0', '0', NULL, '1', '1', '1', '1', 'EQ', 'select', 'cate_type', 4, 'admin', '2021-03-04 20:21:48', '', '2021-03-04 20:29:07');
INSERT INTO `gen_table_column` VALUES (76, '8', 'list_sort', '排序', 'int(11)', 'Long', 'listSort', '0', '0', NULL, '1', '1', '1', NULL, 'EQ', 'input', '', 5, 'admin', '2021-03-04 20:21:48', '', '2021-03-04 20:29:07');
INSERT INTO `gen_table_column` VALUES (77, '8', 'status', '状态', 'char(1)', 'String', 'status', '0', '0', '1', '1', '1', '1', NULL, 'EQ', 'radio', 'ext_status', 6, 'admin', '2021-03-04 20:21:48', '', '2021-03-04 20:29:07');
INSERT INTO `gen_table_column` VALUES (78, '9', 'id', '自增长主键ID', 'int(11)', 'Long', 'id', '1', '1', NULL, '1', NULL, NULL, NULL, 'EQ', 'input', '', 1, 'admin', '2021-03-04 20:21:48', '', '2021-03-04 20:29:52');
INSERT INTO `gen_table_column` VALUES (79, '9', 'cate_id', '资产分类', 'int(11)', 'Long', 'cateId', '0', '0', '1', '1', '1', '1', '1', 'EQ', 'input', '', 2, 'admin', '2021-03-04 20:21:48', '', '2021-03-04 20:29:52');
INSERT INTO `gen_table_column` VALUES (80, '9', 'material_id', '耗材ID', 'int(11)', 'Long', 'materialId', '0', '0', NULL, '1', '1', '1', '1', 'EQ', 'input', '', 3, 'admin', '2021-03-04 20:21:48', '', '2021-03-04 20:29:52');
INSERT INTO `gen_table_column` VALUES (81, '9', 'asset_id', '资产ID', 'int(11)', 'Long', 'assetId', '0', '0', NULL, '1', '1', '1', '1', 'EQ', 'input', '', 4, 'admin', '2021-03-04 20:21:48', '', '2021-03-04 20:29:52');
INSERT INTO `gen_table_column` VALUES (82, '9', 'amount', '出库数量', 'float(10,3)', 'BigDecimal', 'amount', '0', '0', '1', '1', '1', '1', NULL, 'EQ', 'input', '', 5, 'admin', '2021-03-04 20:21:48', '', '2021-03-04 20:29:52');
INSERT INTO `gen_table_column` VALUES (83, '9', 'house_id', '仓库', 'int(11)', 'Long', 'houseId', '0', '0', NULL, '1', '1', '1', '1', 'EQ', 'input', '', 6, 'admin', '2021-03-04 20:21:48', '', '2021-03-04 20:29:52');
INSERT INTO `gen_table_column` VALUES (84, '9', 'recv_user_id', '接收人', 'int(11)', 'Long', 'recvUserId', '0', '0', NULL, '1', '1', '1', '1', 'EQ', 'input', '', 7, 'admin', '2021-03-04 20:21:48', '', '2021-03-04 20:29:52');
INSERT INTO `gen_table_column` VALUES (85, '9', 'img_id', '确认单', 'int(11)', 'Long', 'imgId', '0', '0', NULL, '1', '1', '1', NULL, 'EQ', 'imageUpload', '', 8, 'admin', '2021-03-04 20:21:48', '', '2021-03-04 20:29:52');
INSERT INTO `gen_table_column` VALUES (86, '9', 'create_by', '创建人', 'varchar(50)', 'String', 'createBy', '0', '0', '1', '1', NULL, NULL, NULL, 'EQ', 'input', '', 9, 'admin', '2021-03-04 20:21:48', '', '2021-03-04 20:29:52');
INSERT INTO `gen_table_column` VALUES (87, '9', 'create_time', '创建时间', 'datetime', 'Date', 'createTime', '0', '0', '1', '1', NULL, NULL, NULL, 'EQ', 'datetime', '', 10, 'admin', '2021-03-04 20:21:48', '', '2021-03-04 20:29:52');
INSERT INTO `gen_table_column` VALUES (88, '9', 'update_by', '更新人', 'varchar(50)', 'String', 'updateBy', '0', '0', '1', '1', NULL, NULL, NULL, 'EQ', 'input', '', 11, 'admin', '2021-03-04 20:21:48', '', '2021-03-04 20:29:52');
INSERT INTO `gen_table_column` VALUES (89, '9', 'update_time', '更新时间', 'datetime', 'Date', 'updateTime', '0', '0', '1', '1', NULL, NULL, NULL, 'EQ', 'datetime', '', 12, 'admin', '2021-03-04 20:21:48', '', '2021-03-04 20:29:52');
INSERT INTO `gen_table_column` VALUES (90, '10', 'id', '自增长主键ID', 'int(11)', 'Long', 'id', '1', '1', NULL, '1', NULL, NULL, NULL, 'EQ', 'input', '', 1, 'admin', '2021-03-04 20:21:48', '', '2021-03-05 09:10:41');
INSERT INTO `gen_table_column` VALUES (91, '10', 'cate_id', '资产分类', 'int(11)', 'Long', 'cateId', '0', '0', '1', '1', '1', '1', '1', 'EQ', 'input', '', 2, 'admin', '2021-03-04 20:21:48', '', '2021-03-05 09:10:41');
INSERT INTO `gen_table_column` VALUES (92, '10', 'num', '资产编号', 'varchar(200)', 'String', 'num', '0', '0', '1', '1', '1', '1', '1', 'EQ', 'input', '', 3, 'admin', '2021-03-04 20:21:48', '', '2021-03-05 09:10:41');
INSERT INTO `gen_table_column` VALUES (93, '10', 'name', '产品名称', 'varchar(200)', 'String', 'name', '0', '0', '1', '1', '1', '1', '1', 'LIKE', 'input', '', 4, 'admin', '2021-03-04 20:21:48', '', '2021-03-05 09:10:41');
INSERT INTO `gen_table_column` VALUES (95, '10', 'factory', '厂商', 'varchar(200)', 'String', 'factory', '0', '0', NULL, '1', '1', '1', NULL, 'EQ', 'input', '', 6, 'admin', '2021-03-04 20:21:48', '', '2021-03-05 09:10:41');
INSERT INTO `gen_table_column` VALUES (96, '10', 'proxy', '购买渠道', 'varchar(200)', 'String', 'proxy', '0', '0', NULL, '1', '1', '1', NULL, 'EQ', 'input', '', 7, 'admin', '2021-03-04 20:21:48', '', '2021-03-05 09:10:41');
INSERT INTO `gen_table_column` VALUES (97, '10', 'price', '当前价值', 'float(10,3)', 'BigDecimal', 'price', '0', '0', '1', '1', '1', '1', NULL, 'EQ', 'input', '', 8, 'admin', '2021-03-04 20:21:48', '', '2021-03-05 09:10:41');
INSERT INTO `gen_table_column` VALUES (98, '10', 'price1', '市场价格', 'float(10,3)', 'BigDecimal', 'price1', '0', '0', NULL, '1', '1', '1', NULL, 'EQ', 'input', '', 9, 'admin', '2021-03-04 20:21:48', '', '2021-03-05 09:10:41');
INSERT INTO `gen_table_column` VALUES (99, '10', 'price2', '购买价格', 'float(10,3)', 'BigDecimal', 'price2', '0', '0', NULL, '1', '1', '1', NULL, 'EQ', 'input', '', 10, 'admin', '2021-03-04 20:21:48', '', '2021-03-05 09:10:41');
INSERT INTO `gen_table_column` VALUES (100, '10', 'house_id', '仓库', 'int(11)', 'Long', 'houseId', '0', '0', NULL, '1', '1', '1', '1', 'EQ', 'input', '', 11, 'admin', '2021-03-04 20:21:48', '', '2021-03-05 09:10:41');
INSERT INTO `gen_table_column` VALUES (101, '10', 'img_id', '图例', 'int(11)', 'Long', 'imgId', '0', '0', NULL, '1', '1', '1', NULL, 'EQ', 'imageUpload', '', 12, 'admin', '2021-03-04 20:21:48', '', '2021-03-05 09:10:41');
INSERT INTO `gen_table_column` VALUES (102, '10', 'comment', '资产说明', 'varchar(200)', 'String', 'comment', '0', '0', NULL, '1', '1', '1', NULL, 'EQ', 'input', '', 13, 'admin', '2021-03-04 20:21:48', '', '2021-03-05 09:10:41');
INSERT INTO `gen_table_column` VALUES (103, '10', 'status', '资产状态', 'char(1)', 'String', 'status', '0', '0', NULL, '1', '1', '1', '1', 'EQ', 'radio', 'asset_status', 14, 'admin', '2021-03-04 20:21:48', '', '2021-03-05 09:10:41');
INSERT INTO `gen_table_column` VALUES (104, '10', 'use_user_id', '使用人', 'int(11)', 'Long', 'useUserId', '0', '0', NULL, '1', '1', '1', '1', 'EQ', 'input', '', 15, 'admin', '2021-03-04 20:21:48', '', '2021-03-05 09:10:41');
INSERT INTO `gen_table_column` VALUES (105, '10', 'finish_time', '预计归还时间', 'datetime', 'Date', 'finishTime', '0', '0', NULL, '1', '1', '1', NULL, 'EQ', 'datetime', '', 16, 'admin', '2021-03-04 20:21:48', '', '2021-03-05 09:10:41');
INSERT INTO `gen_table_column` VALUES (106, '10', 'create_by', '创建人', 'varchar(50)', 'String', 'createBy', '0', '0', '1', '1', NULL, NULL, NULL, 'EQ', 'input', '', 17, 'admin', '2021-03-04 20:21:48', '', '2021-03-05 09:10:41');
INSERT INTO `gen_table_column` VALUES (107, '10', 'create_time', '创建时间', 'datetime', 'Date', 'createTime', '0', '0', '1', '1', NULL, NULL, NULL, 'EQ', 'datetime', '', 18, 'admin', '2021-03-04 20:21:48', '', '2021-03-05 09:10:41');
INSERT INTO `gen_table_column` VALUES (108, '10', 'update_by', '更新人', 'varchar(50)', 'String', 'updateBy', '0', '0', '1', '1', NULL, NULL, NULL, 'EQ', 'input', '', 19, 'admin', '2021-03-04 20:21:48', '', '2021-03-05 09:10:41');
INSERT INTO `gen_table_column` VALUES (109, '10', 'update_time', '更新时间', 'datetime', 'Date', 'updateTime', '0', '0', '1', '1', NULL, NULL, NULL, 'EQ', 'datetime', '', 20, 'admin', '2021-03-04 20:21:48', '', '2021-03-05 09:10:41');
INSERT INTO `gen_table_column` VALUES (110, '11', 'id', '自增长主键ID', 'int(11)', 'Long', 'id', '1', '1', NULL, '1', NULL, NULL, NULL, 'EQ', 'input', '', 1, 'admin', '2021-03-04 20:21:48', '', '2021-03-05 09:11:14');
INSERT INTO `gen_table_column` VALUES (111, '11', 'cate_id', '资产分类', 'int(11)', 'Long', 'cateId', '0', '0', '1', '1', '1', '1', '1', 'EQ', 'input', '', 2, 'admin', '2021-03-04 20:21:48', '', '2021-03-05 09:11:14');
INSERT INTO `gen_table_column` VALUES (112, '11', 'name', '产品名称', 'varchar(200)', 'String', 'name', '0', '0', '1', '1', '1', '1', '1', 'LIKE', 'input', '', 3, 'admin', '2021-03-04 20:21:48', '', '2021-03-05 09:11:14');
INSERT INTO `gen_table_column` VALUES (114, '11', 'factory', '厂商', 'varchar(200)', 'String', 'factory', '0', '0', NULL, '1', '1', '1', NULL, 'EQ', 'input', '', 5, 'admin', '2021-03-04 20:21:48', '', '2021-03-05 09:11:14');
INSERT INTO `gen_table_column` VALUES (115, '11', 'proxy', '购买渠道', 'varchar(200)', 'String', 'proxy', '0', '0', NULL, '1', '1', '1', NULL, 'EQ', 'input', '', 6, 'admin', '2021-03-04 20:21:48', '', '2021-03-05 09:11:14');
INSERT INTO `gen_table_column` VALUES (116, '11', 'unit', '计量单位', 'varchar(10)', 'String', 'unit', '0', '0', '1', '1', '1', '1', NULL, 'EQ', 'input', '', 7, 'admin', '2021-03-04 20:21:48', '', '2021-03-05 09:11:14');
INSERT INTO `gen_table_column` VALUES (117, '11', 'amount', '库存数量', 'float(10,3)', 'BigDecimal', 'amount', '0', '0', '1', '1', '1', '1', NULL, 'EQ', 'input', '', 8, 'admin', '2021-03-04 20:21:48', '', '2021-03-05 09:11:14');
INSERT INTO `gen_table_column` VALUES (118, '11', 'price1', '市场价格', 'float(10,3)', 'BigDecimal', 'price1', '0', '0', NULL, '1', '1', '1', NULL, 'EQ', 'input', '', 9, 'admin', '2021-03-04 20:21:48', '', '2021-03-05 09:11:14');
INSERT INTO `gen_table_column` VALUES (119, '11', 'price2', '购买价格', 'float(10,3)', 'BigDecimal', 'price2', '0', '0', NULL, '1', '1', '1', NULL, 'EQ', 'input', '', 10, 'admin', '2021-03-04 20:21:48', '', '2021-03-05 09:11:14');
INSERT INTO `gen_table_column` VALUES (120, '11', 'house_id', '仓库', 'int(11)', 'Long', 'houseId', '0', '0', NULL, '1', '1', '1', '1', 'EQ', 'input', '', 11, 'admin', '2021-03-04 20:21:48', '', '2021-03-05 09:11:14');
INSERT INTO `gen_table_column` VALUES (121, '11', 'comment', '耗材说明', 'varchar(200)', 'String', 'comment', '0', '0', NULL, '1', '1', '1', NULL, 'EQ', 'input', '', 12, 'admin', '2021-03-04 20:21:48', '', '2021-03-05 09:11:14');
INSERT INTO `gen_table_column` VALUES (122, '11', 'status', '耗材状态', 'char(1)', 'String', 'status', '0', '0', NULL, '1', '1', '1', '1', 'EQ', 'radio', 'asset_status', 13, 'admin', '2021-03-04 20:21:48', '', '2021-03-05 09:11:14');
INSERT INTO `gen_table_column` VALUES (123, '11', 'create_by', '创建人', 'varchar(50)', 'String', 'createBy', '0', '0', '1', '1', NULL, NULL, NULL, 'EQ', 'input', '', 14, 'admin', '2021-03-04 20:21:48', '', '2021-03-05 09:11:14');
INSERT INTO `gen_table_column` VALUES (124, '11', 'create_time', '创建时间', 'datetime', 'Date', 'createTime', '0', '0', '1', '1', NULL, NULL, NULL, 'EQ', 'datetime', '', 15, 'admin', '2021-03-04 20:21:48', '', '2021-03-05 09:11:14');
INSERT INTO `gen_table_column` VALUES (125, '11', 'update_by', '更新人', 'varchar(50)', 'String', 'updateBy', '0', '0', '1', '1', '1', NULL, NULL, 'EQ', 'input', '', 16, 'admin', '2021-03-04 20:21:48', '', '2021-03-05 09:11:14');
INSERT INTO `gen_table_column` VALUES (126, '11', 'update_time', '更新时间', 'datetime', 'Date', 'updateTime', '0', '0', '1', '1', '1', NULL, NULL, 'EQ', 'datetime', '', 17, 'admin', '2021-03-04 20:21:48', '', '2021-03-05 09:11:14');
INSERT INTO `gen_table_column` VALUES (127, '12', 'id', '自增长主键ID', 'int(11)', 'Long', 'id', '1', '1', NULL, '1', NULL, NULL, NULL, 'EQ', 'input', '', 1, 'admin', '2021-03-04 20:21:48', '', '2021-03-05 08:58:16');
INSERT INTO `gen_table_column` VALUES (128, '12', 'cate_id', '资产分类', 'int(11)', 'Long', 'cateId', '0', '0', '1', '1', '1', '1', '1', 'EQ', 'input', '', 2, 'admin', '2021-03-04 20:21:48', '', '2021-03-05 08:58:16');
INSERT INTO `gen_table_column` VALUES (129, '12', 'material_id', '耗材ID', 'int(11)', 'Long', 'materialId', '0', '0', '1', '1', '1', '1', '1', 'EQ', 'input', '', 3, 'admin', '2021-03-04 20:21:48', '', '2021-03-05 08:58:16');
INSERT INTO `gen_table_column` VALUES (130, '12', 'amount', '领用数量', 'float(10,3)', 'BigDecimal', 'amount', '0', '0', '1', '1', '1', '1', NULL, 'EQ', 'input', '', 4, 'admin', '2021-03-04 20:21:48', '', '2021-03-05 08:58:16');
INSERT INTO `gen_table_column` VALUES (131, '12', 'reason', '申请原由', 'varchar(200)', 'String', 'reason', '0', '0', '1', '1', '1', '1', NULL, 'EQ', 'input', '', 5, 'admin', '2021-03-04 20:21:48', '', '2021-03-05 08:58:16');
INSERT INTO `gen_table_column` VALUES (132, '12', 'comment', '申请说明', 'varchar(200)', 'String', 'comment', '0', '0', NULL, '1', '1', '1', NULL, 'EQ', 'input', '', 6, 'admin', '2021-03-04 20:21:48', '', '2021-03-05 08:58:16');
INSERT INTO `gen_table_column` VALUES (133, '12', 'check_user_id', '审核人', 'int(11)', 'Long', 'checkUserId', '0', '0', NULL, '1', '1', '1', NULL, 'EQ', 'input', '', 7, 'admin', '2021-03-04 20:21:48', '', '2021-03-05 08:58:16');
INSERT INTO `gen_table_column` VALUES (134, '12', 'check_status', '审核结果', 'char(1)', 'String', 'checkStatus', '0', '0', NULL, '1', '1', '1', '1', 'EQ', 'radio', 'check_status', 8, 'admin', '2021-03-04 20:21:48', '', '2021-03-05 08:58:16');
INSERT INTO `gen_table_column` VALUES (135, '12', 'check_time', '审核时间', 'datetime', 'Date', 'checkTime', '0', '0', NULL, '1', '1', '1', NULL, 'EQ', 'datetime', '', 9, 'admin', '2021-03-04 20:21:48', '', '2021-03-05 08:58:16');
INSERT INTO `gen_table_column` VALUES (136, '12', 'check_reason', '审核不通过原因', 'varchar(200)', 'String', 'checkReason', '0', '0', NULL, '1', '1', '1', NULL, 'EQ', 'input', '', 10, 'admin', '2021-03-04 20:21:48', '', '2021-03-05 08:58:16');
INSERT INTO `gen_table_column` VALUES (137, '12', 'create_by', '创建人', 'varchar(50)', 'String', 'createBy', '0', '0', NULL, '1', NULL, NULL, NULL, 'EQ', 'input', '', 11, 'admin', '2021-03-04 20:21:48', '', '2021-03-05 08:58:16');
INSERT INTO `gen_table_column` VALUES (138, '12', 'create_time', '创建时间', 'datetime', 'Date', 'createTime', '0', '0', NULL, '1', NULL, NULL, NULL, 'EQ', 'datetime', '', 12, 'admin', '2021-03-04 20:21:48', '', '2021-03-05 08:58:16');
INSERT INTO `gen_table_column` VALUES (139, '12', 'update_by', '更新人', 'varchar(50)', 'String', 'updateBy', '0', '0', NULL, '1', NULL, NULL, NULL, 'EQ', 'input', '', 13, 'admin', '2021-03-04 20:21:48', '', '2021-03-05 08:58:16');
INSERT INTO `gen_table_column` VALUES (140, '12', 'update_time', '更新时间', 'datetime', 'Date', 'updateTime', '0', '0', NULL, '1', NULL, NULL, NULL, 'EQ', 'datetime', '', 14, 'admin', '2021-03-04 20:21:48', '', '2021-03-05 08:58:16');
INSERT INTO `gen_table_column` VALUES (141, '13', 'id', '自增长主键ID', 'int(11)', 'Long', 'id', '1', '1', NULL, '1', NULL, NULL, NULL, 'EQ', 'input', '', 1, 'admin', '2021-03-04 20:21:48', '', '2021-03-05 09:11:35');
INSERT INTO `gen_table_column` VALUES (142, '13', 'cate_id', '资产分类', 'int(11)', 'Long', 'cateId', '0', '0', '1', '1', '1', '1', '1', 'EQ', 'input', '', 2, 'admin', '2021-03-04 20:21:48', '', '2021-03-05 09:11:35');
INSERT INTO `gen_table_column` VALUES (143, '13', 'name', '产品名称', 'varchar(200)', 'String', 'name', '0', '0', '1', '1', '1', '1', '1', 'LIKE', 'input', '', 3, 'admin', '2021-03-04 20:21:48', '', '2021-03-05 09:11:35');
INSERT INTO `gen_table_column` VALUES (145, '13', 'factory', '厂商', 'varchar(200)', 'String', 'factory', '0', '0', NULL, '1', '1', '1', NULL, 'EQ', 'input', '', 5, 'admin', '2021-03-04 20:21:48', '', '2021-03-05 09:11:35');
INSERT INTO `gen_table_column` VALUES (146, '13', 'proxy', '购买渠道', 'varchar(200)', 'String', 'proxy', '0', '0', NULL, '1', '1', '1', NULL, 'EQ', 'input', '', 6, 'admin', '2021-03-04 20:21:48', '', '2021-03-05 09:11:35');
INSERT INTO `gen_table_column` VALUES (147, '13', 'amount', '购买数量', 'float(10,3)', 'BigDecimal', 'amount', '0', '0', '1', '1', '1', '1', NULL, 'EQ', 'input', '', 7, 'admin', '2021-03-04 20:21:48', '', '2021-03-05 09:11:35');
INSERT INTO `gen_table_column` VALUES (148, '13', 'price1', '市场价格', 'float(10,3)', 'BigDecimal', 'price1', '0', '0', NULL, '1', '1', '1', NULL, 'EQ', 'input', '', 8, 'admin', '2021-03-04 20:21:48', '', '2021-03-05 09:11:35');
INSERT INTO `gen_table_column` VALUES (149, '13', 'price2', '购买价格', 'float(10,3)', 'BigDecimal', 'price2', '0', '0', NULL, '1', '1', '1', NULL, 'EQ', 'input', '', 9, 'admin', '2021-03-04 20:21:48', '', '2021-03-05 09:11:35');
INSERT INTO `gen_table_column` VALUES (150, '13', 'reason', '申请原由', 'varchar(200)', 'String', 'reason', '0', '0', '1', '1', '1', NULL, NULL, 'EQ', 'input', '', 10, 'admin', '2021-03-04 20:21:48', '', '2021-03-05 09:11:35');
INSERT INTO `gen_table_column` VALUES (151, '13', 'comment', '申请说明', 'varchar(200)', 'String', 'comment', '0', '0', NULL, '1', '1', NULL, NULL, 'EQ', 'input', '', 11, 'admin', '2021-03-04 20:21:48', '', '2021-03-05 09:11:35');
INSERT INTO `gen_table_column` VALUES (152, '13', 'check_user_id', '审核人', 'int(11)', 'Long', 'checkUserId', '0', '0', NULL, '1', '1', '1', NULL, 'EQ', 'input', '', 12, 'admin', '2021-03-04 20:21:48', '', '2021-03-05 09:11:35');
INSERT INTO `gen_table_column` VALUES (153, '13', 'check_status', '审核结果', 'char(1)', 'String', 'checkStatus', '0', '0', NULL, '1', '1', '1', '1', 'EQ', 'radio', 'check_status', 13, 'admin', '2021-03-04 20:21:48', '', '2021-03-05 09:11:35');
INSERT INTO `gen_table_column` VALUES (154, '13', 'check_time', '审核时间', 'datetime', 'Date', 'checkTime', '0', '0', NULL, '1', '1', '1', NULL, 'EQ', 'datetime', '', 14, 'admin', '2021-03-04 20:21:48', '', '2021-03-05 09:11:35');
INSERT INTO `gen_table_column` VALUES (155, '13', 'check_reason', '审核不通过原因', 'varchar(200)', 'String', 'checkReason', '0', '0', NULL, '1', '1', NULL, NULL, 'EQ', 'input', '', 15, 'admin', '2021-03-04 20:21:48', '', '2021-03-05 09:11:35');
INSERT INTO `gen_table_column` VALUES (156, '13', 'create_by', '创建人', 'varchar(50)', 'String', 'createBy', '0', '0', NULL, '1', NULL, NULL, NULL, 'EQ', 'input', '', 16, 'admin', '2021-03-04 20:21:48', '', '2021-03-05 09:11:35');
INSERT INTO `gen_table_column` VALUES (157, '13', 'master_user_id', '采购负责人', 'int(11)', 'Long', 'masterUserId', '0', '0', NULL, '1', '1', '1', NULL, 'EQ', 'input', '', 17, 'admin', '2021-03-04 20:21:48', '', '2021-03-05 09:11:35');
INSERT INTO `gen_table_column` VALUES (158, '13', 'finish_time', '完成时间', 'datetime', 'Date', 'finishTime', '0', '0', NULL, '1', '1', '1', NULL, 'EQ', 'datetime', '', 18, 'admin', '2021-03-04 20:21:48', '', '2021-03-05 09:11:35');
INSERT INTO `gen_table_column` VALUES (159, '13', 'is_complete', '是否完成', 'char(1)', 'String', 'isComplete', '0', '0', NULL, '1', '1', '1', '1', 'EQ', 'input', '', 19, 'admin', '2021-03-04 20:21:48', '', '2021-03-05 09:11:35');
INSERT INTO `gen_table_column` VALUES (160, '13', 'create_time', '创建时间', 'datetime', 'Date', 'createTime', '0', '0', NULL, '1', NULL, NULL, NULL, 'EQ', 'datetime', '', 20, 'admin', '2021-03-04 20:21:48', '', '2021-03-05 09:11:35');
INSERT INTO `gen_table_column` VALUES (161, '13', 'update_by', '更新人', 'varchar(50)', 'String', 'updateBy', '0', '0', NULL, '1', NULL, NULL, NULL, 'EQ', 'input', '', 21, 'admin', '2021-03-04 20:21:48', '', '2021-03-05 09:11:35');
INSERT INTO `gen_table_column` VALUES (162, '13', 'update_time', '更新时间', 'datetime', 'Date', 'updateTime', '0', '0', NULL, '1', NULL, NULL, NULL, 'EQ', 'datetime', '', 22, 'admin', '2021-03-04 20:21:48', '', '2021-03-05 09:11:35');
INSERT INTO `gen_table_column` VALUES (163, '14', 'id', '自增长主键ID', 'int(11)', 'Long', 'id', '1', '1', NULL, '1', NULL, NULL, NULL, 'EQ', 'input', '', 1, 'admin', '2021-03-04 20:21:48', '', '2021-03-05 08:55:13');
INSERT INTO `gen_table_column` VALUES (164, '14', 'cate_id', '资产分类', 'int(11)', 'Long', 'cateId', '0', '0', '1', '1', '1', '1', '1', 'EQ', 'input', '', 2, 'admin', '2021-03-04 20:21:48', '', '2021-03-05 08:55:13');
INSERT INTO `gen_table_column` VALUES (165, '14', 'material_id', '耗材ID', 'int(11)', 'Long', 'materialId', '0', '0', NULL, '1', '1', '1', '1', 'EQ', 'input', '', 3, 'admin', '2021-03-04 20:21:48', '', '2021-03-05 08:55:13');
INSERT INTO `gen_table_column` VALUES (166, '14', 'asset_id', '资产ID', 'int(11)', 'Long', 'assetId', '0', '0', NULL, '1', '1', '1', '1', 'EQ', 'input', '', 4, 'admin', '2021-03-04 20:21:48', '', '2021-03-05 08:55:13');
INSERT INTO `gen_table_column` VALUES (167, '14', 'type', '租售类型', 'char(1)', 'String', 'type', '0', '0', NULL, '1', '1', '1', '1', 'EQ', 'select', 'sales_type', 5, 'admin', '2021-03-04 20:21:48', '', '2021-03-05 08:55:13');
INSERT INTO `gen_table_column` VALUES (168, '14', 'amount', '数量', 'float(10,3)', 'BigDecimal', 'amount', '0', '0', NULL, '1', '1', '1', NULL, 'EQ', 'input', '', 6, 'admin', '2021-03-04 20:21:48', '', '2021-03-05 08:55:13');
INSERT INTO `gen_table_column` VALUES (169, '14', 'price', '总价', 'float(10,3)', 'BigDecimal', 'price', '0', '0', NULL, '1', '1', '1', NULL, 'EQ', 'input', '', 7, 'admin', '2021-03-04 20:21:48', '', '2021-03-05 08:55:13');
INSERT INTO `gen_table_column` VALUES (170, '14', 'reason', '租售原由', 'varchar(200)', 'String', 'reason', '0', '0', '1', '1', '1', NULL, NULL, 'EQ', 'input', '', 8, 'admin', '2021-03-04 20:21:48', '', '2021-03-05 08:55:13');
INSERT INTO `gen_table_column` VALUES (171, '14', 'master_user_id', '负责人', 'int(11)', 'Long', 'masterUserId', '0', '0', NULL, '1', '1', '1', '1', 'EQ', 'input', '', 9, 'admin', '2021-03-04 20:21:48', '', '2021-03-05 08:55:13');
INSERT INTO `gen_table_column` VALUES (172, '14', 'start_time', '开始时间', 'datetime', 'Date', 'startTime', '0', '0', NULL, '1', '1', '1', '1', 'EQ', 'datetime', '', 10, 'admin', '2021-03-04 20:21:48', '', '2021-03-05 08:55:13');
INSERT INTO `gen_table_column` VALUES (173, '14', 'finish_time', '完成时间', 'datetime', 'Date', 'finishTime', '0', '0', NULL, '1', '1', '1', '1', 'EQ', 'datetime', '', 11, 'admin', '2021-03-04 20:21:48', '', '2021-03-05 08:55:13');
INSERT INTO `gen_table_column` VALUES (174, '14', 'create_by', '创建人', 'varchar(50)', 'String', 'createBy', '0', '0', NULL, '1', NULL, NULL, NULL, 'EQ', 'input', '', 12, 'admin', '2021-03-04 20:21:48', '', '2021-03-05 08:55:13');
INSERT INTO `gen_table_column` VALUES (175, '14', 'is_complete', '是否完成', 'char(1)', 'String', 'isComplete', '0', '0', NULL, '1', '1', '1', '1', 'EQ', 'input', '', 13, 'admin', '2021-03-04 20:21:48', '', '2021-03-05 08:55:13');
INSERT INTO `gen_table_column` VALUES (176, '14', 'create_time', '创建时间', 'datetime', 'Date', 'createTime', '0', '0', NULL, '1', NULL, NULL, NULL, 'EQ', 'datetime', '', 14, 'admin', '2021-03-04 20:21:48', '', '2021-03-05 08:55:13');
INSERT INTO `gen_table_column` VALUES (177, '14', 'update_by', '更新人', 'varchar(50)', 'String', 'updateBy', '0', '0', NULL, '1', NULL, NULL, NULL, 'EQ', 'input', '', 15, 'admin', '2021-03-04 20:21:48', '', '2021-03-05 08:55:13');
INSERT INTO `gen_table_column` VALUES (178, '14', 'update_time', '更新时间', 'datetime', 'Date', 'updateTime', '0', '0', NULL, '1', NULL, NULL, NULL, 'EQ', 'datetime', '', 16, 'admin', '2021-03-04 20:21:48', '', '2021-03-05 08:55:13');
INSERT INTO `gen_table_column` VALUES (179, '15', 'id', '自增长主键ID', 'int(11)', 'Long', 'id', '1', '1', NULL, '1', NULL, NULL, NULL, 'EQ', 'input', '', 1, 'admin', '2021-03-04 20:21:48', '', '2021-03-05 09:11:57');
INSERT INTO `gen_table_column` VALUES (180, '15', 'cate_id', '资产分类', 'int(11)', 'Long', 'cateId', '0', '0', '1', '1', '1', '1', '1', 'EQ', 'input', '', 2, 'admin', '2021-03-04 20:21:48', '', '2021-03-05 09:11:57');
INSERT INTO `gen_table_column` VALUES (182, '15', 'reason', '申请原由', 'varchar(200)', 'String', 'reason', '0', '0', '1', '1', '1', NULL, NULL, 'EQ', 'input', '', 4, 'admin', '2021-03-04 20:21:48', '', '2021-03-05 09:11:57');
INSERT INTO `gen_table_column` VALUES (183, '15', 'comment', '申请说明', 'varchar(200)', 'String', 'comment', '0', '0', NULL, '1', '1', NULL, NULL, 'EQ', 'input', '', 5, 'admin', '2021-03-04 20:21:48', '', '2021-03-05 09:11:57');
INSERT INTO `gen_table_column` VALUES (184, '15', 'check_user_id', '审核人', 'int(11)', 'Long', 'checkUserId', '0', '0', NULL, '1', '1', '1', '1', 'EQ', 'input', '', 6, 'admin', '2021-03-04 20:21:48', '', '2021-03-05 09:11:57');
INSERT INTO `gen_table_column` VALUES (185, '15', 'check_status', '审核结果', 'char(1)', 'String', 'checkStatus', '0', '0', NULL, '1', '1', '1', '1', 'EQ', 'radio', 'check_status', 7, 'admin', '2021-03-04 20:21:48', '', '2021-03-05 09:11:57');
INSERT INTO `gen_table_column` VALUES (186, '15', 'check_time', '审核时间', 'datetime', 'Date', 'checkTime', '0', '0', NULL, '1', '1', '1', NULL, 'EQ', 'datetime', '', 8, 'admin', '2021-03-04 20:21:48', '', '2021-03-05 09:11:57');
INSERT INTO `gen_table_column` VALUES (187, '15', 'check_reason', '审核不通过原因', 'varchar(200)', 'String', 'checkReason', '0', '0', NULL, '1', '1', NULL, NULL, 'EQ', 'input', '', 9, 'admin', '2021-03-04 20:21:48', '', '2021-03-05 09:11:57');
INSERT INTO `gen_table_column` VALUES (188, '15', 'start_time', '开始时间', 'datetime', 'Date', 'startTime', '0', '0', NULL, '1', '1', '1', '1', 'EQ', 'datetime', '', 10, 'admin', '2021-03-04 20:21:48', '', '2021-03-05 09:11:57');
INSERT INTO `gen_table_column` VALUES (189, '15', 'finish_time', '结束时间', 'datetime', 'Date', 'finishTime', '0', '0', NULL, '1', '1', '1', '1', 'EQ', 'datetime', '', 11, 'admin', '2021-03-04 20:21:48', '', '2021-03-05 09:11:57');
INSERT INTO `gen_table_column` VALUES (190, '15', 'asset_id', '资产ID', 'int(11)', 'Long', 'assetId', '0', '0', NULL, '1', '1', '1', '1', 'EQ', 'input', '', 12, 'admin', '2021-03-04 20:21:48', '', '2021-03-05 09:11:57');
INSERT INTO `gen_table_column` VALUES (191, '15', 'is_revert', '是否归还', 'char(1)', 'String', 'isRevert', '0', '0', NULL, '1', '1', '1', '1', 'EQ', 'input', '', 13, 'admin', '2021-03-04 20:21:48', '', '2021-03-05 09:11:57');
INSERT INTO `gen_table_column` VALUES (192, '15', 'revert_time', '归还时间', 'datetime', 'Date', 'revertTime', '0', '0', NULL, '1', '1', '1', NULL, 'EQ', 'datetime', '', 14, 'admin', '2021-03-04 20:21:48', '', '2021-03-05 09:11:57');
INSERT INTO `gen_table_column` VALUES (193, '15', 'create_by', '创建人', 'varchar(50)', 'String', 'createBy', '0', '0', NULL, '1', NULL, NULL, '1', 'EQ', 'input', '', 15, 'admin', '2021-03-04 20:21:48', '', '2021-03-05 09:11:57');
INSERT INTO `gen_table_column` VALUES (194, '15', 'create_time', '创建时间', 'datetime', 'Date', 'createTime', '0', '0', NULL, '1', NULL, NULL, NULL, 'EQ', 'datetime', '', 16, 'admin', '2021-03-04 20:21:48', '', '2021-03-05 09:11:57');
INSERT INTO `gen_table_column` VALUES (195, '15', 'update_by', '更新人', 'varchar(50)', 'String', 'updateBy', '0', '0', NULL, '1', NULL, NULL, NULL, 'EQ', 'input', '', 17, 'admin', '2021-03-04 20:21:48', '', '2021-03-05 09:11:57');
INSERT INTO `gen_table_column` VALUES (196, '15', 'update_time', '更新时间', 'datetime', 'Date', 'updateTime', '0', '0', NULL, '1', NULL, NULL, NULL, 'EQ', 'datetime', '', 18, 'admin', '2021-03-04 20:21:48', '', '2021-03-05 09:11:57');
INSERT INTO `gen_table_column` VALUES (197, '16', 'id', '自增长主键ID', 'int(11)', 'Long', 'id', '1', '1', NULL, '1', NULL, NULL, NULL, 'EQ', 'input', '', 1, 'admin', '2021-03-04 20:21:48', '', '2021-03-04 20:25:23');
INSERT INTO `gen_table_column` VALUES (198, '16', 'title', '个仓库名称', 'varchar(200)', 'String', 'title', '0', '0', '1', '1', '1', '1', '1', 'EQ', 'input', '', 2, 'admin', '2021-03-04 20:21:48', '', '2021-03-04 20:25:23');
INSERT INTO `gen_table_column` VALUES (199, '16', 'address', '地址', 'varchar(200)', 'String', 'address', '0', '0', '1', '1', '1', '1', '1', 'EQ', 'input', '', 3, 'admin', '2021-03-04 20:21:48', '', '2021-03-04 20:25:23');
INSERT INTO `gen_table_column` VALUES (200, '16', 'master_user_id', '负责人', 'int(11)', 'Long', 'masterUserId', '0', '0', '1', '1', '1', '1', '1', 'EQ', 'input', '', 4, 'admin', '2021-03-04 20:21:48', '', '2021-03-04 20:25:23');
INSERT INTO `gen_table_column` VALUES (201, '16', 'links', '联系方式', 'varchar(50)', 'String', 'links', '0', '0', '1', '1', '1', '1', '1', 'EQ', 'input', '', 5, 'admin', '2021-03-04 20:21:48', '', '2021-03-04 20:25:23');
INSERT INTO `gen_table_column` VALUES (202, '16', 'status', '状态', 'char(1)', 'String', 'status', '0', '0', '1', '1', '1', '1', '1', 'EQ', 'radio', 'ext_status', 6, 'admin', '2021-03-04 20:21:48', '', '2021-03-04 20:25:23');
INSERT INTO `gen_table_column` VALUES (203, '16', 'comment', '仓库说明', 'varchar(200)', 'String', 'comment', '0', '0', NULL, '1', '1', '1', '1', 'EQ', 'input', '', 7, 'admin', '2021-03-04 20:21:48', '', '2021-03-04 20:25:23');
INSERT INTO `gen_table_column` VALUES (204, '16', 'create_by', '创建人', 'varchar(50)', 'String', 'createBy', '0', '0', '1', '1', NULL, NULL, NULL, 'EQ', 'input', '', 8, 'admin', '2021-03-04 20:21:48', '', '2021-03-04 20:25:23');
INSERT INTO `gen_table_column` VALUES (205, '16', 'create_time', '创建时间', 'datetime', 'Date', 'createTime', '0', '0', '1', '1', NULL, NULL, NULL, 'EQ', 'datetime', '', 9, 'admin', '2021-03-04 20:21:48', '', '2021-03-04 20:25:23');
INSERT INTO `gen_table_column` VALUES (206, '16', 'update_by', '更新人', 'varchar(50)', 'String', 'updateBy', '0', '0', '1', '1', '1', NULL, NULL, 'EQ', 'input', '', 10, 'admin', '2021-03-04 20:21:48', '', '2021-03-04 20:25:23');
INSERT INTO `gen_table_column` VALUES (207, '16', 'update_time', '更新时间', 'datetime', 'Date', 'updateTime', '0', '0', '1', '1', '1', NULL, NULL, 'EQ', 'datetime', '', 11, 'admin', '2021-03-04 20:21:48', '', '2021-03-04 20:25:23');
INSERT INTO `gen_table_column` VALUES (208, '10', 'param', '参数', 'text', 'String', 'param', '0', '0', '1', '1', '1', NULL, NULL, 'EQ', 'textarea', '', 5, '', '2021-03-05 09:10:25', '', '2021-03-05 09:10:41');
INSERT INTO `gen_table_column` VALUES (209, '11', 'param', '参数', 'text', 'String', 'param', '0', '0', '1', '1', '1', NULL, NULL, 'EQ', 'textarea', '', 4, '', '2021-03-05 09:10:53', '', '2021-03-05 09:11:14');
INSERT INTO `gen_table_column` VALUES (210, '13', 'param', '参数要求', 'text', 'String', 'param', '0', '0', '1', '1', '1', NULL, NULL, 'EQ', 'textarea', '', 4, '', '2021-03-05 09:11:01', '', '2021-03-05 09:11:35');
INSERT INTO `gen_table_column` VALUES (211, '15', 'param', '参数要求', 'text', 'String', 'param', '0', '0', '1', '1', '1', NULL, NULL, 'EQ', 'textarea', '', 3, '', '2021-03-05 09:11:03', '', '2021-03-05 09:11:57');
INSERT INTO `gen_table_column` VALUES (212, '17', 'id', '自增长主键ID', 'int(11)', 'Long', 'id', '1', '1', NULL, '1', NULL, NULL, NULL, 'EQ', 'input', '', 1, 'admin', '2021-03-05 15:52:03', '', '2021-03-05 16:14:14');
INSERT INTO `gen_table_column` VALUES (213, '17', 'cate_id', '资产分类', 'int(11)', 'Long', 'cateId', '0', '0', '1', '1', '1', '1', '1', 'EQ', 'input', '', 2, 'admin', '2021-03-05 15:52:03', '', '2021-03-05 16:14:14');
INSERT INTO `gen_table_column` VALUES (214, '17', 'purchase_id', '采购订单', 'int(11)', 'Long', 'purchaseId', '0', '0', NULL, '1', '1', '1', '1', 'EQ', 'input', '', 3, 'admin', '2021-03-05 15:52:03', '', '2021-03-05 16:14:14');
INSERT INTO `gen_table_column` VALUES (215, '17', 'house_id', '仓库', 'int(11)', 'Long', 'houseId', '0', '0', NULL, '1', '1', '1', '1', 'EQ', 'input', '', 4, 'admin', '2021-03-05 15:52:03', '', '2021-03-05 16:14:14');
INSERT INTO `gen_table_column` VALUES (216, '17', 'name', '产品名称', 'varchar(200)', 'String', 'name', '0', '0', '1', '1', '1', '1', '1', 'LIKE', 'input', '', 5, 'admin', '2021-03-05 15:52:03', '', '2021-03-05 16:14:14');
INSERT INTO `gen_table_column` VALUES (218, '17', 'factory', '厂商', 'varchar(200)', 'String', 'factory', '0', '0', NULL, '1', '1', '1', NULL, 'EQ', 'input', '', 7, 'admin', '2021-03-05 15:52:03', '', '2021-03-05 16:14:14');
INSERT INTO `gen_table_column` VALUES (219, '17', 'proxy', '购买渠道', 'varchar(200)', 'String', 'proxy', '0', '0', NULL, '1', '1', '1', NULL, 'EQ', 'input', '', 8, 'admin', '2021-03-05 15:52:03', '', '2021-03-05 16:14:14');
INSERT INTO `gen_table_column` VALUES (220, '17', 'amount', '购买数量', 'float(10,3)', 'BigDecimal', 'amount', '0', '0', '1', '1', '1', '1', NULL, 'EQ', 'input', '', 9, 'admin', '2021-03-05 15:52:03', '', '2021-03-05 16:14:14');
INSERT INTO `gen_table_column` VALUES (221, '17', 'price1', '市场价格', 'float(10,3)', 'BigDecimal', 'price1', '0', '0', NULL, '1', '1', '1', NULL, 'EQ', 'input', '', 10, 'admin', '2021-03-05 15:52:03', '', '2021-03-05 16:14:14');
INSERT INTO `gen_table_column` VALUES (222, '17', 'price2', '购买价格', 'float(10,3)', 'BigDecimal', 'price2', '0', '0', NULL, '1', '1', '1', NULL, 'EQ', 'input', '', 11, 'admin', '2021-03-05 15:52:03', '', '2021-03-05 16:14:14');
INSERT INTO `gen_table_column` VALUES (223, '17', 'recv_user_id', '接收人', 'int(11)', 'Long', 'recvUserId', '0', '0', NULL, '1', '1', '1', '1', 'EQ', 'input', '', 12, 'admin', '2021-03-05 15:52:03', '', '2021-03-05 16:14:14');
INSERT INTO `gen_table_column` VALUES (224, '17', 'recv_time', '接收时间', 'datetime', 'Date', 'recvTime', '0', '0', '1', '1', '1', '1', '1', 'EQ', 'datetime', '', 13, 'admin', '2021-03-05 15:52:03', '', '2021-03-05 16:14:14');
INSERT INTO `gen_table_column` VALUES (225, '17', 'img_id', '收货单', 'int(11)', 'Long', 'imgId', '0', '0', NULL, '1', '1', '1', NULL, 'EQ', 'imageUpload', '', 14, 'admin', '2021-03-05 15:52:03', '', '2021-03-05 16:14:14');
INSERT INTO `gen_table_column` VALUES (226, '17', 'create_by', '创建人', 'varchar(50)', 'String', 'createBy', '0', '0', NULL, '1', NULL, NULL, NULL, 'EQ', 'input', '', 15, 'admin', '2021-03-05 15:52:03', '', '2021-03-05 16:14:14');
INSERT INTO `gen_table_column` VALUES (227, '17', 'create_time', '创建时间', 'datetime', 'Date', 'createTime', '0', '0', NULL, '1', NULL, NULL, NULL, 'EQ', 'datetime', '', 16, 'admin', '2021-03-05 15:52:03', '', '2021-03-05 16:14:14');
INSERT INTO `gen_table_column` VALUES (228, '17', 'update_by', '更新人', 'varchar(50)', 'String', 'updateBy', '0', '0', NULL, '1', NULL, NULL, NULL, 'EQ', 'input', '', 17, 'admin', '2021-03-05 15:52:03', '', '2021-03-05 16:14:14');
INSERT INTO `gen_table_column` VALUES (229, '17', 'update_time', '更新时间', 'datetime', 'Date', 'updateTime', '0', '0', NULL, '1', NULL, NULL, NULL, 'EQ', 'datetime', '', 18, 'admin', '2021-03-05 15:52:03', '', '2021-03-05 16:14:14');
INSERT INTO `gen_table_column` VALUES (230, '17', 'param', '参数要求', 'text', 'String', 'param', '0', '0', '1', '1', '1', '1', '1', 'EQ', 'textarea', '', 6, '', '2021-03-05 16:14:00', '', '2021-03-05 16:14:14');
INSERT INTO `gen_table_column` VALUES (231, '18', 'id', '自增长主键ID', 'int(11)', 'Long', 'id', '1', '1', NULL, '1', NULL, NULL, NULL, 'EQ', 'input', '', 1, 'admin', '2021-03-09 14:02:14', '', '2021-03-09 14:07:18');
INSERT INTO `gen_table_column` VALUES (232, '18', 'cate_id', '资产分类', 'int(11)', 'Long', 'cateId', '0', '0', '1', '1', '1', '1', '1', 'EQ', 'input', '', 2, 'admin', '2021-03-09 14:02:14', '', '2021-03-09 14:07:18');
INSERT INTO `gen_table_column` VALUES (233, '18', 'asset_id', '资产ID', 'int(11)', 'Long', 'assetId', '0', '0', NULL, '1', '1', '1', '1', 'EQ', 'input', '', 3, 'admin', '2021-03-09 14:02:14', '', '2021-03-09 14:07:18');
INSERT INTO `gen_table_column` VALUES (234, '18', 'type', '维护类型', 'char(1)', 'String', 'type', '0', '0', NULL, '1', '1', '1', '1', 'EQ', 'select', 'maintain_type', 4, 'admin', '2021-03-09 14:02:14', '', '2021-03-09 14:07:18');
INSERT INTO `gen_table_column` VALUES (235, '18', 'reason', '维护原由', 'varchar(200)', 'String', 'reason', '0', '0', '1', '1', '1', '1', '1', 'EQ', 'input', '', 5, 'admin', '2021-03-09 14:02:14', '', '2021-03-09 14:07:18');
INSERT INTO `gen_table_column` VALUES (236, '18', 'master_user_id', '负责人', 'int(11)', 'Long', 'masterUserId', '0', '0', NULL, '1', '1', '1', '1', 'EQ', 'input', '', 6, 'admin', '2021-03-09 14:02:14', '', '2021-03-09 14:07:18');
INSERT INTO `gen_table_column` VALUES (237, '18', 'start_time', '开始时间', 'datetime', 'Date', 'startTime', '0', '0', NULL, '1', '1', '1', '1', 'EQ', 'datetime', '', 7, 'admin', '2021-03-09 14:02:14', '', '2021-03-09 14:07:18');
INSERT INTO `gen_table_column` VALUES (238, '18', 'finish_time', '完成时间', 'datetime', 'Date', 'finishTime', '0', '0', NULL, '1', '1', '1', '1', 'EQ', 'datetime', '', 8, 'admin', '2021-03-09 14:02:14', '', '2021-03-09 14:07:18');
INSERT INTO `gen_table_column` VALUES (239, '18', 'create_by', '创建人', 'varchar(50)', 'String', 'createBy', '0', '0', '1', '1', NULL, NULL, NULL, 'EQ', 'input', '', 9, 'admin', '2021-03-09 14:02:14', '', '2021-03-09 14:07:18');
INSERT INTO `gen_table_column` VALUES (240, '18', 'is_complete', '是否完成', 'char(1)', 'String', 'isComplete', '0', '0', NULL, '1', '1', '1', '1', 'EQ', 'select', 'sys_yes_no', 10, 'admin', '2021-03-09 14:02:14', '', '2021-03-09 14:07:18');
INSERT INTO `gen_table_column` VALUES (241, '18', 'comment', '维修说明', 'text', 'String', 'comment', '0', '0', NULL, '1', '1', '1', '1', 'EQ', 'editor', '', 11, 'admin', '2021-03-09 14:02:14', '', '2021-03-09 14:07:18');
INSERT INTO `gen_table_column` VALUES (242, '18', 'result', '维修结果', 'char(1)', 'String', 'result', '0', '0', NULL, '1', '1', '1', '1', 'EQ', 'select', 'maintain_result', 12, 'admin', '2021-03-09 14:02:14', '', '2021-03-09 14:07:18');
INSERT INTO `gen_table_column` VALUES (243, '18', 'create_time', '创建时间', 'datetime', 'Date', 'createTime', '0', '0', '1', '1', NULL, NULL, NULL, 'EQ', 'datetime', '', 13, 'admin', '2021-03-09 14:02:14', '', '2021-03-09 14:07:18');
INSERT INTO `gen_table_column` VALUES (244, '18', 'update_by', '更新人', 'varchar(50)', 'String', 'updateBy', '0', '0', '1', '1', '1', NULL, NULL, 'EQ', 'input', '', 14, 'admin', '2021-03-09 14:02:14', '', '2021-03-09 14:07:18');
INSERT INTO `gen_table_column` VALUES (245, '18', 'update_time', '更新时间', 'datetime', 'Date', 'updateTime', '0', '0', '1', '1', '1', NULL, NULL, 'EQ', 'datetime', '', 15, 'admin', '2021-03-09 14:02:14', '', '2021-03-09 14:07:18');
INSERT INTO `gen_table_column` VALUES (246, '18', 'check_user_id', '审核人', 'int(11)', 'Long', 'checkUserId', '0', '0', NULL, '1', '1', '1', '1', 'EQ', 'input', '', 6, '', '2021-03-09 14:03:59', '', '2021-03-09 14:07:18');
INSERT INTO `gen_table_column` VALUES (247, '18', 'check_status', '审核结果', 'char(1)', 'String', 'checkStatus', '0', '0', NULL, '1', '1', '1', '1', 'EQ', 'radio', 'check_status', 7, '', '2021-03-09 14:03:59', '', '2021-03-09 14:07:18');
INSERT INTO `gen_table_column` VALUES (248, '18', 'check_time', '审核时间', 'datetime', 'Date', 'checkTime', '0', '0', NULL, '1', '1', '1', '1', 'EQ', 'datetime', '', 8, '', '2021-03-09 14:03:59', '', '2021-03-09 14:07:18');
INSERT INTO `gen_table_column` VALUES (249, '18', 'check_reason', '审核不通过原因', 'varchar(200)', 'String', 'checkReason', '0', '0', NULL, '1', '1', '1', '1', 'EQ', 'input', '', 9, '', '2021-03-09 14:03:59', '', '2021-03-09 14:07:18');
INSERT INTO `gen_table_column` VALUES (250, '19', 'id', '自增长主键ID', 'int(11)', 'Long', 'id', '1', '1', NULL, '1', NULL, NULL, NULL, 'EQ', 'input', '', 1, 'admin', '2021-03-10 14:44:04', '', '2021-03-10 14:44:51');
INSERT INTO `gen_table_column` VALUES (251, '19', 'year', '年度', 'int(4)', 'Integer', 'year', '0', '0', '1', '1', '1', '1', '1', 'EQ', 'datetime', '', 2, 'admin', '2021-03-10 14:44:04', '', '2021-03-10 14:44:51');
INSERT INTO `gen_table_column` VALUES (252, '19', 'worth', '资产总值', 'float(10,2)', 'BigDecimal', 'worth', '0', '0', NULL, '1', '1', '1', NULL, 'EQ', 'input', '', 3, 'admin', '2021-03-10 14:44:04', '', '2021-03-10 14:44:51');
INSERT INTO `gen_table_column` VALUES (253, '19', 'asset_count', '固定资产总数', 'int(11)', 'Long', 'assetCount', '0', '0', NULL, '1', '1', '1', NULL, 'EQ', 'input', '', 4, 'admin', '2021-03-10 14:44:04', '', '2021-03-10 14:44:51');
INSERT INTO `gen_table_column` VALUES (254, '19', 'asset_worth', '固定资产总值', 'float(10,2)', 'BigDecimal', 'assetWorth', '0', '0', NULL, '1', '1', '1', NULL, 'EQ', 'input', '', 5, 'admin', '2021-03-10 14:44:04', '', '2021-03-10 14:44:51');
INSERT INTO `gen_table_column` VALUES (255, '19', 'material_count', '耗材总类', 'int(11)', 'Long', 'materialCount', '0', '0', NULL, '1', '1', '1', NULL, 'EQ', 'input', '', 6, 'admin', '2021-03-10 14:44:04', '', '2021-03-10 14:44:51');
INSERT INTO `gen_table_column` VALUES (256, '19', 'material_worth', '耗材资产总值', 'float(10,2)', 'BigDecimal', 'materialWorth', '0', '0', NULL, '1', '1', '1', NULL, 'EQ', 'input', '', 7, 'admin', '2021-03-10 14:44:04', '', '2021-03-10 14:44:51');
INSERT INTO `gen_table_column` VALUES (257, '19', 'scrap_count', '报废资产总数', 'int(11)', 'Long', 'scrapCount', '0', '0', NULL, '1', '1', '1', NULL, 'EQ', 'input', '', 8, 'admin', '2021-03-10 14:44:04', '', '2021-03-10 14:44:51');
INSERT INTO `gen_table_column` VALUES (258, '19', 'scrap_worth', '报废资产总值', 'int(11)', 'Long', 'scrapWorth', '0', '0', NULL, '1', '1', '1', NULL, 'EQ', 'input', '', 9, 'admin', '2021-03-10 14:44:04', '', '2021-03-10 14:44:51');
INSERT INTO `gen_table_column` VALUES (259, '19', 'maintain_count', '资产维护次数', 'int(11)', 'Long', 'maintainCount', '0', '0', NULL, '1', '1', '1', NULL, 'EQ', 'input', '', 10, 'admin', '2021-03-10 14:44:04', '', '2021-03-10 14:44:51');
INSERT INTO `gen_table_column` VALUES (260, '19', 'purchase_count', '采购次数', 'int(11)', 'Long', 'purchaseCount', '0', '0', NULL, '1', '1', '1', NULL, 'EQ', 'input', '', 11, 'admin', '2021-03-10 14:44:04', '', '2021-03-10 14:44:51');
INSERT INTO `gen_table_column` VALUES (261, '19', 'purchase_worth', '采购总值', 'float(10,2)', 'BigDecimal', 'purchaseWorth', '0', '0', NULL, '1', '1', '1', NULL, 'EQ', 'input', '', 12, 'admin', '2021-03-10 14:44:04', '', '2021-03-10 14:44:51');
INSERT INTO `gen_table_column` VALUES (262, '19', 'comment', '盘点说明', 'text', 'String', 'comment', '0', '0', NULL, '1', '1', '1', NULL, 'EQ', 'textarea', '', 13, 'admin', '2021-03-10 14:44:04', '', '2021-03-10 14:44:51');
INSERT INTO `gen_table_column` VALUES (263, '19', 'create_by', '创建人', 'varchar(50)', 'String', 'createBy', '0', '0', '1', '1', NULL, NULL, NULL, 'EQ', 'input', '', 14, 'admin', '2021-03-10 14:44:04', '', '2021-03-10 14:44:51');
INSERT INTO `gen_table_column` VALUES (264, '19', 'create_time', '创建时间', 'datetime', 'Date', 'createTime', '0', '0', '1', '1', NULL, NULL, NULL, 'EQ', 'datetime', '', 15, 'admin', '2021-03-10 14:44:04', '', '2021-03-10 14:44:51');
INSERT INTO `gen_table_column` VALUES (265, '19', 'update_by', '更新人', 'varchar(50)', 'String', 'updateBy', '0', '0', '1', '1', NULL, NULL, NULL, 'EQ', 'input', '', 16, 'admin', '2021-03-10 14:44:04', '', '2021-03-10 14:44:51');
INSERT INTO `gen_table_column` VALUES (266, '19', 'update_time', '更新时间', 'datetime', 'Date', 'updateTime', '0', '0', '1', '1', NULL, NULL, NULL, 'EQ', 'datetime', '', 17, 'admin', '2021-03-10 14:44:04', '', '2021-03-10 14:44:51');

-- ----------------------------
-- Table structure for sys_chart
-- ----------------------------
DROP TABLE IF EXISTS `sys_chart`;
CREATE TABLE `sys_chart`  (
  `id` int(11) NOT NULL AUTO_INCREMENT COMMENT '自增长主键ID',
  `type` varchar(10) CHARACTER SET utf8 COLLATE utf8_general_ci NOT NULL DEFAULT '' COMMENT '类型',
  `code` varchar(50) CHARACTER SET utf8 COLLATE utf8_general_ci NOT NULL COMMENT '代码',
  `title` varchar(100) CHARACTER SET utf8 COLLATE utf8_general_ci NOT NULL COMMENT '名称',
  `ds_id` int(11) NOT NULL COMMENT '数据源',
  `xaxis` varchar(50) CHARACTER SET utf8 COLLATE utf8_general_ci NULL DEFAULT NULL COMMENT '横向坐标',
  `yaxis` varchar(50) CHARACTER SET utf8 COLLATE utf8_general_ci NULL DEFAULT NULL COMMENT '纵向坐标',
  `comment` varchar(200) CHARACTER SET utf8 COLLATE utf8_general_ci NULL DEFAULT NULL COMMENT '说明',
  `list_sort` int(11) NOT NULL COMMENT '排序',
  `status` char(1) CHARACTER SET utf8 COLLATE utf8_general_ci NULL DEFAULT '1' COMMENT '状态',
  PRIMARY KEY (`id`) USING BTREE,
  UNIQUE INDEX `code`(`code`) USING BTREE COMMENT '代码不能重复'
) ENGINE = InnoDB AUTO_INCREMENT = 19 CHARACTER SET = utf8 COLLATE = utf8_general_ci COMMENT = '报表' ROW_FORMAT = DYNAMIC;

-- ----------------------------
-- Records of sys_chart
-- ----------------------------
INSERT INTO `sys_chart` VALUES (1, 'line', 'student_grade', '按年级统计在校生', 2, 'grade=年级', 'total=学生数', NULL, 1, '1');
INSERT INTO `sys_chart` VALUES (2, 'bar', 'student_grade2', '年级学生柱状图', 2, 'year=年级', 'total=学生数据', '', 2, '1');
INSERT INTO `sys_chart` VALUES (3, 'pie', 'student_grade3', '年级学生组成', 2, 'grade=年级', 'total=学生数', NULL, 3, '1');
INSERT INTO `sys_chart` VALUES (4, 'table', 'student_result', '成绩查询', 3, NULL, NULL, 'name=姓名\ncourse=课程\nresult=成绩', 5, '1');
INSERT INTO `sys_chart` VALUES (5, 'pie', 'teacher_type', '教师分类组成', 8, 'title=教师类型', 'total=教师数', NULL, 2, '1');
INSERT INTO `sys_chart` VALUES (6, 'pie', 'student_specialty', '学生专业分布', 9, 'title=专业', 'total=学生数', NULL, 1, '1');
INSERT INTO `sys_chart` VALUES (7, 'table', 'scheduling_day', '今日全校课表', 10, NULL, NULL, 'sectionName=节次\nroomName=教室\ncourseName=课程\nname=上课教师\nclassName=班级\nspecName=专业', 4, '1');
INSERT INTO `sys_chart` VALUES (8, 'table', 'my_scheduling', '教师本人课表', 11, NULL, NULL, 'week=周次\nsectionName=节次\nroomName=教室\ncourseName=课程\nclassName=班级\nspecName=专业', 4, '1');
INSERT INTO `sys_chart` VALUES (9, 'gauge', 'enroll_signup', '招生注册率', 12, '', '', NULL, 9, '1');
INSERT INTO `sys_chart` VALUES (10, 'table', 'student_glory_query', '学生荣耀查询', 21, NULL, NULL, 'name=学生姓名\ncode=学号\ntitle=荣耀名称\nlevel_name=级别\ntype_name=类型\ndepart=颁奖单位\nget_time=获奖时间', 9, '1');
INSERT INTO `sys_chart` VALUES (11, 'table', 'student_scheduling', '学生课表', 22, NULL, NULL, 'week=周次\nsectionName=节次\nroomName=教室\ncourseName=课程\nname=教师', 9, '1');
INSERT INTO `sys_chart` VALUES (12, 'line', 'student_checkin', '招生报到统计', 23, 'year=年份', 'total=报到人数', NULL, 9, '1');
INSERT INTO `sys_chart` VALUES (13, 'bar', 'worth_year_bar', '总资产统计', 29, 'title=年度', 'value=资产总值', NULL, 1, '1');
INSERT INTO `sys_chart` VALUES (14, 'bar', 'asset_worth_year_bar', '固定资产统计', 31, 'title=年度', 'value=总值', NULL, 2, '1');
INSERT INTO `sys_chart` VALUES (15, 'bar', 'purchase_worth_year_bar', '采购统计', 32, 'title=年度', 'value=总额', NULL, 3, '1');
INSERT INTO `sys_chart` VALUES (16, 'bar', 'scrap_worth_year_bar', '报废统计', 33, 'title=年度', 'value=报废价值', NULL, 4, '1');
INSERT INTO `sys_chart` VALUES (17, 'line', 'maintain_year_bar', '维护统计', 34, 'title=年度', 'value=次数', NULL, 5, '1');
INSERT INTO `sys_chart` VALUES (18, 'line', 'material_worth_year_bar', '耗材统计', 37, 'title=年度', 'value=总价值', NULL, 7, '1');

-- ----------------------------
-- Table structure for sys_config
-- ----------------------------
DROP TABLE IF EXISTS `sys_config`;
CREATE TABLE `sys_config`  (
  `config_id` int(5) NOT NULL AUTO_INCREMENT COMMENT '参数主键',
  `config_name` varchar(100) CHARACTER SET utf8 COLLATE utf8_general_ci NULL DEFAULT '' COMMENT '参数名称',
  `config_key` varchar(100) CHARACTER SET utf8 COLLATE utf8_general_ci NULL DEFAULT '' COMMENT '参数键名',
  `config_value` varchar(500) CHARACTER SET utf8 COLLATE utf8_general_ci NULL DEFAULT '' COMMENT '参数键值',
  `config_type` char(1) CHARACTER SET utf8 COLLATE utf8_general_ci NULL DEFAULT 'N' COMMENT '系统内置（Y是 N否）',
  `create_by` varchar(64) CHARACTER SET utf8 COLLATE utf8_general_ci NULL DEFAULT '' COMMENT '创建者',
  `create_time` datetime NULL DEFAULT NULL COMMENT '创建时间',
  `update_by` varchar(64) CHARACTER SET utf8 COLLATE utf8_general_ci NULL DEFAULT '' COMMENT '更新者',
  `update_time` datetime NULL DEFAULT NULL COMMENT '更新时间',
  `remark` varchar(500) CHARACTER SET utf8 COLLATE utf8_general_ci NULL DEFAULT NULL COMMENT '备注',
  PRIMARY KEY (`config_id`) USING BTREE
) ENGINE = InnoDB AUTO_INCREMENT = 4 CHARACTER SET = utf8 COLLATE = utf8_general_ci COMMENT = '参数配置表' ROW_FORMAT = DYNAMIC;

-- ----------------------------
-- Records of sys_config
-- ----------------------------
INSERT INTO `sys_config` VALUES (1, '主框架页-默认皮肤样式名称', 'sys.index.skinName', 'skin-blue', 'Y', 'admin', '2021-02-25 16:38:41', '', NULL, '蓝色 skin-blue、绿色 skin-green、紫色 skin-purple、红色 skin-red、黄色 skin-yellow');
INSERT INTO `sys_config` VALUES (2, '用户管理-账号初始密码', 'sys.user.initPassword', '123456', 'Y', 'admin', '2021-02-25 16:38:41', '', NULL, '初始化密码 123456');
INSERT INTO `sys_config` VALUES (3, '主框架页-侧边栏主题', 'sys.index.sideTheme', 'theme-dark', 'Y', 'admin', '2021-02-25 16:38:41', '', NULL, '深色主题theme-dark，浅色主题theme-light');

-- ----------------------------
-- Table structure for sys_dataset
-- ----------------------------
DROP TABLE IF EXISTS `sys_dataset`;
CREATE TABLE `sys_dataset`  (
  `id` int(11) NOT NULL AUTO_INCREMENT COMMENT '自增长主键ID',
  `type` char(10) CHARACTER SET utf8 COLLATE utf8_general_ci NULL DEFAULT NULL COMMENT '类型',
  `code` varchar(50) CHARACTER SET utf8 COLLATE utf8_general_ci NOT NULL DEFAULT '' COMMENT '代码',
  `title` varchar(100) CHARACTER SET utf8 COLLATE utf8_general_ci NOT NULL DEFAULT '' COMMENT '名称',
  `sqls` text CHARACTER SET utf8 COLLATE utf8_general_ci NOT NULL COMMENT '查询SQL',
  `param` varchar(255) CHARACTER SET utf8 COLLATE utf8_general_ci NULL DEFAULT NULL COMMENT '参数',
  `list_sort` int(11) NOT NULL COMMENT '排序',
  `comment` varchar(200) CHARACTER SET utf8 COLLATE utf8_general_ci NULL DEFAULT NULL COMMENT '说明',
  `status` char(1) CHARACTER SET utf8 COLLATE utf8_general_ci NULL DEFAULT '1' COMMENT '状态',
  PRIMARY KEY (`id`) USING BTREE,
  UNIQUE INDEX `code`(`code`) USING BTREE COMMENT '代码不能重复'
) ENGINE = InnoDB AUTO_INCREMENT = 38 CHARACTER SET = utf8 COLLATE = utf8_general_ci COMMENT = '数据集' ROW_FORMAT = DYNAMIC;

-- ----------------------------
-- Records of sys_dataset
-- ----------------------------
INSERT INTO `sys_dataset` VALUES (4, '3', 'unread_msg', '未读消息数', 'SELECT count(id) FROM sys_msg WHERE to_user=ME AND read_time IS NULL', NULL, 1, NULL, '1');
INSERT INTO `sys_dataset` VALUES (24, '3', 'all_worth', '资产总值', 'select worth from  asset_stock where year = DATE_FORMAT(now(),\'%Y\')', NULL, 2, NULL, '1');
INSERT INTO `sys_dataset` VALUES (25, '3', 'asset_count', '固定资产总数', 'select asset_worth from  asset_stock where year = DATE_FORMAT(now(),\'%Y\')', NULL, 2, NULL, '1');
INSERT INTO `sys_dataset` VALUES (26, '3', 'material_count', '耗材种类', 'select count(id) from asset_material where status !=\'3\'', NULL, 3, NULL, '1');
INSERT INTO `sys_dataset` VALUES (27, '3', 'material_worth', '耗材价值', 'select sum(price2 * amount) from asset_material where status !=\'3\'', NULL, 3, NULL, '1');
INSERT INTO `sys_dataset` VALUES (28, '3', 'asset_worth', '固定资产总值', 'select sum(price) from asset_info where status !=\'5\'', NULL, 2, NULL, '1');
INSERT INTO `sys_dataset` VALUES (29, '2', 'worth_year', '总资产统计', 'select * from (select worth value,year title from asset_stock order by year desc limit 10) t order by title asc', NULL, 4, NULL, '1');
INSERT INTO `sys_dataset` VALUES (31, '2', 'asset_worth_year', '固定资产统计', 'select * from (select asset_worth value,year title from asset_stock order by year desc limit 10) t order by title asc', NULL, 4, NULL, '1');
INSERT INTO `sys_dataset` VALUES (32, '2', 'purchase_worth_year', '采购统计', 'select * from (select purchase_worth value,year title from asset_stock order by year desc limit 10) t order by title asc', NULL, 4, NULL, '1');
INSERT INTO `sys_dataset` VALUES (33, '2', 'scrap_worth_year', '报废统计', 'select * from (select scrap_worth value,year title from asset_stock order by year desc limit 10) t order by title asc', NULL, 4, NULL, '1');
INSERT INTO `sys_dataset` VALUES (34, '2', 'maintain_year', '维护统计', 'select * from (select maintain_count value,year title from asset_stock order by year desc limit 10) t order by title asc', NULL, 4, NULL, '1');
INSERT INTO `sys_dataset` VALUES (35, '3', 'scrap_worth', '报废总值', 'select worth from  asset_stock where year = DATE_FORMAT(now(),\'%Y\')', NULL, 2, NULL, '1');
INSERT INTO `sys_dataset` VALUES (36, '3', 'purchase_worth', '采购总值', 'select purchase_worth from  asset_stock where year = DATE_FORMAT(now(),\'%Y\')', NULL, 4, NULL, '1');
INSERT INTO `sys_dataset` VALUES (37, '2', 'material_worth_year', '耗材统计', 'select * from (select material_worth value,year title from asset_stock order by year desc limit 10) t order by title asc', NULL, 5, NULL, '1');

-- ----------------------------
-- Table structure for sys_dept
-- ----------------------------
DROP TABLE IF EXISTS `sys_dept`;
CREATE TABLE `sys_dept`  (
  `dept_id` bigint(20) NOT NULL AUTO_INCREMENT COMMENT '部门id',
  `parent_id` bigint(20) NULL DEFAULT 0 COMMENT '父部门id',
  `ancestors` varchar(50) CHARACTER SET utf8 COLLATE utf8_general_ci NULL DEFAULT '' COMMENT '祖级列表',
  `dept_name` varchar(30) CHARACTER SET utf8 COLLATE utf8_general_ci NULL DEFAULT '' COMMENT '部门名称',
  `order_num` int(4) NULL DEFAULT 0 COMMENT '显示顺序',
  `leader` varchar(20) CHARACTER SET utf8 COLLATE utf8_general_ci NULL DEFAULT NULL COMMENT '负责人',
  `phone` varchar(11) CHARACTER SET utf8 COLLATE utf8_general_ci NULL DEFAULT NULL COMMENT '联系电话',
  `email` varchar(50) CHARACTER SET utf8 COLLATE utf8_general_ci NULL DEFAULT NULL COMMENT '邮箱',
  `status` char(1) CHARACTER SET utf8 COLLATE utf8_general_ci NULL DEFAULT '0' COMMENT '部门状态（0正常 1停用）',
  `del_flag` char(1) CHARACTER SET utf8 COLLATE utf8_general_ci NULL DEFAULT '0' COMMENT '删除标志（0代表存在 2代表删除）',
  `create_by` varchar(64) CHARACTER SET utf8 COLLATE utf8_general_ci NULL DEFAULT '' COMMENT '创建者',
  `create_time` datetime NULL DEFAULT NULL COMMENT '创建时间',
  `update_by` varchar(64) CHARACTER SET utf8 COLLATE utf8_general_ci NULL DEFAULT '' COMMENT '更新者',
  `update_time` datetime NULL DEFAULT NULL COMMENT '更新时间',
  PRIMARY KEY (`dept_id`) USING BTREE
) ENGINE = InnoDB AUTO_INCREMENT = 110 CHARACTER SET = utf8 COLLATE = utf8_general_ci COMMENT = '部门表' ROW_FORMAT = DYNAMIC;

-- ----------------------------
-- Records of sys_dept
-- ----------------------------
INSERT INTO `sys_dept` VALUES (100, 0, '0', '若依科技', 0, '若依', '15888888888', 'ry@qq.com', '0', '0', 'admin', '2021-02-25 16:38:41', '', NULL);
INSERT INTO `sys_dept` VALUES (101, 100, '0,100', '深圳总公司', 1, '若依', '15888888888', 'ry@qq.com', '0', '0', 'admin', '2021-02-25 16:38:41', '', NULL);
INSERT INTO `sys_dept` VALUES (102, 100, '0,100', '长沙分公司', 2, '若依', '15888888888', 'ry@qq.com', '0', '0', 'admin', '2021-02-25 16:38:41', '', NULL);
INSERT INTO `sys_dept` VALUES (103, 101, '0,100,101', '研发部门', 1, '若依', '15888888888', 'ry@qq.com', '0', '0', 'admin', '2021-02-25 16:38:41', '', NULL);
INSERT INTO `sys_dept` VALUES (104, 101, '0,100,101', '市场部门', 2, '若依', '15888888888', 'ry@qq.com', '0', '0', 'admin', '2021-02-25 16:38:41', '', NULL);
INSERT INTO `sys_dept` VALUES (105, 101, '0,100,101', '测试部门', 3, '若依', '15888888888', 'ry@qq.com', '0', '0', 'admin', '2021-02-25 16:38:41', '', NULL);
INSERT INTO `sys_dept` VALUES (106, 101, '0,100,101', '财务部门', 4, '若依', '15888888888', 'ry@qq.com', '0', '0', 'admin', '2021-02-25 16:38:41', '', NULL);
INSERT INTO `sys_dept` VALUES (107, 101, '0,100,101', '运维部门', 5, '若依', '15888888888', 'ry@qq.com', '0', '0', 'admin', '2021-02-25 16:38:41', '', NULL);
INSERT INTO `sys_dept` VALUES (108, 102, '0,100,102', '市场部门', 1, '若依', '15888888888', 'ry@qq.com', '0', '0', 'admin', '2021-02-25 16:38:41', '', NULL);
INSERT INTO `sys_dept` VALUES (109, 102, '0,100,102', '财务部门', 2, '若依', '15888888888', 'ry@qq.com', '0', '0', 'admin', '2021-02-25 16:38:41', '', NULL);

-- ----------------------------
-- Table structure for sys_dict_data
-- ----------------------------
DROP TABLE IF EXISTS `sys_dict_data`;
CREATE TABLE `sys_dict_data`  (
  `dict_code` bigint(20) NOT NULL AUTO_INCREMENT COMMENT '字典编码',
  `dict_sort` int(4) NULL DEFAULT 0 COMMENT '字典排序',
  `dict_label` varchar(100) CHARACTER SET utf8 COLLATE utf8_general_ci NULL DEFAULT '' COMMENT '字典标签',
  `dict_value` varchar(100) CHARACTER SET utf8 COLLATE utf8_general_ci NULL DEFAULT '' COMMENT '字典键值',
  `dict_type` varchar(100) CHARACTER SET utf8 COLLATE utf8_general_ci NULL DEFAULT '' COMMENT '字典类型',
  `css_class` varchar(100) CHARACTER SET utf8 COLLATE utf8_general_ci NULL DEFAULT NULL COMMENT '样式属性（其他样式扩展）',
  `list_class` varchar(100) CHARACTER SET utf8 COLLATE utf8_general_ci NULL DEFAULT NULL COMMENT '表格回显样式',
  `is_default` char(1) CHARACTER SET utf8 COLLATE utf8_general_ci NULL DEFAULT 'N' COMMENT '是否默认（Y是 N否）',
  `status` char(1) CHARACTER SET utf8 COLLATE utf8_general_ci NULL DEFAULT '0' COMMENT '状态（0正常 1停用）',
  `create_by` varchar(64) CHARACTER SET utf8 COLLATE utf8_general_ci NULL DEFAULT '' COMMENT '创建者',
  `create_time` datetime NULL DEFAULT NULL COMMENT '创建时间',
  `update_by` varchar(64) CHARACTER SET utf8 COLLATE utf8_general_ci NULL DEFAULT '' COMMENT '更新者',
  `update_time` datetime NULL DEFAULT NULL COMMENT '更新时间',
  `remark` varchar(500) CHARACTER SET utf8 COLLATE utf8_general_ci NULL DEFAULT NULL COMMENT '备注',
  PRIMARY KEY (`dict_code`) USING BTREE
) ENGINE = InnoDB AUTO_INCREMENT = 153 CHARACTER SET = utf8 COLLATE = utf8_general_ci COMMENT = '字典数据表' ROW_FORMAT = DYNAMIC;

-- ----------------------------
-- Records of sys_dict_data
-- ----------------------------
INSERT INTO `sys_dict_data` VALUES (1, 1, '男', '0', 'sys_user_sex', '', '', 'Y', '0', 'admin', '2021-02-25 16:38:41', '', NULL, '性别男');
INSERT INTO `sys_dict_data` VALUES (2, 2, '女', '1', 'sys_user_sex', '', '', 'N', '0', 'admin', '2021-02-25 16:38:41', '', NULL, '性别女');
INSERT INTO `sys_dict_data` VALUES (3, 3, '未知', '2', 'sys_user_sex', '', '', 'N', '0', 'admin', '2021-02-25 16:38:41', '', NULL, '性别未知');
INSERT INTO `sys_dict_data` VALUES (4, 1, '显示', '0', 'sys_show_hide', '', 'primary', 'Y', '0', 'admin', '2021-02-25 16:38:41', '', NULL, '显示菜单');
INSERT INTO `sys_dict_data` VALUES (5, 2, '隐藏', '1', 'sys_show_hide', '', 'danger', 'N', '0', 'admin', '2021-02-25 16:38:41', '', NULL, '隐藏菜单');
INSERT INTO `sys_dict_data` VALUES (6, 1, '正常', '0', 'sys_normal_disable', '', 'primary', 'Y', '0', 'admin', '2021-02-25 16:38:41', '', NULL, '正常状态');
INSERT INTO `sys_dict_data` VALUES (7, 2, '停用', '1', 'sys_normal_disable', '', 'danger', 'N', '0', 'admin', '2021-02-25 16:38:41', '', NULL, '停用状态');
INSERT INTO `sys_dict_data` VALUES (8, 1, '正常', '0', 'sys_job_status', '', 'primary', 'Y', '0', 'admin', '2021-02-25 16:38:41', '', NULL, '正常状态');
INSERT INTO `sys_dict_data` VALUES (9, 2, '暂停', '1', 'sys_job_status', '', 'danger', 'N', '0', 'admin', '2021-02-25 16:38:41', '', NULL, '停用状态');
INSERT INTO `sys_dict_data` VALUES (10, 1, '默认', 'DEFAULT', 'sys_job_group', '', '', 'Y', '0', 'admin', '2021-02-25 16:38:41', '', NULL, '默认分组');
INSERT INTO `sys_dict_data` VALUES (11, 2, '系统', 'SYSTEM', 'sys_job_group', '', '', 'N', '0', 'admin', '2021-02-25 16:38:41', '', NULL, '系统分组');
INSERT INTO `sys_dict_data` VALUES (12, 1, '是', 'Y', 'sys_yes_no', '', 'primary', 'Y', '0', 'admin', '2021-02-25 16:38:41', '', NULL, '系统默认是');
INSERT INTO `sys_dict_data` VALUES (13, 2, '否', 'N', 'sys_yes_no', '', 'danger', 'N', '0', 'admin', '2021-02-25 16:38:41', '', NULL, '系统默认否');
INSERT INTO `sys_dict_data` VALUES (14, 1, '通知', '1', 'sys_notice_type', '', 'warning', 'Y', '0', 'admin', '2021-02-25 16:38:41', '', NULL, '通知');
INSERT INTO `sys_dict_data` VALUES (15, 2, '公告', '2', 'sys_notice_type', '', 'success', 'N', '0', 'admin', '2021-02-25 16:38:41', '', NULL, '公告');
INSERT INTO `sys_dict_data` VALUES (16, 1, '正常', '0', 'sys_notice_status', '', 'primary', 'Y', '0', 'admin', '2021-02-25 16:38:41', '', NULL, '正常状态');
INSERT INTO `sys_dict_data` VALUES (17, 2, '关闭', '1', 'sys_notice_status', '', 'danger', 'N', '0', 'admin', '2021-02-25 16:38:41', '', NULL, '关闭状态');
INSERT INTO `sys_dict_data` VALUES (18, 1, '新增', '1', 'sys_oper_type', '', 'info', 'N', '0', 'admin', '2021-02-25 16:38:41', '', NULL, '新增操作');
INSERT INTO `sys_dict_data` VALUES (19, 2, '修改', '2', 'sys_oper_type', '', 'info', 'N', '0', 'admin', '2021-02-25 16:38:41', '', NULL, '修改操作');
INSERT INTO `sys_dict_data` VALUES (20, 3, '删除', '3', 'sys_oper_type', '', 'danger', 'N', '0', 'admin', '2021-02-25 16:38:41', '', NULL, '删除操作');
INSERT INTO `sys_dict_data` VALUES (21, 4, '授权', '4', 'sys_oper_type', '', 'primary', 'N', '0', 'admin', '2021-02-25 16:38:41', '', NULL, '授权操作');
INSERT INTO `sys_dict_data` VALUES (22, 5, '导出', '5', 'sys_oper_type', '', 'warning', 'N', '0', 'admin', '2021-02-25 16:38:41', '', NULL, '导出操作');
INSERT INTO `sys_dict_data` VALUES (23, 6, '导入', '6', 'sys_oper_type', '', 'warning', 'N', '0', 'admin', '2021-02-25 16:38:41', '', NULL, '导入操作');
INSERT INTO `sys_dict_data` VALUES (24, 7, '强退', '7', 'sys_oper_type', '', 'danger', 'N', '0', 'admin', '2021-02-25 16:38:41', '', NULL, '强退操作');
INSERT INTO `sys_dict_data` VALUES (25, 8, '生成代码', '8', 'sys_oper_type', '', 'warning', 'N', '0', 'admin', '2021-02-25 16:38:41', '', NULL, '生成操作');
INSERT INTO `sys_dict_data` VALUES (26, 9, '清空数据', '9', 'sys_oper_type', '', 'danger', 'N', '0', 'admin', '2021-02-25 16:38:41', '', NULL, '清空操作');
INSERT INTO `sys_dict_data` VALUES (27, 1, '成功', '0', 'sys_common_status', '', 'primary', 'N', '0', 'admin', '2021-02-25 16:38:41', '', NULL, '正常状态');
INSERT INTO `sys_dict_data` VALUES (28, 2, '失败', '1', 'sys_common_status', '', 'danger', 'N', '0', 'admin', '2021-02-25 16:38:41', '', NULL, '停用状态');
INSERT INTO `sys_dict_data` VALUES (33, 1, '启用', '1', 'common_status', NULL, NULL, 'N', '0', 'admin', '2020-11-09 13:52:05', '', NULL, NULL);
INSERT INTO `sys_dict_data` VALUES (34, 2, '禁用', '0', 'common_status', NULL, NULL, 'N', '0', 'admin', '2020-11-09 13:52:12', '', NULL, NULL);
INSERT INTO `sys_dict_data` VALUES (100, 1, '系统消息', '0', 'ext_msg_type', NULL, NULL, 'N', '0', 'admin', '2021-02-25 17:37:35', 'admin', '2021-02-25 17:37:54', NULL);
INSERT INTO `sys_dict_data` VALUES (101, 1, '私人消息', '1', 'ext_msg_type', NULL, NULL, 'N', '0', 'admin', '2021-02-25 17:37:45', '', NULL, NULL);
INSERT INTO `sys_dict_data` VALUES (102, 1, 'web应用', '1', 'xdata_app_type', NULL, NULL, 'N', '0', 'admin', '2021-02-25 18:46:15', '', NULL, NULL);
INSERT INTO `sys_dict_data` VALUES (103, 2, '移动应用', '2', 'xdata_app_type', NULL, NULL, 'N', '0', 'admin', '2021-02-25 18:46:28', '', NULL, NULL);
INSERT INTO `sys_dict_data` VALUES (104, 3, '其它', '3', 'xdata_app_type', NULL, NULL, 'N', '0', 'admin', '2021-02-25 18:46:38', '', NULL, NULL);
INSERT INTO `sys_dict_data` VALUES (105, 1, '基础数据', '1', 'xdata_model_type', NULL, NULL, 'N', '0', 'admin', '2021-02-25 18:47:07', '', NULL, NULL);
INSERT INTO `sys_dict_data` VALUES (106, 2, '业务数据', '2', 'xdata_model_type', NULL, NULL, 'N', '0', 'admin', '2021-02-25 18:47:17', '', NULL, NULL);
INSERT INTO `sys_dict_data` VALUES (107, 3, '归档数据', '3', 'xdata_model_type', NULL, NULL, 'N', '0', 'admin', '2021-02-25 18:47:27', '', NULL, NULL);
INSERT INTO `sys_dict_data` VALUES (108, 4, '其它数据', '4', 'xdata_model_type', NULL, NULL, 'N', '0', 'admin', '2021-02-25 18:47:36', '', NULL, NULL);
INSERT INTO `sys_dict_data` VALUES (109, 1, '读', 'r', 'xdata_pipe_mode', NULL, NULL, 'N', '0', 'admin', '2021-02-25 18:48:34', '', NULL, NULL);
INSERT INTO `sys_dict_data` VALUES (110, 2, '写', 'w', 'xdata_pipe_mode', NULL, NULL, 'N', '0', 'admin', '2021-02-25 18:48:42', '', NULL, NULL);
INSERT INTO `sys_dict_data` VALUES (111, 1, 'MySQL', '1', 'xdata_db_type', NULL, NULL, 'N', '0', 'admin', '2021-02-25 18:49:23', '', NULL, NULL);
INSERT INTO `sys_dict_data` VALUES (112, 2, 'Oracle', '2', 'xdata_db_type', NULL, NULL, 'N', '0', 'admin', '2021-02-25 18:49:29', '', NULL, NULL);
INSERT INTO `sys_dict_data` VALUES (113, 3, 'SQL Server', '3', 'xdata_db_type', NULL, NULL, 'N', '0', 'admin', '2021-02-25 18:49:38', '', NULL, NULL);
INSERT INTO `sys_dict_data` VALUES (114, 4, 'PostgreSQL', '4', 'xdata_db_type', NULL, NULL, 'N', '0', 'admin', '2021-02-25 18:49:51', '', NULL, NULL);
INSERT INTO `sys_dict_data` VALUES (115, 9, '其它', '9', 'xdata_db_type', NULL, NULL, 'N', '0', 'admin', '2021-02-25 18:50:04', '', NULL, NULL);
INSERT INTO `sys_dict_data` VALUES (116, 1, '启用', '1', 'ext_status', NULL, NULL, 'N', '0', 'admin', '2021-02-25 18:53:31', '', NULL, NULL);
INSERT INTO `sys_dict_data` VALUES (117, 2, '禁用', '0', 'ext_status', NULL, NULL, 'N', '0', 'admin', '2021-02-25 18:54:24', '', NULL, NULL);
INSERT INTO `sys_dict_data` VALUES (118, 1, '固定资产', '1', 'cate_type', NULL, NULL, 'N', '0', 'admin', '2021-03-04 20:27:51', '', NULL, NULL);
INSERT INTO `sys_dict_data` VALUES (119, 2, '基本耗材', '2', 'cate_type', NULL, NULL, 'N', '0', 'admin', '2021-03-04 20:28:00', 'admin', '2021-03-05 09:45:27', NULL);
INSERT INTO `sys_dict_data` VALUES (120, 3, '无形资产', '3', 'cate_type', NULL, NULL, 'N', '0', 'admin', '2021-03-04 20:28:13', '', NULL, NULL);
INSERT INTO `sys_dict_data` VALUES (121, 9, '其它资产', '9', 'cate_type', NULL, NULL, 'N', '0', 'admin', '2021-03-04 20:28:27', '', NULL, NULL);
INSERT INTO `sys_dict_data` VALUES (122, 1, '出租', '1', 'sales_type', NULL, NULL, 'N', '0', 'admin', '2021-03-05 08:54:43', '', NULL, NULL);
INSERT INTO `sys_dict_data` VALUES (123, 2, '出售', '2', 'sales_type', NULL, NULL, 'N', '0', 'admin', '2021-03-05 08:54:48', '', NULL, NULL);
INSERT INTO `sys_dict_data` VALUES (124, 0, '待审核', '0', 'check_status', NULL, NULL, 'N', '0', 'admin', '2021-03-05 08:57:11', '', NULL, NULL);
INSERT INTO `sys_dict_data` VALUES (125, 1, '通过', '1', 'check_status', NULL, NULL, 'N', '0', 'admin', '2021-03-05 08:57:20', 'admin', '2021-03-05 08:57:40', NULL);
INSERT INTO `sys_dict_data` VALUES (126, 2, '不通过', '2', 'check_status', NULL, NULL, 'N', '0', 'admin', '2021-03-05 08:57:35', '', NULL, NULL);
INSERT INTO `sys_dict_data` VALUES (127, 1, '闲置', '1', 'asset_status', NULL, NULL, 'N', '0', 'admin', '2021-03-08 11:26:08', '', NULL, NULL);
INSERT INTO `sys_dict_data` VALUES (128, 2, '在用', '2', 'asset_status', NULL, NULL, 'N', '0', 'admin', '2021-03-08 11:26:16', '', NULL, NULL);
INSERT INTO `sys_dict_data` VALUES (129, 3, '损坏', '3', 'asset_status', NULL, NULL, 'N', '0', 'admin', '2021-03-08 11:26:23', '', NULL, NULL);
INSERT INTO `sys_dict_data` VALUES (130, 4, '维修', '4', 'asset_status', NULL, NULL, 'N', '0', 'admin', '2021-03-08 11:26:32', '', NULL, NULL);
INSERT INTO `sys_dict_data` VALUES (131, 5, '报废', '5', 'asset_status', NULL, NULL, 'N', '0', 'admin', '2021-03-08 11:26:40', '', NULL, NULL);
INSERT INTO `sys_dict_data` VALUES (132, 9, '丢失', '9', 'asset_status', NULL, NULL, 'N', '0', 'admin', '2021-03-08 11:26:50', '', NULL, NULL);
INSERT INTO `sys_dict_data` VALUES (133, 1, '正常', '1', 'material_status', NULL, NULL, 'N', '0', 'admin', '2021-03-08 11:27:58', '', NULL, NULL);
INSERT INTO `sys_dict_data` VALUES (134, 2, '库存不足', '2', 'material_status', NULL, NULL, 'N', '0', 'admin', '2021-03-08 11:28:10', '', NULL, NULL);
INSERT INTO `sys_dict_data` VALUES (135, 3, '空仓', '3', 'material_status', NULL, NULL, 'N', '0', 'admin', '2021-03-08 11:28:27', '', NULL, NULL);
INSERT INTO `sys_dict_data` VALUES (137, 6, '售出', '6', 'asset_status', NULL, NULL, 'N', '0', 'admin', '2021-03-09 11:33:46', '', NULL, NULL);
INSERT INTO `sys_dict_data` VALUES (138, 7, '出租', '7', 'asset_status', NULL, NULL, 'N', '0', 'admin', '2021-03-09 11:34:00', '', NULL, NULL);
INSERT INTO `sys_dict_data` VALUES (139, 1, '维护', '1', 'maintain_type', NULL, NULL, 'N', '0', 'admin', '2021-03-09 14:05:32', '', NULL, NULL);
INSERT INTO `sys_dict_data` VALUES (140, 2, '维修', '2', 'maintain_type', NULL, NULL, 'N', '0', 'admin', '2021-03-09 14:05:37', '', NULL, NULL);
INSERT INTO `sys_dict_data` VALUES (141, 1, '恢复正常', '1', 'maintain_result', NULL, NULL, 'N', '0', 'admin', '2021-03-09 14:06:01', '', NULL, NULL);
INSERT INTO `sys_dict_data` VALUES (142, 2, '继续维修', '2', 'maintain_result', NULL, NULL, 'N', '0', 'admin', '2021-03-09 14:06:21', '', NULL, NULL);
INSERT INTO `sys_dict_data` VALUES (143, 5, '报废', '5', 'maintain_result', NULL, NULL, 'N', '0', 'admin', '2021-03-09 14:06:34', '', NULL, NULL);
INSERT INTO `sys_dict_data` VALUES (145, 1, '查询列表', '1', 'dataset_type', NULL, NULL, 'N', '0', 'admin', '2020-12-04 16:34:47', '', NULL, NULL);
INSERT INTO `sys_dict_data` VALUES (146, 2, '统计列表', '2', 'dataset_type', NULL, NULL, 'N', '0', 'admin', '2020-12-04 16:35:02', '', NULL, NULL);
INSERT INTO `sys_dict_data` VALUES (147, 3, '计算结果', '3', 'dataset_type', NULL, NULL, 'N', '0', 'admin', '2020-12-04 16:35:28', '', NULL, NULL);
INSERT INTO `sys_dict_data` VALUES (148, 1, '柱状图', 'bar', 'chart_type', NULL, NULL, 'N', '0', 'admin', '2020-12-04 16:35:54', '', NULL, NULL);
INSERT INTO `sys_dict_data` VALUES (149, 2, '折线图', 'line', 'chart_type', NULL, NULL, 'N', '0', 'admin', '2020-12-04 16:36:15', '', NULL, NULL);
INSERT INTO `sys_dict_data` VALUES (150, 3, '饼图', 'pie', 'chart_type', NULL, NULL, 'N', '0', 'admin', '2020-12-04 16:36:25', '', NULL, NULL);
INSERT INTO `sys_dict_data` VALUES (151, 4, '仪表盘', 'gauge', 'chart_type', NULL, NULL, 'N', '0', 'admin', '2020-12-04 16:37:52', 'admin', '2020-12-21 14:11:13', NULL);
INSERT INTO `sys_dict_data` VALUES (152, 5, '表格', 'table', 'chart_type', NULL, NULL, 'N', '0', 'admin', '2020-12-21 14:11:50', 'admin', '2020-12-21 14:11:55', NULL);

-- ----------------------------
-- Table structure for sys_dict_type
-- ----------------------------
DROP TABLE IF EXISTS `sys_dict_type`;
CREATE TABLE `sys_dict_type`  (
  `dict_id` bigint(20) NOT NULL AUTO_INCREMENT COMMENT '字典主键',
  `dict_name` varchar(100) CHARACTER SET utf8 COLLATE utf8_general_ci NULL DEFAULT '' COMMENT '字典名称',
  `dict_type` varchar(100) CHARACTER SET utf8 COLLATE utf8_general_ci NULL DEFAULT '' COMMENT '字典类型',
  `status` char(1) CHARACTER SET utf8 COLLATE utf8_general_ci NULL DEFAULT '0' COMMENT '状态（0正常 1停用）',
  `create_by` varchar(64) CHARACTER SET utf8 COLLATE utf8_general_ci NULL DEFAULT '' COMMENT '创建者',
  `create_time` datetime NULL DEFAULT NULL COMMENT '创建时间',
  `update_by` varchar(64) CHARACTER SET utf8 COLLATE utf8_general_ci NULL DEFAULT '' COMMENT '更新者',
  `update_time` datetime NULL DEFAULT NULL COMMENT '更新时间',
  `remark` varchar(500) CHARACTER SET utf8 COLLATE utf8_general_ci NULL DEFAULT NULL COMMENT '备注',
  PRIMARY KEY (`dict_id`) USING BTREE,
  UNIQUE INDEX `dict_type`(`dict_type`) USING BTREE
) ENGINE = InnoDB AUTO_INCREMENT = 113 CHARACTER SET = utf8 COLLATE = utf8_general_ci COMMENT = '字典类型表' ROW_FORMAT = DYNAMIC;

-- ----------------------------
-- Records of sys_dict_type
-- ----------------------------
INSERT INTO `sys_dict_type` VALUES (2, '菜单状态', 'sys_show_hide', '0', 'admin', '2021-02-25 16:38:41', '', NULL, '菜单状态列表');
INSERT INTO `sys_dict_type` VALUES (3, '系统开关', 'sys_normal_disable', '0', 'admin', '2021-02-25 16:38:41', '', NULL, '系统开关列表');
INSERT INTO `sys_dict_type` VALUES (4, '任务状态', 'sys_job_status', '0', 'admin', '2021-02-25 16:38:41', '', NULL, '任务状态列表');
INSERT INTO `sys_dict_type` VALUES (5, '任务分组', 'sys_job_group', '0', 'admin', '2021-02-25 16:38:41', '', NULL, '任务分组列表');
INSERT INTO `sys_dict_type` VALUES (6, '系统是否', 'sys_yes_no', '0', 'admin', '2021-02-25 16:38:41', '', NULL, '系统是否列表');
INSERT INTO `sys_dict_type` VALUES (7, '通知类型', 'sys_notice_type', '0', 'admin', '2021-02-25 16:38:41', '', NULL, '通知类型列表');
INSERT INTO `sys_dict_type` VALUES (8, '通知状态', 'sys_notice_status', '0', 'admin', '2021-02-25 16:38:41', '', NULL, '通知状态列表');
INSERT INTO `sys_dict_type` VALUES (9, '操作类型', 'sys_oper_type', '0', 'admin', '2021-02-25 16:38:41', '', NULL, '操作类型列表');
INSERT INTO `sys_dict_type` VALUES (10, '系统状态', 'sys_common_status', '0', 'admin', '2021-02-25 16:38:41', '', NULL, '登录状态列表');
INSERT INTO `sys_dict_type` VALUES (12, '通用状态', 'common_status', '0', 'admin', '2020-11-09 13:51:53', 'admin', '2020-11-09 14:00:10', NULL);
INSERT INTO `sys_dict_type` VALUES (39, '用户性别', 'sys_user_sex', '0', 'admin', '2021-02-25 16:38:41', '', NULL, '用户性别列表');
INSERT INTO `sys_dict_type` VALUES (40, '数据集类型', 'dataset_type', '0', 'admin', '2020-12-04 16:33:58', '', NULL, NULL);
INSERT INTO `sys_dict_type` VALUES (41, '报表类型', 'chart_type', '0', 'admin', '2020-12-04 16:34:10', '', NULL, NULL);
INSERT INTO `sys_dict_type` VALUES (100, '消息类型', 'ext_msg_type', '0', 'admin', '2021-02-25 17:37:14', '', NULL, NULL);
INSERT INTO `sys_dict_type` VALUES (101, '应用类型', 'xdata_app_type', '0', 'admin', '2021-02-25 18:45:59', '', NULL, NULL);
INSERT INTO `sys_dict_type` VALUES (102, '模型分类', 'xdata_model_type', '0', 'admin', '2021-02-25 18:46:55', '', NULL, NULL);
INSERT INTO `sys_dict_type` VALUES (103, '管道模式', 'xdata_pipe_mode', '0', 'admin', '2021-02-25 18:48:14', '', NULL, NULL);
INSERT INTO `sys_dict_type` VALUES (104, '数据库类型', 'xdata_db_type', '0', 'admin', '2021-02-25 18:49:10', '', NULL, NULL);
INSERT INTO `sys_dict_type` VALUES (105, '通用状态', 'ext_status', '0', 'admin', '2021-02-25 18:53:16', '', NULL, NULL);
INSERT INTO `sys_dict_type` VALUES (106, '资产分类类别', 'cate_type', '0', 'admin', '2021-03-04 20:27:28', 'admin', '2021-03-04 20:27:39', NULL);
INSERT INTO `sys_dict_type` VALUES (107, '资产状态', 'asset_status', '0', 'admin', '2021-03-04 20:30:31', '', NULL, NULL);
INSERT INTO `sys_dict_type` VALUES (108, '租售类型', 'sales_type', '0', 'admin', '2021-03-05 08:54:26', 'admin', '2021-03-05 08:55:00', NULL);
INSERT INTO `sys_dict_type` VALUES (109, '审核状态', 'check_status', '0', 'admin', '2021-03-05 08:56:58', '', NULL, NULL);
INSERT INTO `sys_dict_type` VALUES (110, '耗材状态', 'material_status', '0', 'admin', '2021-03-08 11:27:42', '', NULL, NULL);
INSERT INTO `sys_dict_type` VALUES (111, '维护类型', 'maintain_type', '0', 'admin', '2021-03-09 14:05:20', '', NULL, NULL);
INSERT INTO `sys_dict_type` VALUES (112, '维护结果', 'maintain_result', '0', 'admin', '2021-03-09 14:05:52', '', NULL, NULL);

-- ----------------------------
-- Table structure for sys_files
-- ----------------------------
DROP TABLE IF EXISTS `sys_files`;
CREATE TABLE `sys_files`  (
  `id` int(11) NOT NULL AUTO_INCREMENT COMMENT '自增长主键',
  `title` varchar(255) CHARACTER SET utf8 COLLATE utf8_general_ci NOT NULL DEFAULT '' COMMENT '文件名',
  `path` varchar(255) CHARACTER SET utf8 COLLATE utf8_general_ci NOT NULL DEFAULT '' COMMENT '路径',
  `md5` varchar(32) CHARACTER SET utf8 COLLATE utf8_general_ci NOT NULL DEFAULT '' COMMENT 'MD5值',
  `create_by` varchar(50) CHARACTER SET utf8 COLLATE utf8_general_ci NULL DEFAULT '' COMMENT '上传人',
  `create_time` datetime NULL DEFAULT NULL COMMENT '上传时间',
  PRIMARY KEY (`id`) USING BTREE,
  UNIQUE INDEX `md5`(`md5`) USING BTREE
) ENGINE = InnoDB AUTO_INCREMENT = 11 CHARACTER SET = utf8 COLLATE = utf8_general_ci COMMENT = '文件' ROW_FORMAT = Dynamic;

-- ----------------------------
-- Records of sys_files
-- ----------------------------
INSERT INTO `sys_files` VALUES (9, 'e824b899a9014c083e64d6f5097b02087bf4f407.jpg', '/profile/upload/2021/03/08/cf8fdbeb-52bd-4fd5-b4de-cf4eef3cc811.jpg', '908106d5fe57762e2b45f9310f39c45d', 'admin', '2021-03-08 14:54:26');
INSERT INTO `sys_files` VALUES (10, '微信图片_20201128210814.jpg', '/profile/upload/2021/03/08/83c03a65-8c8d-432a-88da-70e48aed0167.jpg', '844e256bc1c53be11313befc50665866', 'admin', '2021-03-08 15:35:02');

-- ----------------------------
-- Table structure for sys_job
-- ----------------------------
DROP TABLE IF EXISTS `sys_job`;
CREATE TABLE `sys_job`  (
  `job_id` bigint(20) NOT NULL AUTO_INCREMENT COMMENT '任务ID',
  `job_name` varchar(64) CHARACTER SET utf8 COLLATE utf8_general_ci NOT NULL DEFAULT '' COMMENT '任务名称',
  `job_group` varchar(64) CHARACTER SET utf8 COLLATE utf8_general_ci NOT NULL DEFAULT 'DEFAULT' COMMENT '任务组名',
  `invoke_target` varchar(500) CHARACTER SET utf8 COLLATE utf8_general_ci NOT NULL COMMENT '调用目标字符串',
  `cron_expression` varchar(255) CHARACTER SET utf8 COLLATE utf8_general_ci NULL DEFAULT '' COMMENT 'cron执行表达式',
  `misfire_policy` varchar(20) CHARACTER SET utf8 COLLATE utf8_general_ci NULL DEFAULT '3' COMMENT '计划执行错误策略（1立即执行 2执行一次 3放弃执行）',
  `concurrent` char(1) CHARACTER SET utf8 COLLATE utf8_general_ci NULL DEFAULT '1' COMMENT '是否并发执行（0允许 1禁止）',
  `status` char(1) CHARACTER SET utf8 COLLATE utf8_general_ci NULL DEFAULT '0' COMMENT '状态（0正常 1暂停）',
  `create_by` varchar(64) CHARACTER SET utf8 COLLATE utf8_general_ci NULL DEFAULT '' COMMENT '创建者',
  `create_time` datetime NULL DEFAULT NULL COMMENT '创建时间',
  `update_by` varchar(64) CHARACTER SET utf8 COLLATE utf8_general_ci NULL DEFAULT '' COMMENT '更新者',
  `update_time` datetime NULL DEFAULT NULL COMMENT '更新时间',
  `remark` varchar(500) CHARACTER SET utf8 COLLATE utf8_general_ci NULL DEFAULT '' COMMENT '备注信息',
  PRIMARY KEY (`job_id`, `job_name`, `job_group`) USING BTREE
) ENGINE = InnoDB AUTO_INCREMENT = 4 CHARACTER SET = utf8 COLLATE = utf8_general_ci COMMENT = '定时任务调度表' ROW_FORMAT = DYNAMIC;

-- ----------------------------
-- Records of sys_job
-- ----------------------------
INSERT INTO `sys_job` VALUES (1, '系统默认（无参）', 'DEFAULT', 'ryTask.ryNoParams', '0/10 * * * * ?', '3', '1', '1', 'admin', '2021-02-25 16:38:41', '', NULL, '');
INSERT INTO `sys_job` VALUES (2, '系统默认（有参）', 'DEFAULT', 'ryTask.ryParams(\'ry\')', '0/15 * * * * ?', '3', '1', '1', 'admin', '2021-02-25 16:38:41', '', NULL, '');
INSERT INTO `sys_job` VALUES (3, '系统默认（多参）', 'DEFAULT', 'ryTask.ryMultipleParams(\'ry\', true, 2000L, 316.50D, 100)', '0/20 * * * * ?', '3', '1', '1', 'admin', '2021-02-25 16:38:41', '', NULL, '');

-- ----------------------------
-- Table structure for sys_job_log
-- ----------------------------
DROP TABLE IF EXISTS `sys_job_log`;
CREATE TABLE `sys_job_log`  (
  `job_log_id` bigint(20) NOT NULL AUTO_INCREMENT COMMENT '任务日志ID',
  `job_name` varchar(64) CHARACTER SET utf8 COLLATE utf8_general_ci NOT NULL COMMENT '任务名称',
  `job_group` varchar(64) CHARACTER SET utf8 COLLATE utf8_general_ci NOT NULL COMMENT '任务组名',
  `invoke_target` varchar(500) CHARACTER SET utf8 COLLATE utf8_general_ci NOT NULL COMMENT '调用目标字符串',
  `job_message` varchar(500) CHARACTER SET utf8 COLLATE utf8_general_ci NULL DEFAULT NULL COMMENT '日志信息',
  `status` char(1) CHARACTER SET utf8 COLLATE utf8_general_ci NULL DEFAULT '0' COMMENT '执行状态（0正常 1失败）',
  `exception_info` varchar(2000) CHARACTER SET utf8 COLLATE utf8_general_ci NULL DEFAULT '' COMMENT '异常信息',
  `create_time` datetime NULL DEFAULT NULL COMMENT '创建时间',
  PRIMARY KEY (`job_log_id`) USING BTREE
) ENGINE = InnoDB AUTO_INCREMENT = 1 CHARACTER SET = utf8 COLLATE = utf8_general_ci COMMENT = '定时任务调度日志表' ROW_FORMAT = DYNAMIC;

-- ----------------------------
-- Records of sys_job_log
-- ----------------------------

-- ----------------------------
-- Table structure for sys_logininfor
-- ----------------------------
DROP TABLE IF EXISTS `sys_logininfor`;
CREATE TABLE `sys_logininfor`  (
  `info_id` bigint(20) NOT NULL AUTO_INCREMENT COMMENT '访问ID',
  `user_name` varchar(50) CHARACTER SET utf8 COLLATE utf8_general_ci NULL DEFAULT '' COMMENT '用户账号',
  `ipaddr` varchar(128) CHARACTER SET utf8 COLLATE utf8_general_ci NULL DEFAULT '' COMMENT '登录IP地址',
  `login_location` varchar(255) CHARACTER SET utf8 COLLATE utf8_general_ci NULL DEFAULT '' COMMENT '登录地点',
  `browser` varchar(50) CHARACTER SET utf8 COLLATE utf8_general_ci NULL DEFAULT '' COMMENT '浏览器类型',
  `os` varchar(50) CHARACTER SET utf8 COLLATE utf8_general_ci NULL DEFAULT '' COMMENT '操作系统',
  `status` char(1) CHARACTER SET utf8 COLLATE utf8_general_ci NULL DEFAULT '0' COMMENT '登录状态（0成功 1失败）',
  `msg` varchar(255) CHARACTER SET utf8 COLLATE utf8_general_ci NULL DEFAULT '' COMMENT '提示消息',
  `login_time` datetime NULL DEFAULT NULL COMMENT '访问时间',
  PRIMARY KEY (`info_id`) USING BTREE
) ENGINE = InnoDB AUTO_INCREMENT = 111 CHARACTER SET = utf8 COLLATE = utf8_general_ci COMMENT = '系统访问记录' ROW_FORMAT = DYNAMIC;

-- ----------------------------
-- Records of sys_logininfor
-- ----------------------------
INSERT INTO `sys_logininfor` VALUES (100, 'admin', '127.0.0.1', '内网IP', 'Chrome 8', 'Windows 10', '0', '登录成功', '2021-02-25 17:14:38');
INSERT INTO `sys_logininfor` VALUES (101, 'admin', '127.0.0.1', '内网IP', 'Chrome 8', 'Windows 10', '0', '登录成功', '2021-03-08 09:40:53');
INSERT INTO `sys_logininfor` VALUES (102, 'admin', '127.0.0.1', '内网IP', 'Chrome 8', 'Windows 10', '0', '退出成功', '2021-03-09 13:48:37');
INSERT INTO `sys_logininfor` VALUES (103, 'admin', '127.0.0.1', '内网IP', 'Chrome 8', 'Windows 10', '0', '登录成功', '2021-03-09 13:48:42');
INSERT INTO `sys_logininfor` VALUES (104, 'admin', '127.0.0.1', '内网IP', 'Chrome 8', 'Windows 10', '0', '登录成功', '2021-03-10 18:40:58');
INSERT INTO `sys_logininfor` VALUES (105, 'admin', '127.0.0.1', '内网IP', 'Chrome 8', 'Windows 10', '0', '登录成功', '2021-03-11 17:07:27');
INSERT INTO `sys_logininfor` VALUES (106, 'admin', '127.0.0.1', '内网IP', 'Chrome 8', 'Windows 10', '0', '退出成功', '2021-03-11 17:14:18');
INSERT INTO `sys_logininfor` VALUES (107, 'admin', '127.0.0.1', '内网IP', 'Chrome 8', 'Windows 10', '0', '登录成功', '2021-03-11 17:15:23');
INSERT INTO `sys_logininfor` VALUES (108, 'admin', '127.0.0.1', '内网IP', 'Chrome 8', 'Windows 10', '0', '退出成功', '2021-03-11 17:15:32');
INSERT INTO `sys_logininfor` VALUES (109, 'admin', '127.0.0.1', '内网IP', 'Chrome 8', 'Windows 10', '0', '登录成功', '2021-03-11 17:18:24');
INSERT INTO `sys_logininfor` VALUES (110, 'admin', '127.0.0.1', '内网IP', 'Chrome 8', 'Windows 10', '0', '登录成功', '2021-03-25 14:30:42');

-- ----------------------------
-- Table structure for sys_menu
-- ----------------------------
DROP TABLE IF EXISTS `sys_menu`;
CREATE TABLE `sys_menu`  (
  `menu_id` bigint(20) NOT NULL AUTO_INCREMENT COMMENT '菜单ID',
  `menu_name` varchar(50) CHARACTER SET utf8 COLLATE utf8_general_ci NOT NULL COMMENT '菜单名称',
  `parent_id` bigint(20) NULL DEFAULT 0 COMMENT '父菜单ID',
  `order_num` int(4) NULL DEFAULT 0 COMMENT '显示顺序',
  `path` varchar(200) CHARACTER SET utf8 COLLATE utf8_general_ci NULL DEFAULT '' COMMENT '路由地址',
  `component` varchar(255) CHARACTER SET utf8 COLLATE utf8_general_ci NULL DEFAULT NULL COMMENT '组件路径',
  `is_frame` int(1) NULL DEFAULT 1 COMMENT '是否为外链（0是 1否）',
  `is_cache` int(1) NULL DEFAULT 0 COMMENT '是否缓存（0缓存 1不缓存）',
  `menu_type` char(1) CHARACTER SET utf8 COLLATE utf8_general_ci NULL DEFAULT '' COMMENT '菜单类型（M目录 C菜单 F按钮）',
  `visible` char(1) CHARACTER SET utf8 COLLATE utf8_general_ci NULL DEFAULT '0' COMMENT '菜单状态（0显示 1隐藏）',
  `status` char(1) CHARACTER SET utf8 COLLATE utf8_general_ci NULL DEFAULT '0' COMMENT '菜单状态（0正常 1停用）',
  `perms` varchar(100) CHARACTER SET utf8 COLLATE utf8_general_ci NULL DEFAULT NULL COMMENT '权限标识',
  `icon` varchar(100) CHARACTER SET utf8 COLLATE utf8_general_ci NULL DEFAULT '#' COMMENT '菜单图标',
  `create_by` varchar(64) CHARACTER SET utf8 COLLATE utf8_general_ci NULL DEFAULT '' COMMENT '创建者',
  `create_time` datetime NULL DEFAULT NULL COMMENT '创建时间',
  `update_by` varchar(64) CHARACTER SET utf8 COLLATE utf8_general_ci NULL DEFAULT '' COMMENT '更新者',
  `update_time` datetime NULL DEFAULT NULL COMMENT '更新时间',
  `remark` varchar(500) CHARACTER SET utf8 COLLATE utf8_general_ci NULL DEFAULT '' COMMENT '备注',
  PRIMARY KEY (`menu_id`) USING BTREE
) ENGINE = InnoDB AUTO_INCREMENT = 2180 CHARACTER SET = utf8 COLLATE = utf8_general_ci COMMENT = '菜单权限表' ROW_FORMAT = DYNAMIC;

-- ----------------------------
-- Records of sys_menu
-- ----------------------------
INSERT INTO `sys_menu` VALUES (1, '系统管理', 0, 1, 'system', NULL, 1, 0, 'M', '0', '0', '', 'system', 'admin', '2021-02-25 16:38:41', '', NULL, '系统管理目录');
INSERT INTO `sys_menu` VALUES (2, '系统监控', 4, 4, 'monitor', NULL, 1, 0, 'M', '0', '0', '', 'monitor', 'admin', '2021-02-25 16:38:41', 'admin', '2021-03-25 14:45:25', '系统监控目录');
INSERT INTO `sys_menu` VALUES (3, '开发工具', 4, 4, 'tool', NULL, 1, 0, 'M', '0', '0', '', 'tool', 'admin', '2021-02-25 16:38:41', 'admin', '2021-03-25 14:45:34', '系统工具目录');
INSERT INTO `sys_menu` VALUES (4, '管理工具', 0, 4, 'ext', NULL, 1, 0, 'M', '0', '0', '', 'validCode', 'admin', '2021-02-25 16:38:41', 'admin', '2021-02-25 17:18:02', '若依官网地址');
INSERT INTO `sys_menu` VALUES (9, '查询统计', 0, 9, 'charts', NULL, 1, 0, 'M', '0', '0', '', 'chart', 'admin', '2021-02-25 17:19:34', 'admin', '2021-02-25 17:21:16', '');
INSERT INTO `sys_menu` VALUES (100, '用户管理', 1, 1, 'user', 'system/user/index', 1, 0, 'C', '0', '0', 'system:user:list', 'user', 'admin', '2021-02-25 16:38:41', 'admin', '2021-02-25 17:20:30', '用户管理菜单');
INSERT INTO `sys_menu` VALUES (101, '角色管理', 1, 2, 'role', 'system/role/index', 1, 0, 'C', '0', '0', 'system:role:list', 'peoples', 'admin', '2021-02-25 16:38:41', 'admin', '2021-02-25 17:20:38', '角色管理菜单');
INSERT INTO `sys_menu` VALUES (102, '菜单管理', 1, 3, 'menu', 'system/menu/index', 1, 0, 'C', '0', '0', 'system:menu:list', 'tree-table', 'admin', '2021-02-25 16:38:41', 'admin', '2021-02-25 17:20:43', '菜单管理菜单');
INSERT INTO `sys_menu` VALUES (103, '部门管理', 1, 4, 'dept', 'system/dept/index', 1, 0, 'C', '0', '0', 'system:dept:list', 'tree', 'admin', '2021-02-25 16:38:41', 'admin', '2021-02-25 17:20:48', '部门管理菜单');
INSERT INTO `sys_menu` VALUES (104, '岗位管理', 1, 5, 'post', 'system/post/index', 1, 0, 'C', '0', '0', 'system:post:list', 'post', 'admin', '2021-02-25 16:38:41', 'admin', '2021-02-25 17:20:54', '岗位管理菜单');
INSERT INTO `sys_menu` VALUES (105, '字典管理', 1, 6, 'dict', 'system/dict/index', 1, 0, 'C', '0', '0', 'system:dict:list', 'dict', 'admin', '2021-02-25 16:38:41', '', NULL, '字典管理菜单');
INSERT INTO `sys_menu` VALUES (106, '参数设置', 1, 7, 'config', 'system/config/index', 1, 0, 'C', '0', '0', 'system:config:list', 'edit', 'admin', '2021-02-25 16:38:41', '', NULL, '参数设置菜单');
INSERT INTO `sys_menu` VALUES (107, '通知公告', 1, 8, 'notice', 'system/notice/index', 1, 0, 'C', '0', '0', 'system:notice:list', 'message', 'admin', '2021-02-25 16:38:41', '', NULL, '通知公告菜单');
INSERT INTO `sys_menu` VALUES (108, '日志管理', 1, 9, 'log', '', 1, 0, 'M', '0', '0', '', 'log', 'admin', '2021-02-25 16:38:41', '', NULL, '日志管理菜单');
INSERT INTO `sys_menu` VALUES (109, '在线用户', 2, 1, 'online', 'monitor/online/index', 1, 0, 'C', '0', '0', 'monitor:online:list', 'online', 'admin', '2021-02-25 16:38:41', '', NULL, '在线用户菜单');
INSERT INTO `sys_menu` VALUES (111, '数据监控', 2, 3, 'druid', 'monitor/druid/index', 1, 0, 'C', '0', '0', 'monitor:druid:list', 'druid', 'admin', '2021-02-25 16:38:41', '', NULL, '数据监控菜单');
INSERT INTO `sys_menu` VALUES (112, '服务监控', 2, 4, 'server', 'monitor/server/index', 1, 0, 'C', '0', '0', 'monitor:server:list', 'server', 'admin', '2021-02-25 16:38:41', '', NULL, '服务监控菜单');
INSERT INTO `sys_menu` VALUES (113, '缓存监控', 2, 5, 'cache', 'monitor/cache/index', 1, 0, 'C', '0', '0', 'monitor:cache:list', 'redis', 'admin', '2021-02-25 16:38:41', '', NULL, '缓存监控菜单');
INSERT INTO `sys_menu` VALUES (114, '表单构建', 3, 1, 'build', 'tool/build/index', 1, 0, 'C', '0', '0', 'tool:build:list', 'build', 'admin', '2021-02-25 16:38:41', '', NULL, '表单构建菜单');
INSERT INTO `sys_menu` VALUES (115, '代码生成', 3, 2, 'gen', 'tool/gen/index', 1, 0, 'C', '0', '0', 'tool:gen:list', 'code', 'admin', '2021-02-25 16:38:41', '', NULL, '代码生成菜单');
INSERT INTO `sys_menu` VALUES (116, '系统接口', 3, 3, 'swagger', 'tool/swagger/index', 1, 0, 'C', '0', '0', 'tool:swagger:list', 'swagger', 'admin', '2021-02-25 16:38:41', '', NULL, '系统接口菜单');
INSERT INTO `sys_menu` VALUES (500, '操作日志', 108, 1, 'operlog', 'monitor/operlog/index', 1, 0, 'C', '0', '0', 'monitor:operlog:list', 'form', 'admin', '2021-02-25 16:38:41', '', NULL, '操作日志菜单');
INSERT INTO `sys_menu` VALUES (501, '登录日志', 108, 2, 'logininfor', 'monitor/logininfor/index', 1, 0, 'C', '0', '0', 'monitor:logininfor:list', 'logininfor', 'admin', '2021-02-25 16:38:41', '', NULL, '登录日志菜单');
INSERT INTO `sys_menu` VALUES (1001, '用户查询', 100, 1, '', '', 1, 0, 'F', '0', '0', 'system:user:query', '#', 'admin', '2021-02-25 16:38:41', '', NULL, '');
INSERT INTO `sys_menu` VALUES (1002, '用户新增', 100, 2, '', '', 1, 0, 'F', '0', '0', 'system:user:add', '#', 'admin', '2021-02-25 16:38:41', '', NULL, '');
INSERT INTO `sys_menu` VALUES (1003, '用户修改', 100, 3, '', '', 1, 0, 'F', '0', '0', 'system:user:edit', '#', 'admin', '2021-02-25 16:38:41', '', NULL, '');
INSERT INTO `sys_menu` VALUES (1004, '用户删除', 100, 4, '', '', 1, 0, 'F', '0', '0', 'system:user:remove', '#', 'admin', '2021-02-25 16:38:41', '', NULL, '');
INSERT INTO `sys_menu` VALUES (1005, '用户导出', 100, 5, '', '', 1, 0, 'F', '0', '0', 'system:user:export', '#', 'admin', '2021-02-25 16:38:41', '', NULL, '');
INSERT INTO `sys_menu` VALUES (1006, '用户导入', 100, 6, '', '', 1, 0, 'F', '0', '0', 'system:user:import', '#', 'admin', '2021-02-25 16:38:41', '', NULL, '');
INSERT INTO `sys_menu` VALUES (1007, '重置密码', 100, 7, '', '', 1, 0, 'F', '0', '0', 'system:user:resetPwd', '#', 'admin', '2021-02-25 16:38:41', '', NULL, '');
INSERT INTO `sys_menu` VALUES (1008, '角色查询', 101, 1, '', '', 1, 0, 'F', '0', '0', 'system:role:query', '#', 'admin', '2021-02-25 16:38:41', '', NULL, '');
INSERT INTO `sys_menu` VALUES (1009, '角色新增', 101, 2, '', '', 1, 0, 'F', '0', '0', 'system:role:add', '#', 'admin', '2021-02-25 16:38:41', '', NULL, '');
INSERT INTO `sys_menu` VALUES (1010, '角色修改', 101, 3, '', '', 1, 0, 'F', '0', '0', 'system:role:edit', '#', 'admin', '2021-02-25 16:38:41', '', NULL, '');
INSERT INTO `sys_menu` VALUES (1011, '角色删除', 101, 4, '', '', 1, 0, 'F', '0', '0', 'system:role:remove', '#', 'admin', '2021-02-25 16:38:41', '', NULL, '');
INSERT INTO `sys_menu` VALUES (1012, '角色导出', 101, 5, '', '', 1, 0, 'F', '0', '0', 'system:role:export', '#', 'admin', '2021-02-25 16:38:41', '', NULL, '');
INSERT INTO `sys_menu` VALUES (1013, '菜单查询', 102, 1, '', '', 1, 0, 'F', '0', '0', 'system:menu:query', '#', 'admin', '2021-02-25 16:38:41', '', NULL, '');
INSERT INTO `sys_menu` VALUES (1014, '菜单新增', 102, 2, '', '', 1, 0, 'F', '0', '0', 'system:menu:add', '#', 'admin', '2021-02-25 16:38:41', '', NULL, '');
INSERT INTO `sys_menu` VALUES (1015, '菜单修改', 102, 3, '', '', 1, 0, 'F', '0', '0', 'system:menu:edit', '#', 'admin', '2021-02-25 16:38:41', '', NULL, '');
INSERT INTO `sys_menu` VALUES (1016, '菜单删除', 102, 4, '', '', 1, 0, 'F', '0', '0', 'system:menu:remove', '#', 'admin', '2021-02-25 16:38:41', '', NULL, '');
INSERT INTO `sys_menu` VALUES (1017, '部门查询', 103, 1, '', '', 1, 0, 'F', '0', '0', 'system:dept:query', '#', 'admin', '2021-02-25 16:38:41', '', NULL, '');
INSERT INTO `sys_menu` VALUES (1018, '部门新增', 103, 2, '', '', 1, 0, 'F', '0', '0', 'system:dept:add', '#', 'admin', '2021-02-25 16:38:41', '', NULL, '');
INSERT INTO `sys_menu` VALUES (1019, '部门修改', 103, 3, '', '', 1, 0, 'F', '0', '0', 'system:dept:edit', '#', 'admin', '2021-02-25 16:38:41', '', NULL, '');
INSERT INTO `sys_menu` VALUES (1020, '部门删除', 103, 4, '', '', 1, 0, 'F', '0', '0', 'system:dept:remove', '#', 'admin', '2021-02-25 16:38:41', '', NULL, '');
INSERT INTO `sys_menu` VALUES (1021, '岗位查询', 104, 1, '', '', 1, 0, 'F', '0', '0', 'system:post:query', '#', 'admin', '2021-02-25 16:38:41', '', NULL, '');
INSERT INTO `sys_menu` VALUES (1022, '岗位新增', 104, 2, '', '', 1, 0, 'F', '0', '0', 'system:post:add', '#', 'admin', '2021-02-25 16:38:41', '', NULL, '');
INSERT INTO `sys_menu` VALUES (1023, '岗位修改', 104, 3, '', '', 1, 0, 'F', '0', '0', 'system:post:edit', '#', 'admin', '2021-02-25 16:38:41', '', NULL, '');
INSERT INTO `sys_menu` VALUES (1024, '岗位删除', 104, 4, '', '', 1, 0, 'F', '0', '0', 'system:post:remove', '#', 'admin', '2021-02-25 16:38:41', '', NULL, '');
INSERT INTO `sys_menu` VALUES (1025, '岗位导出', 104, 5, '', '', 1, 0, 'F', '0', '0', 'system:post:export', '#', 'admin', '2021-02-25 16:38:41', '', NULL, '');
INSERT INTO `sys_menu` VALUES (1026, '字典查询', 105, 1, '#', '', 1, 0, 'F', '0', '0', 'system:dict:query', '#', 'admin', '2021-02-25 16:38:41', '', NULL, '');
INSERT INTO `sys_menu` VALUES (1027, '字典新增', 105, 2, '#', '', 1, 0, 'F', '0', '0', 'system:dict:add', '#', 'admin', '2021-02-25 16:38:41', '', NULL, '');
INSERT INTO `sys_menu` VALUES (1028, '字典修改', 105, 3, '#', '', 1, 0, 'F', '0', '0', 'system:dict:edit', '#', 'admin', '2021-02-25 16:38:41', '', NULL, '');
INSERT INTO `sys_menu` VALUES (1029, '字典删除', 105, 4, '#', '', 1, 0, 'F', '0', '0', 'system:dict:remove', '#', 'admin', '2021-02-25 16:38:41', '', NULL, '');
INSERT INTO `sys_menu` VALUES (1030, '字典导出', 105, 5, '#', '', 1, 0, 'F', '0', '0', 'system:dict:export', '#', 'admin', '2021-02-25 16:38:41', '', NULL, '');
INSERT INTO `sys_menu` VALUES (1031, '参数查询', 106, 1, '#', '', 1, 0, 'F', '0', '0', 'system:config:query', '#', 'admin', '2021-02-25 16:38:41', '', NULL, '');
INSERT INTO `sys_menu` VALUES (1032, '参数新增', 106, 2, '#', '', 1, 0, 'F', '0', '0', 'system:config:add', '#', 'admin', '2021-02-25 16:38:41', '', NULL, '');
INSERT INTO `sys_menu` VALUES (1033, '参数修改', 106, 3, '#', '', 1, 0, 'F', '0', '0', 'system:config:edit', '#', 'admin', '2021-02-25 16:38:41', '', NULL, '');
INSERT INTO `sys_menu` VALUES (1034, '参数删除', 106, 4, '#', '', 1, 0, 'F', '0', '0', 'system:config:remove', '#', 'admin', '2021-02-25 16:38:41', '', NULL, '');
INSERT INTO `sys_menu` VALUES (1035, '参数导出', 106, 5, '#', '', 1, 0, 'F', '0', '0', 'system:config:export', '#', 'admin', '2021-02-25 16:38:41', '', NULL, '');
INSERT INTO `sys_menu` VALUES (1036, '公告查询', 107, 1, '#', '', 1, 0, 'F', '0', '0', 'system:notice:query', '#', 'admin', '2021-02-25 16:38:41', '', NULL, '');
INSERT INTO `sys_menu` VALUES (1037, '公告新增', 107, 2, '#', '', 1, 0, 'F', '0', '0', 'system:notice:add', '#', 'admin', '2021-02-25 16:38:41', '', NULL, '');
INSERT INTO `sys_menu` VALUES (1038, '公告修改', 107, 3, '#', '', 1, 0, 'F', '0', '0', 'system:notice:edit', '#', 'admin', '2021-02-25 16:38:41', '', NULL, '');
INSERT INTO `sys_menu` VALUES (1039, '公告删除', 107, 4, '#', '', 1, 0, 'F', '0', '0', 'system:notice:remove', '#', 'admin', '2021-02-25 16:38:41', '', NULL, '');
INSERT INTO `sys_menu` VALUES (1040, '操作查询', 500, 1, '#', '', 1, 0, 'F', '0', '0', 'monitor:operlog:query', '#', 'admin', '2021-02-25 16:38:41', '', NULL, '');
INSERT INTO `sys_menu` VALUES (1041, '操作删除', 500, 2, '#', '', 1, 0, 'F', '0', '0', 'monitor:operlog:remove', '#', 'admin', '2021-02-25 16:38:41', '', NULL, '');
INSERT INTO `sys_menu` VALUES (1042, '日志导出', 500, 4, '#', '', 1, 0, 'F', '0', '0', 'monitor:operlog:export', '#', 'admin', '2021-02-25 16:38:41', '', NULL, '');
INSERT INTO `sys_menu` VALUES (1043, '登录查询', 501, 1, '#', '', 1, 0, 'F', '0', '0', 'monitor:logininfor:query', '#', 'admin', '2021-02-25 16:38:41', '', NULL, '');
INSERT INTO `sys_menu` VALUES (1044, '登录删除', 501, 2, '#', '', 1, 0, 'F', '0', '0', 'monitor:logininfor:remove', '#', 'admin', '2021-02-25 16:38:41', '', NULL, '');
INSERT INTO `sys_menu` VALUES (1045, '日志导出', 501, 3, '#', '', 1, 0, 'F', '0', '0', 'monitor:logininfor:export', '#', 'admin', '2021-02-25 16:38:41', '', NULL, '');
INSERT INTO `sys_menu` VALUES (1046, '在线查询', 109, 1, '#', '', 1, 0, 'F', '0', '0', 'monitor:online:query', '#', 'admin', '2021-02-25 16:38:41', '', NULL, '');
INSERT INTO `sys_menu` VALUES (1047, '批量强退', 109, 2, '#', '', 1, 0, 'F', '0', '0', 'monitor:online:batchLogout', '#', 'admin', '2021-02-25 16:38:41', '', NULL, '');
INSERT INTO `sys_menu` VALUES (1048, '单条强退', 109, 3, '#', '', 1, 0, 'F', '0', '0', 'monitor:online:forceLogout', '#', 'admin', '2021-02-25 16:38:41', '', NULL, '');
INSERT INTO `sys_menu` VALUES (1055, '生成查询', 115, 1, '#', '', 1, 0, 'F', '0', '0', 'tool:gen:query', '#', 'admin', '2021-02-25 16:38:41', '', NULL, '');
INSERT INTO `sys_menu` VALUES (1056, '生成修改', 115, 2, '#', '', 1, 0, 'F', '0', '0', 'tool:gen:edit', '#', 'admin', '2021-02-25 16:38:41', '', NULL, '');
INSERT INTO `sys_menu` VALUES (1057, '生成删除', 115, 3, '#', '', 1, 0, 'F', '0', '0', 'tool:gen:remove', '#', 'admin', '2021-02-25 16:38:41', '', NULL, '');
INSERT INTO `sys_menu` VALUES (1058, '导入代码', 115, 2, '#', '', 1, 0, 'F', '0', '0', 'tool:gen:import', '#', 'admin', '2021-02-25 16:38:41', '', NULL, '');
INSERT INTO `sys_menu` VALUES (1059, '预览代码', 115, 4, '#', '', 1, 0, 'F', '0', '0', 'tool:gen:preview', '#', 'admin', '2021-02-25 16:38:41', '', NULL, '');
INSERT INTO `sys_menu` VALUES (1060, '生成代码', 115, 5, '#', '', 1, 0, 'F', '0', '0', 'tool:gen:code', '#', 'admin', '2021-02-25 16:38:41', '', NULL, '');
INSERT INTO `sys_menu` VALUES (2001, '数据中心', 4, 1, 'xdata', NULL, 1, 0, 'M', '0', '0', NULL, 'build', 'admin', '2021-02-25 17:24:17', '', NULL, '');
INSERT INTO `sys_menu` VALUES (2002, '数据报表', 4, 2, 'chart', NULL, 1, 0, 'M', '0', '0', NULL, 'chart', 'admin', '2021-02-25 17:24:55', '', NULL, '');
INSERT INTO `sys_menu` VALUES (2003, '消息查询', 2, 1, 'msg', 'sys/msg/index', 1, 0, 'C', '0', '0', 'sys:msg:list', 'message', 'admin', '2021-02-25 18:31:07', 'admin', '2021-02-25 19:01:58', '消息菜单');
INSERT INTO `sys_menu` VALUES (2004, '消息查询', 2003, 1, '#', '', 1, 0, 'F', '0', '0', 'sys:msg:query', '#', 'admin', '2021-02-25 18:31:07', '', NULL, '');
INSERT INTO `sys_menu` VALUES (2005, '消息新增', 2003, 2, '#', '', 1, 0, 'F', '0', '0', 'sys:msg:add', '#', 'admin', '2021-02-25 18:31:07', '', NULL, '');
INSERT INTO `sys_menu` VALUES (2006, '消息修改', 2003, 3, '#', '', 1, 0, 'F', '0', '0', 'sys:msg:edit', '#', 'admin', '2021-02-25 18:31:07', '', NULL, '');
INSERT INTO `sys_menu` VALUES (2007, '消息删除', 2003, 4, '#', '', 1, 0, 'F', '0', '0', 'sys:msg:remove', '#', 'admin', '2021-02-25 18:31:07', '', NULL, '');
INSERT INTO `sys_menu` VALUES (2008, '消息导出', 2003, 5, '#', '', 1, 0, 'F', '0', '0', 'sys:msg:export', '#', 'admin', '2021-02-25 18:31:07', '', NULL, '');
INSERT INTO `sys_menu` VALUES (2009, '应用管理', 2001, 1, 'client', 'xdata/client/index', 1, 0, 'C', '0', '0', 'xdata:client:list', 'server', 'admin', '2021-02-25 18:33:19', 'admin', '2021-02-25 18:50:41', '应用管理菜单');
INSERT INTO `sys_menu` VALUES (2010, '应用管理查询', 2009, 1, '#', '', 1, 0, 'F', '0', '0', 'xdata:client:query', '#', 'admin', '2021-02-25 18:33:19', 'admin', '2021-02-25 18:42:50', '');
INSERT INTO `sys_menu` VALUES (2011, '应用管理新增', 2009, 2, '#', '', 1, 0, 'F', '0', '0', 'xdata:client:add', '#', 'admin', '2021-02-25 18:33:19', 'admin', '2021-02-25 18:42:55', '');
INSERT INTO `sys_menu` VALUES (2012, '应用管理修改', 2009, 3, '#', '', 1, 0, 'F', '0', '0', 'xdata:client:edit', '#', 'admin', '2021-02-25 18:33:19', 'admin', '2021-02-25 18:43:04', '');
INSERT INTO `sys_menu` VALUES (2013, '应用管理删除', 2009, 4, '#', '', 1, 0, 'F', '0', '0', 'xdata:client:remove', '#', 'admin', '2021-02-25 18:33:19', 'admin', '2021-02-25 18:43:10', '');
INSERT INTO `sys_menu` VALUES (2014, '应用管理导出', 2009, 5, '#', '', 1, 0, 'F', '0', '0', 'xdata:client:export', '#', 'admin', '2021-02-25 18:33:19', 'admin', '2021-02-25 18:43:15', '');
INSERT INTO `sys_menu` VALUES (2015, '模型管理', 2001, 1, 'model', 'xdata/model/index', 1, 0, 'C', '0', '0', 'xdata:model:list', 'table', 'admin', '2021-02-25 18:33:31', 'admin', '2021-02-25 18:51:34', '模型管理菜单');
INSERT INTO `sys_menu` VALUES (2016, '模型管理查询', 2015, 1, '#', '', 1, 0, 'F', '0', '0', 'xdata:model:query', '#', 'admin', '2021-02-25 18:33:31', 'admin', '2021-02-25 18:43:25', '');
INSERT INTO `sys_menu` VALUES (2017, '模型管理新增', 2015, 2, '#', '', 1, 0, 'F', '0', '0', 'xdata:model:add', '#', 'admin', '2021-02-25 18:33:31', 'admin', '2021-02-25 18:43:30', '');
INSERT INTO `sys_menu` VALUES (2018, '模型管理修改', 2015, 3, '#', '', 1, 0, 'F', '0', '0', 'xdata:model:edit', '#', 'admin', '2021-02-25 18:33:31', 'admin', '2021-02-25 18:43:35', '');
INSERT INTO `sys_menu` VALUES (2019, '模型管理删除', 2015, 4, '#', '', 1, 0, 'F', '0', '0', 'xdata:model:remove', '#', 'admin', '2021-02-25 18:33:31', 'admin', '2021-02-25 18:43:41', '');
INSERT INTO `sys_menu` VALUES (2020, '模型管理导出', 2015, 5, '#', '', 1, 0, 'F', '0', '0', 'xdata:model:export', '#', 'admin', '2021-02-25 18:33:31', 'admin', '2021-02-25 18:43:47', '');
INSERT INTO `sys_menu` VALUES (2021, '通道管理', 2001, 1, 'pipe', 'xdata/pipe/index', 1, 0, 'C', '0', '0', 'xdata:pipe:list', 'swagger', 'admin', '2021-02-25 18:33:42', 'admin', '2021-02-25 18:51:26', '通道菜单');
INSERT INTO `sys_menu` VALUES (2022, '通道查询', 2021, 1, '#', '', 1, 0, 'F', '0', '0', 'xdata:pipe:query', '#', 'admin', '2021-02-25 18:33:42', 'admin', '2021-02-25 18:43:54', '');
INSERT INTO `sys_menu` VALUES (2023, '通道新增', 2021, 2, '#', '', 1, 0, 'F', '0', '0', 'xdata:pipe:add', '#', 'admin', '2021-02-25 18:33:42', 'admin', '2021-02-25 18:43:59', '');
INSERT INTO `sys_menu` VALUES (2024, '通道修改', 2021, 3, '#', '', 1, 0, 'F', '0', '0', 'xdata:pipe:edit', '#', 'admin', '2021-02-25 18:33:42', 'admin', '2021-02-25 18:44:04', '');
INSERT INTO `sys_menu` VALUES (2025, '通道删除', 2021, 4, '#', '', 1, 0, 'F', '0', '0', 'xdata:pipe:remove', '#', 'admin', '2021-02-25 18:33:42', 'admin', '2021-02-25 18:44:09', '');
INSERT INTO `sys_menu` VALUES (2026, '通道导出', 2021, 5, '#', '', 1, 0, 'F', '0', '0', 'xdata:pipe:export', '#', 'admin', '2021-02-25 18:33:42', 'admin', '2021-02-25 18:44:14', '');
INSERT INTO `sys_menu` VALUES (2027, '数据集', 2002, 1, 'dataset', 'sys/dataset/index', 1, 0, 'C', '0', '0', 'sys:dataset:list', 'tab', 'admin', '2021-02-25 18:33:52', 'admin', '2021-02-25 18:52:08', '数据集菜单');
INSERT INTO `sys_menu` VALUES (2028, '数据集查询', 2027, 1, '#', '', 1, 0, 'F', '0', '0', 'sys:dataset:query', '#', 'admin', '2021-02-25 18:33:52', '', NULL, '');
INSERT INTO `sys_menu` VALUES (2029, '数据集新增', 2027, 2, '#', '', 1, 0, 'F', '0', '0', 'sys:dataset:add', '#', 'admin', '2021-02-25 18:33:52', '', NULL, '');
INSERT INTO `sys_menu` VALUES (2030, '数据集修改', 2027, 3, '#', '', 1, 0, 'F', '0', '0', 'sys:dataset:edit', '#', 'admin', '2021-02-25 18:33:52', '', NULL, '');
INSERT INTO `sys_menu` VALUES (2031, '数据集删除', 2027, 4, '#', '', 1, 0, 'F', '0', '0', 'sys:dataset:remove', '#', 'admin', '2021-02-25 18:33:52', '', NULL, '');
INSERT INTO `sys_menu` VALUES (2032, '数据集导出', 2027, 5, '#', '', 1, 0, 'F', '0', '0', 'sys:dataset:export', '#', 'admin', '2021-02-25 18:33:52', '', NULL, '');
INSERT INTO `sys_menu` VALUES (2033, '报表设计', 2002, 1, 'chart', 'sys/chart/index', 1, 0, 'C', '0', '0', 'sys:chart:list', 'chart', 'admin', '2021-02-25 18:34:01', 'admin', '2021-02-25 18:52:22', '报表管理菜单');
INSERT INTO `sys_menu` VALUES (2034, '报表管理查询', 2033, 1, '#', '', 1, 0, 'F', '0', '0', 'sys:chart:query', '#', 'admin', '2021-02-25 18:34:01', '', NULL, '');
INSERT INTO `sys_menu` VALUES (2035, '报表管理新增', 2033, 2, '#', '', 1, 0, 'F', '0', '0', 'sys:chart:add', '#', 'admin', '2021-02-25 18:34:01', '', NULL, '');
INSERT INTO `sys_menu` VALUES (2036, '报表管理修改', 2033, 3, '#', '', 1, 0, 'F', '0', '0', 'sys:chart:edit', '#', 'admin', '2021-02-25 18:34:01', '', NULL, '');
INSERT INTO `sys_menu` VALUES (2037, '报表管理删除', 2033, 4, '#', '', 1, 0, 'F', '0', '0', 'sys:chart:remove', '#', 'admin', '2021-02-25 18:34:01', '', NULL, '');
INSERT INTO `sys_menu` VALUES (2038, '报表管理导出', 2033, 5, '#', '', 1, 0, 'F', '0', '0', 'sys:chart:export', '#', 'admin', '2021-02-25 18:34:01', '', NULL, '');
INSERT INTO `sys_menu` VALUES (2039, '个人中心', 0, 2, 'person', NULL, 1, 0, 'M', '0', '0', NULL, 'star', 'admin', '2021-02-25 19:19:56', '', NULL, '');
INSERT INTO `sys_menu` VALUES (2040, '收件箱', 2039, 11, 'msg/in', 'sys/msg/in', 1, 0, 'C', '0', '0', 'sys:msg:in', 'message', 'admin', '2021-02-25 19:21:10', 'admin', '2021-03-09 16:36:25', '');
INSERT INTO `sys_menu` VALUES (2041, '发件箱', 2039, 12, 'msg/out', 'sys/msg/out', 1, 0, 'C', '0', '0', 'sys:msg:out', 'message', 'admin', '2021-02-25 19:21:47', 'admin', '2021-03-09 16:36:30', '');
INSERT INTO `sys_menu` VALUES (2042, '资产管理', 0, 5, 'assets', NULL, 1, 0, 'M', '0', '0', NULL, 'redis', 'admin', '2021-03-04 20:24:02', '', NULL, '');
INSERT INTO `sys_menu` VALUES (2043, '仓库管理', 2042, 1, 'warehouse', 'asset/warehouse/index', 1, 0, 'C', '0', '0', 'asset:warehouse:list', 'input', 'admin', '2021-03-05 09:00:39', 'admin', '2021-03-05 15:55:42', '仓库菜单');
INSERT INTO `sys_menu` VALUES (2044, '仓库查询', 2043, 1, '#', '', 1, 0, 'F', '0', '0', 'asset:warehouse:query', '#', 'admin', '2021-03-05 09:00:39', '', NULL, '');
INSERT INTO `sys_menu` VALUES (2045, '仓库新增', 2043, 2, '#', '', 1, 0, 'F', '0', '0', 'asset:warehouse:add', '#', 'admin', '2021-03-05 09:00:39', '', NULL, '');
INSERT INTO `sys_menu` VALUES (2046, '仓库修改', 2043, 3, '#', '', 1, 0, 'F', '0', '0', 'asset:warehouse:edit', '#', 'admin', '2021-03-05 09:00:39', '', NULL, '');
INSERT INTO `sys_menu` VALUES (2047, '仓库删除', 2043, 4, '#', '', 1, 0, 'F', '0', '0', 'asset:warehouse:remove', '#', 'admin', '2021-03-05 09:00:39', '', NULL, '');
INSERT INTO `sys_menu` VALUES (2048, '仓库导出', 2043, 5, '#', '', 1, 0, 'F', '0', '0', 'asset:warehouse:export', '#', 'admin', '2021-03-05 09:00:39', '', NULL, '');
INSERT INTO `sys_menu` VALUES (2049, '资产分类', 2042, 1, 'category', 'asset/category/index', 1, 0, 'C', '0', '0', 'asset:category:list', 'nested', 'admin', '2021-03-05 09:00:51', 'admin', '2021-03-08 15:49:25', '资产分类菜单');
INSERT INTO `sys_menu` VALUES (2050, '资产分类查询', 2049, 1, '#', '', 1, 0, 'F', '0', '0', 'asset:category:query', '#', 'admin', '2021-03-05 09:00:51', '', NULL, '');
INSERT INTO `sys_menu` VALUES (2051, '资产分类新增', 2049, 2, '#', '', 1, 0, 'F', '0', '0', 'asset:category:add', '#', 'admin', '2021-03-05 09:00:51', '', NULL, '');
INSERT INTO `sys_menu` VALUES (2052, '资产分类修改', 2049, 3, '#', '', 1, 0, 'F', '0', '0', 'asset:category:edit', '#', 'admin', '2021-03-05 09:00:51', '', NULL, '');
INSERT INTO `sys_menu` VALUES (2053, '资产分类删除', 2049, 4, '#', '', 1, 0, 'F', '0', '0', 'asset:category:remove', '#', 'admin', '2021-03-05 09:00:51', '', NULL, '');
INSERT INTO `sys_menu` VALUES (2054, '资产分类导出', 2049, 5, '#', '', 1, 0, 'F', '0', '0', 'asset:category:export', '#', 'admin', '2021-03-05 09:00:51', '', NULL, '');
INSERT INTO `sys_menu` VALUES (2055, '资产信息', 2042, 1, 'info', 'asset/info/index', 1, 0, 'C', '0', '0', 'asset:info:list', 'redis', 'admin', '2021-03-05 09:01:04', 'admin', '2021-03-08 15:49:44', '资产信息菜单');
INSERT INTO `sys_menu` VALUES (2056, '资产信息查询', 2055, 1, '#', '', 1, 0, 'F', '0', '0', 'asset:info:query', '#', 'admin', '2021-03-05 09:01:04', '', NULL, '');
INSERT INTO `sys_menu` VALUES (2057, '资产信息新增', 2055, 2, '#', '', 1, 0, 'F', '0', '0', 'asset:info:add', '#', 'admin', '2021-03-05 09:01:04', '', NULL, '');
INSERT INTO `sys_menu` VALUES (2058, '资产信息修改', 2055, 3, '#', '', 1, 0, 'F', '0', '0', 'asset:info:edit', '#', 'admin', '2021-03-05 09:01:04', '', NULL, '');
INSERT INTO `sys_menu` VALUES (2059, '资产信息删除', 2055, 4, '#', '', 1, 0, 'F', '0', '0', 'asset:info:remove', '#', 'admin', '2021-03-05 09:01:04', '', NULL, '');
INSERT INTO `sys_menu` VALUES (2060, '资产信息导出', 2055, 5, '#', '', 1, 0, 'F', '0', '0', 'asset:info:export', '#', 'admin', '2021-03-05 09:01:04', '', NULL, '');
INSERT INTO `sys_menu` VALUES (2061, '采购管理', 2042, 1, 'purchase', 'asset/purchase/index', 1, 0, 'C', '0', '0', 'asset:purchase:list', 'shopping', 'admin', '2021-03-05 09:01:16', 'admin', '2021-03-05 10:17:32', '采购申请菜单');
INSERT INTO `sys_menu` VALUES (2062, '采购申请查询', 2061, 1, '#', '', 1, 0, 'F', '0', '0', 'asset:purchase:query', '#', 'admin', '2021-03-05 09:01:16', '', NULL, '');
INSERT INTO `sys_menu` VALUES (2063, '采购申请新增', 2061, 2, '#', '', 1, 0, 'F', '0', '0', 'asset:purchase:add', '#', 'admin', '2021-03-05 09:01:16', '', NULL, '');
INSERT INTO `sys_menu` VALUES (2064, '采购申请修改', 2061, 3, '#', '', 1, 0, 'F', '0', '0', 'asset:purchase:edit', '#', 'admin', '2021-03-05 09:01:16', '', NULL, '');
INSERT INTO `sys_menu` VALUES (2065, '采购申请删除', 2061, 4, '#', '', 1, 0, 'F', '0', '0', 'asset:purchase:remove', '#', 'admin', '2021-03-05 09:01:16', '', NULL, '');
INSERT INTO `sys_menu` VALUES (2066, '采购申请导出', 2061, 5, '#', '', 1, 0, 'F', '0', '0', 'asset:purchase:export', '#', 'admin', '2021-03-05 09:01:16', '', NULL, '');
INSERT INTO `sys_menu` VALUES (2067, '使用申请', 2042, 1, 'use', 'asset/use/index', 1, 0, 'C', '0', '0', 'asset:use:list', 'button', 'admin', '2021-03-05 09:02:05', 'admin', '2021-03-08 19:34:07', '使用申请菜单');
INSERT INTO `sys_menu` VALUES (2068, '使用申请查询', 2067, 1, '#', '', 1, 0, 'F', '0', '0', 'asset:use:query', '#', 'admin', '2021-03-05 09:02:05', '', NULL, '');
INSERT INTO `sys_menu` VALUES (2069, '使用申请新增', 2067, 2, '#', '', 1, 0, 'F', '0', '0', 'asset:use:add', '#', 'admin', '2021-03-05 09:02:05', '', NULL, '');
INSERT INTO `sys_menu` VALUES (2070, '使用申请修改', 2067, 3, '#', '', 1, 0, 'F', '0', '0', 'asset:use:edit', '#', 'admin', '2021-03-05 09:02:05', '', NULL, '');
INSERT INTO `sys_menu` VALUES (2071, '使用申请删除', 2067, 4, '#', '', 1, 0, 'F', '0', '0', 'asset:use:remove', '#', 'admin', '2021-03-05 09:02:05', '', NULL, '');
INSERT INTO `sys_menu` VALUES (2072, '使用申请导出', 2067, 5, '#', '', 1, 0, 'F', '0', '0', 'asset:use:export', '#', 'admin', '2021-03-05 09:02:05', '', NULL, '');
INSERT INTO `sys_menu` VALUES (2073, '出库管理', 2042, 1, 'delivery', 'asset/delivery/index', 1, 0, 'C', '0', '0', 'asset:delivery:list', 'form', 'admin', '2021-03-05 09:02:12', 'admin', '2021-03-08 19:33:58', '出库管理菜单');
INSERT INTO `sys_menu` VALUES (2074, '出库管理查询', 2073, 1, '#', '', 1, 0, 'F', '0', '0', 'asset:delivery:query', '#', 'admin', '2021-03-05 09:02:12', '', NULL, '');
INSERT INTO `sys_menu` VALUES (2075, '出库管理新增', 2073, 2, '#', '', 1, 0, 'F', '0', '0', 'asset:delivery:add', '#', 'admin', '2021-03-05 09:02:12', '', NULL, '');
INSERT INTO `sys_menu` VALUES (2076, '出库管理修改', 2073, 3, '#', '', 1, 0, 'F', '0', '0', 'asset:delivery:edit', '#', 'admin', '2021-03-05 09:02:12', '', NULL, '');
INSERT INTO `sys_menu` VALUES (2077, '出库管理删除', 2073, 4, '#', '', 1, 0, 'F', '0', '0', 'asset:delivery:remove', '#', 'admin', '2021-03-05 09:02:12', '', NULL, '');
INSERT INTO `sys_menu` VALUES (2078, '出库管理导出', 2073, 5, '#', '', 1, 0, 'F', '0', '0', 'asset:delivery:export', '#', 'admin', '2021-03-05 09:02:12', '', NULL, '');
INSERT INTO `sys_menu` VALUES (2079, '无形资产', 2042, 1, 'aptitude', 'asset/aptitude/index', 1, 0, 'C', '0', '0', 'asset:aptitude:list', 'star', 'admin', '2021-03-05 09:02:23', 'admin', '2021-03-08 15:50:20', '无形资产菜单');
INSERT INTO `sys_menu` VALUES (2080, '无形资产查询', 2079, 1, '#', '', 1, 0, 'F', '0', '0', 'asset:aptitude:query', '#', 'admin', '2021-03-05 09:02:23', '', NULL, '');
INSERT INTO `sys_menu` VALUES (2081, '无形资产新增', 2079, 2, '#', '', 1, 0, 'F', '0', '0', 'asset:aptitude:add', '#', 'admin', '2021-03-05 09:02:23', '', NULL, '');
INSERT INTO `sys_menu` VALUES (2082, '无形资产修改', 2079, 3, '#', '', 1, 0, 'F', '0', '0', 'asset:aptitude:edit', '#', 'admin', '2021-03-05 09:02:23', '', NULL, '');
INSERT INTO `sys_menu` VALUES (2083, '无形资产删除', 2079, 4, '#', '', 1, 0, 'F', '0', '0', 'asset:aptitude:remove', '#', 'admin', '2021-03-05 09:02:23', '', NULL, '');
INSERT INTO `sys_menu` VALUES (2084, '无形资产导出', 2079, 5, '#', '', 1, 0, 'F', '0', '0', 'asset:aptitude:export', '#', 'admin', '2021-03-05 09:02:23', '', NULL, '');
INSERT INTO `sys_menu` VALUES (2085, '耗材信息', 2042, 1, 'material', 'asset/material/index', 1, 0, 'C', '0', '0', 'asset:material:list', 'post', 'admin', '2021-03-05 09:02:31', 'admin', '2021-03-08 15:50:10', '耗材信息菜单');
INSERT INTO `sys_menu` VALUES (2086, '耗材信息查询', 2085, 1, '#', '', 1, 0, 'F', '0', '0', 'asset:material:query', '#', 'admin', '2021-03-05 09:02:31', '', NULL, '');
INSERT INTO `sys_menu` VALUES (2087, '耗材信息新增', 2085, 2, '#', '', 1, 0, 'F', '0', '0', 'asset:material:add', '#', 'admin', '2021-03-05 09:02:31', '', NULL, '');
INSERT INTO `sys_menu` VALUES (2088, '耗材信息修改', 2085, 3, '#', '', 1, 0, 'F', '0', '0', 'asset:material:edit', '#', 'admin', '2021-03-05 09:02:31', '', NULL, '');
INSERT INTO `sys_menu` VALUES (2089, '耗材信息删除', 2085, 4, '#', '', 1, 0, 'F', '0', '0', 'asset:material:remove', '#', 'admin', '2021-03-05 09:02:31', '', NULL, '');
INSERT INTO `sys_menu` VALUES (2090, '耗材信息导出', 2085, 5, '#', '', 1, 0, 'F', '0', '0', 'asset:material:export', '#', 'admin', '2021-03-05 09:02:31', '', NULL, '');
INSERT INTO `sys_menu` VALUES (2091, '资产租售', 2042, 1, 'sales', 'asset/sales/index', 1, 0, 'C', '0', '0', 'asset:sales:list', 'money', 'admin', '2021-03-05 09:02:40', 'admin', '2021-03-08 19:34:37', '资产租售菜单');
INSERT INTO `sys_menu` VALUES (2092, '资产租售查询', 2091, 1, '#', '', 1, 0, 'F', '0', '0', 'asset:sales:query', '#', 'admin', '2021-03-05 09:02:40', '', NULL, '');
INSERT INTO `sys_menu` VALUES (2093, '资产租售新增', 2091, 2, '#', '', 1, 0, 'F', '0', '0', 'asset:sales:add', '#', 'admin', '2021-03-05 09:02:40', '', NULL, '');
INSERT INTO `sys_menu` VALUES (2094, '资产租售修改', 2091, 3, '#', '', 1, 0, 'F', '0', '0', 'asset:sales:edit', '#', 'admin', '2021-03-05 09:02:40', '', NULL, '');
INSERT INTO `sys_menu` VALUES (2095, '资产租售删除', 2091, 4, '#', '', 1, 0, 'F', '0', '0', 'asset:sales:remove', '#', 'admin', '2021-03-05 09:02:40', '', NULL, '');
INSERT INTO `sys_menu` VALUES (2096, '资产租售导出', 2091, 5, '#', '', 1, 0, 'F', '0', '0', 'asset:sales:export', '#', 'admin', '2021-03-05 09:02:40', '', NULL, '');
INSERT INTO `sys_menu` VALUES (2097, '耗材领用', 2042, 1, 'pickup', 'asset/pickup/index', 1, 0, 'C', '0', '0', 'asset:pickup:list', 'checkbox', 'admin', '2021-03-05 09:03:34', 'admin', '2021-03-08 19:34:19', '耗材领用菜单');
INSERT INTO `sys_menu` VALUES (2098, '耗材领用查询', 2097, 1, '#', '', 1, 0, 'F', '0', '0', 'asset:pickup:query', '#', 'admin', '2021-03-05 09:03:34', '', NULL, '');
INSERT INTO `sys_menu` VALUES (2099, '耗材领用新增', 2097, 2, '#', '', 1, 0, 'F', '0', '0', 'asset:pickup:add', '#', 'admin', '2021-03-05 09:03:34', '', NULL, '');
INSERT INTO `sys_menu` VALUES (2100, '耗材领用修改', 2097, 3, '#', '', 1, 0, 'F', '0', '0', 'asset:pickup:edit', '#', 'admin', '2021-03-05 09:03:34', '', NULL, '');
INSERT INTO `sys_menu` VALUES (2101, '耗材领用删除', 2097, 4, '#', '', 1, 0, 'F', '0', '0', 'asset:pickup:remove', '#', 'admin', '2021-03-05 09:03:34', '', NULL, '');
INSERT INTO `sys_menu` VALUES (2102, '耗材领用导出', 2097, 5, '#', '', 1, 0, 'F', '0', '0', 'asset:pickup:export', '#', 'admin', '2021-03-05 09:03:34', '', NULL, '');
INSERT INTO `sys_menu` VALUES (2103, '采购申请', 2039, 1, 'asset/purchase/my', 'asset/purchase/my', 1, 0, 'C', '0', '0', 'asset:purchase:my', 'shopping', 'admin', '2021-03-05 09:54:20', '', NULL, '');
INSERT INTO `sys_menu` VALUES (2104, '新增', 2103, 1, '', NULL, 1, 0, 'F', '0', '0', 'asset:purchase:add', '#', 'admin', '2021-03-05 09:54:50', '', NULL, '');
INSERT INTO `sys_menu` VALUES (2105, '编辑信息', 2103, 2, '', NULL, 1, 0, 'F', '0', '0', 'asset:purchase:edit', '#', 'admin', '2021-03-05 09:55:05', '', NULL, '');
INSERT INTO `sys_menu` VALUES (2106, '删除', 2103, 3, '', NULL, 1, 0, 'F', '0', '0', 'asset:purchase:delete', '#', 'admin', '2021-03-05 09:55:17', '', NULL, '');
INSERT INTO `sys_menu` VALUES (2107, '查询信息', 2103, 3, '', NULL, 1, 0, 'F', '0', '0', 'asset:purchase:query', '#', 'admin', '2021-03-05 09:55:49', '', NULL, '');
INSERT INTO `sys_menu` VALUES (2108, '审核', 2061, 5, '', NULL, 1, 0, 'F', '0', '0', 'asset:purchase:check', '#', 'admin', '2021-03-05 11:06:27', '', NULL, '');
INSERT INTO `sys_menu` VALUES (2109, '采购任务', 2039, 3, 'asset/purchase/task', 'asset/purchase/task', 1, 0, 'C', '0', '0', 'asset:purchase:task', 'tool', 'admin', '2021-03-05 11:39:47', '', NULL, '');
INSERT INTO `sys_menu` VALUES (2110, '查询', 2109, 1, '', NULL, 1, 0, 'F', '0', '0', 'asset:purchase:query', '#', 'admin', '2021-03-05 11:40:14', '', NULL, '');
INSERT INTO `sys_menu` VALUES (2111, '编辑', 2109, 2, '', NULL, 1, 0, 'F', '0', '0', 'asset:purchase:edit', '#', 'admin', '2021-03-05 11:40:51', '', NULL, '');
INSERT INTO `sys_menu` VALUES (2112, '入库管理', 2042, 1, 'entering', 'asset/entering/index', 1, 0, 'C', '0', '0', 'asset:entering:list', 'edit', 'admin', '2021-03-05 15:54:18', 'admin', '2021-03-08 16:05:33', '入库管理菜单');
INSERT INTO `sys_menu` VALUES (2113, '入库管理查询', 2112, 1, '#', '', 1, 0, 'F', '0', '0', 'asset:entering:query', '#', 'admin', '2021-03-05 15:54:18', '', NULL, '');
INSERT INTO `sys_menu` VALUES (2114, '入库管理新增', 2112, 2, '#', '', 1, 0, 'F', '0', '0', 'asset:entering:add', '#', 'admin', '2021-03-05 15:54:18', '', NULL, '');
INSERT INTO `sys_menu` VALUES (2115, '入库管理修改', 2112, 3, '#', '', 1, 0, 'F', '0', '0', 'asset:entering:edit', '#', 'admin', '2021-03-05 15:54:18', '', NULL, '');
INSERT INTO `sys_menu` VALUES (2116, '入库管理删除', 2112, 4, '#', '', 1, 0, 'F', '0', '0', 'asset:entering:remove', '#', 'admin', '2021-03-05 15:54:18', '', NULL, '');
INSERT INTO `sys_menu` VALUES (2117, '入库管理导出', 2112, 5, '#', '', 1, 0, 'F', '0', '0', 'asset:entering:export', '#', 'admin', '2021-03-05 15:54:18', '', NULL, '');
INSERT INTO `sys_menu` VALUES (2118, '使用申请', 2039, 2, 'asset/use/my', 'asset/use/my', 1, 0, 'C', '0', '0', 'asset:use:my', 'button', 'admin', '2021-03-08 16:25:13', '', NULL, '');
INSERT INTO `sys_menu` VALUES (2119, '新增', 2118, 1, '', NULL, 1, 0, 'F', '0', '0', 'asset:use:add', '#', 'admin', '2021-03-08 16:25:38', '', NULL, '');
INSERT INTO `sys_menu` VALUES (2120, '编辑', 2118, 2, '', NULL, 1, 0, 'F', '0', '0', 'asset:use:edit', '#', 'admin', '2021-03-08 16:26:05', '', NULL, '');
INSERT INTO `sys_menu` VALUES (2121, '删除', 2118, 3, '', NULL, 1, 0, 'F', '0', '0', 'asset:use:delete', '#', 'admin', '2021-03-08 16:26:26', '', NULL, '');
INSERT INTO `sys_menu` VALUES (2122, '查询', 2118, 4, '', NULL, 1, 0, 'F', '0', '0', 'asset:use:query', '#', 'admin', '2021-03-08 16:26:42', '', NULL, '');
INSERT INTO `sys_menu` VALUES (2123, '领用申请', 2039, 3, 'asset/pickup/my', 'asset/pickup/my', 1, 0, 'C', '0', '0', 'asset:pickup:my', 'checkbox', 'admin', '2021-03-08 19:43:25', '', NULL, '');
INSERT INTO `sys_menu` VALUES (2124, '新增', 2123, 1, '', NULL, 1, 0, 'F', '0', '0', 'asset:pickup:add', '#', 'admin', '2021-03-08 19:43:48', '', NULL, '');
INSERT INTO `sys_menu` VALUES (2125, '编辑', 2123, 2, '', NULL, 1, 0, 'F', '0', '0', 'asset:pickup:edit', '#', 'admin', '2021-03-08 19:44:11', '', NULL, '');
INSERT INTO `sys_menu` VALUES (2126, '删除', 2123, 3, '', NULL, 1, 0, 'F', '0', '0', 'asset:pickup:delete', '#', 'admin', '2021-03-08 19:44:23', '', NULL, '');
INSERT INTO `sys_menu` VALUES (2127, '查询', 2123, 4, '', NULL, 1, 0, 'F', '0', '0', 'asset:pickup:query', '#', 'admin', '2021-03-08 19:44:39', '', NULL, '');
INSERT INTO `sys_menu` VALUES (2128, '资产维护', 2042, 1, 'maintain', 'asset/maintain/index', 1, 0, 'C', '0', '0', 'asset:maintain:list', 'tool', 'admin', '2021-03-09 14:08:24', 'admin', '2021-03-09 14:09:18', '资产维护菜单');
INSERT INTO `sys_menu` VALUES (2129, '资产维护查询', 2128, 1, '#', '', 1, 0, 'F', '0', '0', 'asset:maintain:query', '#', 'admin', '2021-03-09 14:08:24', '', NULL, '');
INSERT INTO `sys_menu` VALUES (2130, '资产维护新增', 2128, 2, '#', '', 1, 0, 'F', '0', '0', 'asset:maintain:add', '#', 'admin', '2021-03-09 14:08:24', '', NULL, '');
INSERT INTO `sys_menu` VALUES (2131, '资产维护修改', 2128, 3, '#', '', 1, 0, 'F', '0', '0', 'asset:maintain:edit', '#', 'admin', '2021-03-09 14:08:24', '', NULL, '');
INSERT INTO `sys_menu` VALUES (2132, '资产维护删除', 2128, 4, '#', '', 1, 0, 'F', '0', '0', 'asset:maintain:remove', '#', 'admin', '2021-03-09 14:08:24', '', NULL, '');
INSERT INTO `sys_menu` VALUES (2133, '资产维护导出', 2128, 5, '#', '', 1, 0, 'F', '0', '0', 'asset:maintain:export', '#', 'admin', '2021-03-09 14:08:24', '', NULL, '');
INSERT INTO `sys_menu` VALUES (2134, '维护申请', 2039, 4, 'asset/maintain/my', 'asset/maintain/my', 1, 0, 'C', '0', '0', 'asset:maintain:my', 'tool', 'admin', '2021-03-09 14:09:56', '', NULL, '');
INSERT INTO `sys_menu` VALUES (2135, '新增', 2134, 1, '', NULL, 1, 0, 'F', '0', '0', 'asset:maintain:add', '#', 'admin', '2021-03-09 14:10:10', '', NULL, '');
INSERT INTO `sys_menu` VALUES (2136, '编辑', 2134, 2, '', NULL, 1, 0, 'F', '0', '0', 'asset:maintain:edit', '#', 'admin', '2021-03-09 14:10:25', '', NULL, '');
INSERT INTO `sys_menu` VALUES (2137, '删除', 2134, 3, '', NULL, 1, 0, 'F', '0', '0', 'asset:maintain:delete', '#', 'admin', '2021-03-09 14:10:39', '', NULL, '');
INSERT INTO `sys_menu` VALUES (2138, '查询', 2134, 4, '', NULL, 1, 0, 'F', '0', '0', 'asset:maintain:query', '#', 'admin', '2021-03-09 14:10:55', '', NULL, '');
INSERT INTO `sys_menu` VALUES (2139, '维护任务', 2039, 3, 'asset/maintain/task', 'asset/maintain/task', 1, 0, 'C', '0', '0', 'asset:maintain:task', 'skill', 'admin', '2021-03-09 15:23:54', '', NULL, '');
INSERT INTO `sys_menu` VALUES (2140, '编辑', 2139, 1, '', NULL, 1, 0, 'F', '0', '0', 'asset:maintain:edit', '#', 'admin', '2021-03-09 15:24:09', '', NULL, '');
INSERT INTO `sys_menu` VALUES (2141, '查询', 2139, 2, '', NULL, 1, 0, 'F', '0', '0', 'asset:maintain:query', '#', 'admin', '2021-03-09 15:24:29', '', NULL, '');
INSERT INTO `sys_menu` VALUES (2142, '审核', 2067, 6, '', NULL, 1, 0, 'F', '0', '0', 'asset:use:check', '#', 'admin', '2021-03-09 16:34:45', '', NULL, '');
INSERT INTO `sys_menu` VALUES (2143, '审核', 2097, 6, '', NULL, 1, 0, 'F', '0', '0', 'asset:pickup:check', '#', 'admin', '2021-03-09 16:35:40', '', NULL, '');
INSERT INTO `sys_menu` VALUES (2144, '审核', 2128, 6, '', NULL, 1, 0, 'F', '0', '0', 'asset:maintain:check', '#', 'admin', '2021-03-09 16:36:03', '', NULL, '');
INSERT INTO `sys_menu` VALUES (2145, '资产盘点', 2042, 1, 'stock', 'asset/stock/index', 1, 0, 'C', '0', '0', 'asset:stock:list', 'monitor', 'admin', '2021-03-10 14:45:23', 'admin', '2021-03-10 16:13:21', '资产盘点菜单');
INSERT INTO `sys_menu` VALUES (2146, '资产盘点查询', 2145, 1, '#', '', 1, 0, 'F', '0', '0', 'asset:stock:query', '#', 'admin', '2021-03-10 14:45:23', '', NULL, '');
INSERT INTO `sys_menu` VALUES (2147, '资产盘点新增', 2145, 2, '#', '', 1, 0, 'F', '0', '0', 'asset:stock:add', '#', 'admin', '2021-03-10 14:45:23', '', NULL, '');
INSERT INTO `sys_menu` VALUES (2148, '资产盘点修改', 2145, 3, '#', '', 1, 0, 'F', '0', '0', 'asset:stock:edit', '#', 'admin', '2021-03-10 14:45:23', '', NULL, '');
INSERT INTO `sys_menu` VALUES (2149, '资产盘点删除', 2145, 4, '#', '', 1, 0, 'F', '0', '0', 'asset:stock:remove', '#', 'admin', '2021-03-10 14:45:23', '', NULL, '');
INSERT INTO `sys_menu` VALUES (2150, '资产盘点导出', 2145, 5, '#', '', 1, 0, 'F', '0', '0', 'asset:stock:export', '#', 'admin', '2021-03-10 14:45:23', '', NULL, '');
INSERT INTO `sys_menu` VALUES (2151, '总资产统计', 9, 9, 'sys/chart/menu/worth_year_bar', 'sys/chart/menu', 1, 0, 'C', '0', '0', NULL, 'chart', 'admin', '2021-03-11 14:50:52', '', NULL, '');
INSERT INTO `sys_menu` VALUES (2152, '固定资产统计', 9, 9, 'sys/chart/menu/asset_worth_year_bar', 'sys/chart/menu', 1, 0, 'C', '0', '0', NULL, 'chart', 'admin', '2021-03-11 14:51:09', '', NULL, '');
INSERT INTO `sys_menu` VALUES (2153, '采购统计', 9, 9, 'sys/chart/menu/purchase_worth_year_bar', 'sys/chart/menu', 1, 0, 'C', '0', '0', NULL, 'chart', 'admin', '2021-03-11 14:51:11', '', NULL, '');
INSERT INTO `sys_menu` VALUES (2154, '报废统计', 9, 9, 'sys/chart/menu/scrap_worth_year_bar', 'sys/chart/menu', 1, 0, 'C', '0', '0', NULL, 'chart', 'admin', '2021-03-11 14:51:13', '', NULL, '');
INSERT INTO `sys_menu` VALUES (2155, '维护统计', 9, 9, 'sys/chart/menu/maintain_year_bar', 'sys/chart/menu', 1, 0, 'C', '0', '0', NULL, 'chart', 'admin', '2021-03-11 14:51:15', '', NULL, '');
INSERT INTO `sys_menu` VALUES (2156, '耗材统计', 9, 9, 'sys/chart/menu/material_worth_year_bar', 'sys/chart/menu', 1, 0, 'C', '0', '0', NULL, 'chart', 'admin', '2021-03-11 16:22:02', '', NULL, '');
INSERT INTO `sys_menu` VALUES (2160, '网盘管理', 4, 3, 'yun', NULL, 1, 0, 'M', '0', '0', NULL, 'international', 'admin', '2021-03-25 14:33:03', '', NULL, '');
INSERT INTO `sys_menu` VALUES (2166, '云盘目录', 2160, 1, 'folder', 'yun/folder/index', 1, 0, 'C', '0', '0', 'yun:folder:list', 'tab', 'admin', '2021-03-15 10:32:32', 'admin', '2021-03-24 14:40:22', '云盘目录菜单');
INSERT INTO `sys_menu` VALUES (2167, '云盘目录查询', 2166, 1, '#', '', 1, 0, 'F', '0', '0', 'yun:folder:query', '#', 'admin', '2021-03-15 10:32:32', '', NULL, '');
INSERT INTO `sys_menu` VALUES (2168, '云盘目录新增', 2166, 2, '#', '', 1, 0, 'F', '0', '0', 'yun:folder:add', '#', 'admin', '2021-03-15 10:32:32', '', NULL, '');
INSERT INTO `sys_menu` VALUES (2169, '云盘目录修改', 2166, 3, '#', '', 1, 0, 'F', '0', '0', 'yun:folder:edit', '#', 'admin', '2021-03-15 10:32:32', '', NULL, '');
INSERT INTO `sys_menu` VALUES (2170, '云盘目录删除', 2166, 4, '#', '', 1, 0, 'F', '0', '0', 'yun:folder:remove', '#', 'admin', '2021-03-15 10:32:32', '', NULL, '');
INSERT INTO `sys_menu` VALUES (2171, '云盘目录导出', 2166, 5, '#', '', 1, 0, 'F', '0', '0', 'yun:folder:export', '#', 'admin', '2021-03-15 10:32:32', '', NULL, '');
INSERT INTO `sys_menu` VALUES (2172, '云盘文件', 2160, 1, 'files', 'yun/files/index', 1, 0, 'C', '0', '0', 'yun:files:list', 'documentation', 'admin', '2021-03-15 10:32:44', 'admin', '2021-03-24 14:40:40', '云盘文件菜单');
INSERT INTO `sys_menu` VALUES (2173, '云盘文件查询', 2172, 1, '#', '', 1, 0, 'F', '0', '0', 'yun:files:query', '#', 'admin', '2021-03-15 10:32:44', '', NULL, '');
INSERT INTO `sys_menu` VALUES (2174, '云盘文件新增', 2172, 2, '#', '', 1, 0, 'F', '0', '0', 'yun:files:add', '#', 'admin', '2021-03-15 10:32:44', '', NULL, '');
INSERT INTO `sys_menu` VALUES (2175, '云盘文件修改', 2172, 3, '#', '', 1, 0, 'F', '0', '0', 'yun:files:edit', '#', 'admin', '2021-03-15 10:32:44', '', NULL, '');
INSERT INTO `sys_menu` VALUES (2176, '云盘文件删除', 2172, 4, '#', '', 1, 0, 'F', '0', '0', 'yun:files:remove', '#', 'admin', '2021-03-15 10:32:44', '', NULL, '');
INSERT INTO `sys_menu` VALUES (2177, '云盘文件导出', 2172, 5, '#', '', 1, 0, 'F', '0', '0', 'yun:files:export', '#', 'admin', '2021-03-15 10:32:44', '', NULL, '');
INSERT INTO `sys_menu` VALUES (2178, '我的网盘', 2039, 13, 'yun/files/my', 'yun/files/my', 1, 0, 'C', '0', '0', 'yun:files:my', 'upload', 'admin', '2021-03-16 11:28:04', '', NULL, '');

-- ----------------------------
-- Table structure for sys_msg
-- ----------------------------
DROP TABLE IF EXISTS `sys_msg`;
CREATE TABLE `sys_msg`  (
  `id` int(11) NOT NULL AUTO_INCREMENT COMMENT '自增长主键ID',
  `title` varchar(100) CHARACTER SET utf8 COLLATE utf8_general_ci NOT NULL COMMENT '标题',
  `content` varchar(255) CHARACTER SET utf8 COLLATE utf8_general_ci NOT NULL COMMENT '内容',
  `url` varchar(255) CHARACTER SET utf8 COLLATE utf8_general_ci NULL DEFAULT NULL COMMENT '链接',
  `type` varchar(1) CHARACTER SET utf8 COLLATE utf8_general_ci NOT NULL COMMENT '消息类型',
  `add_time` datetime NULL DEFAULT NULL COMMENT '发送时间',
  `add_user` int(11) NOT NULL DEFAULT 0 COMMENT '发信人',
  `add_user_name` varchar(255) CHARACTER SET utf8 COLLATE utf8_general_ci NOT NULL DEFAULT '' COMMENT '发信人姓名',
  `to_user` int(11) NULL DEFAULT NULL COMMENT '收信人',
  `to_user_name` varchar(50) CHARACTER SET utf8 COLLATE utf8_general_ci NULL DEFAULT NULL COMMENT '收信人姓名',
  `read_time` datetime NULL DEFAULT NULL COMMENT '读取时间',
  PRIMARY KEY (`id`) USING BTREE
) ENGINE = InnoDB AUTO_INCREMENT = 18 CHARACTER SET = utf8 COLLATE = utf8_general_ci COMMENT = '消息' ROW_FORMAT = DYNAMIC;

-- ----------------------------
-- Records of sys_msg
-- ----------------------------
INSERT INTO `sys_msg` VALUES (1, 'fadf', 'adfadsf', 'adfadsf', '1', '2020-12-11 17:39:10', 1, '管理员', 1, '管理员', '2020-12-14 10:57:12');
INSERT INTO `sys_msg` VALUES (2, 'fadf', 'adfadsf', 'adfadsf', '1', '2020-12-11 17:39:10', 1, '管理员', 2, '若依', NULL);
INSERT INTO `sys_msg` VALUES (3, '回复 fadf', 'dsafa', 'asdfdasf', '1', '2020-12-11 17:46:48', 1, '管理员', 1, '管理员', '2020-12-14 10:57:12');
INSERT INTO `sys_msg` VALUES (4, '4rewrtre', 'rewtewrt', 'https://www.baidu.com/', '1', '2020-12-22 11:54:21', 4, '宋波', 1, '管理员', '2020-12-23 09:05:23');
INSERT INTO `sys_msg` VALUES (5, '回复 4rewrtre', 'afasfadsfdasf', NULL, '1', '2020-12-22 12:00:35', 1, '管理员', 4, '宋波', '2020-12-22 13:34:15');
INSERT INTO `sys_msg` VALUES (6, '34214', '234234324', NULL, '1', '2020-12-23 13:48:10', 3, '高老师', 1, '管理员', '2020-12-23 13:52:26');
INSERT INTO `sys_msg` VALUES (7, '回复 34214', '123123123', NULL, '1', '2020-12-23 13:48:24', 1, '管理员', 3, '高老师', '2020-12-23 13:48:35');
INSERT INTO `sys_msg` VALUES (8, '341234', '234234342', NULL, '1', NULL, 0, '', NULL, NULL, NULL);
INSERT INTO `sys_msg` VALUES (9, 'sadfasd', 'fasdfsadf', 'asdfsadf', '1', NULL, 0, '', NULL, NULL, NULL);
INSERT INTO `sys_msg` VALUES (10, 'asdf', 'adsfasdf', NULL, '1', NULL, 0, '', NULL, NULL, NULL);
INSERT INTO `sys_msg` VALUES (11, 'asfasd', 'fdasf', NULL, '1', '2021-02-25 19:51:59', 1, '若依', 1, '超级管理员', '2021-02-25 19:52:48');
INSERT INTO `sys_msg` VALUES (12, '回复 asfasd', 'asdfasdfsdaf', NULL, '1', '2021-02-25 19:52:51', 1, '若依', 1, '超级管理员', '2021-03-05 09:42:19');
INSERT INTO `sys_msg` VALUES (13, '采购通知', '您有新的采购任务，要求在2021-03-16前完成', '/person/asset/purchase/task', '2', NULL, 0, '系统', 1, '超级管理员', '2021-03-05 11:52:42');
INSERT INTO `sys_msg` VALUES (14, '采购通知', '您有新的采购任务，要求在2021-03-10前完成', 'asset/purchase/task', '2', NULL, 0, '系统', 1, '超级管理员', '2021-03-08 11:09:20');
INSERT INTO `sys_msg` VALUES (15, '资产维护通知', '您有新的资产维护任务，要求在2021-03-11前完成', 'asset/maintain/task', '2', '2021-03-09 15:41:20', 0, '系统', 1, '超级管理员', '2021-03-09 15:45:28');
INSERT INTO `sys_msg` VALUES (16, '资产维护通知', '您有新的资产维护任务，要求在2021-03-11前完成', 'asset/maintain/task', '2', '2021-03-09 16:30:16', 0, '系统', 1, '超级管理员', '2021-03-09 16:37:12');
INSERT INTO `sys_msg` VALUES (17, '资产维护通知', '您有新的资产维护任务，要求在2021-03-11前完成', 'asset/maintain/task', '2', '2021-03-10 17:19:37', 0, '系统', 1, '超级管理员', '2021-03-10 18:50:28');

-- ----------------------------
-- Table structure for sys_notice
-- ----------------------------
DROP TABLE IF EXISTS `sys_notice`;
CREATE TABLE `sys_notice`  (
  `notice_id` int(4) NOT NULL AUTO_INCREMENT COMMENT '公告ID',
  `notice_title` varchar(50) CHARACTER SET utf8 COLLATE utf8_general_ci NOT NULL COMMENT '公告标题',
  `notice_type` char(1) CHARACTER SET utf8 COLLATE utf8_general_ci NOT NULL COMMENT '公告类型（1通知 2公告）',
  `notice_content` longblob NULL COMMENT '公告内容',
  `status` char(1) CHARACTER SET utf8 COLLATE utf8_general_ci NULL DEFAULT '0' COMMENT '公告状态（0正常 1关闭）',
  `create_by` varchar(64) CHARACTER SET utf8 COLLATE utf8_general_ci NULL DEFAULT '' COMMENT '创建者',
  `create_time` datetime NULL DEFAULT NULL COMMENT '创建时间',
  `update_by` varchar(64) CHARACTER SET utf8 COLLATE utf8_general_ci NULL DEFAULT '' COMMENT '更新者',
  `update_time` datetime NULL DEFAULT NULL COMMENT '更新时间',
  `remark` varchar(255) CHARACTER SET utf8 COLLATE utf8_general_ci NULL DEFAULT NULL COMMENT '备注',
  PRIMARY KEY (`notice_id`) USING BTREE
) ENGINE = InnoDB AUTO_INCREMENT = 3 CHARACTER SET = utf8 COLLATE = utf8_general_ci COMMENT = '通知公告表' ROW_FORMAT = DYNAMIC;

-- ----------------------------
-- Records of sys_notice
-- ----------------------------
INSERT INTO `sys_notice` VALUES (1, '温馨提醒：2018-07-01 若依新版本发布啦', '2', 0xE696B0E78988E69CACE58685E5AEB9, '0', 'admin', '2021-02-25 16:38:41', '', NULL, '管理员');
INSERT INTO `sys_notice` VALUES (2, '维护通知：2018-07-01 若依系统凌晨维护', '1', 0xE7BBB4E68AA4E58685E5AEB9, '0', 'admin', '2021-02-25 16:38:41', '', NULL, '管理员');

-- ----------------------------
-- Table structure for sys_oper_log
-- ----------------------------
DROP TABLE IF EXISTS `sys_oper_log`;
CREATE TABLE `sys_oper_log`  (
  `oper_id` bigint(20) NOT NULL AUTO_INCREMENT COMMENT '日志主键',
  `title` varchar(50) CHARACTER SET utf8 COLLATE utf8_general_ci NULL DEFAULT '' COMMENT '模块标题',
  `business_type` int(2) NULL DEFAULT 0 COMMENT '业务类型（0其它 1新增 2修改 3删除）',
  `method` varchar(100) CHARACTER SET utf8 COLLATE utf8_general_ci NULL DEFAULT '' COMMENT '方法名称',
  `request_method` varchar(10) CHARACTER SET utf8 COLLATE utf8_general_ci NULL DEFAULT '' COMMENT '请求方式',
  `operator_type` int(1) NULL DEFAULT 0 COMMENT '操作类别（0其它 1后台用户 2手机端用户）',
  `oper_name` varchar(50) CHARACTER SET utf8 COLLATE utf8_general_ci NULL DEFAULT '' COMMENT '操作人员',
  `dept_name` varchar(50) CHARACTER SET utf8 COLLATE utf8_general_ci NULL DEFAULT '' COMMENT '部门名称',
  `oper_url` varchar(255) CHARACTER SET utf8 COLLATE utf8_general_ci NULL DEFAULT '' COMMENT '请求URL',
  `oper_ip` varchar(128) CHARACTER SET utf8 COLLATE utf8_general_ci NULL DEFAULT '' COMMENT '主机地址',
  `oper_location` varchar(255) CHARACTER SET utf8 COLLATE utf8_general_ci NULL DEFAULT '' COMMENT '操作地点',
  `oper_param` varchar(2000) CHARACTER SET utf8 COLLATE utf8_general_ci NULL DEFAULT '' COMMENT '请求参数',
  `json_result` varchar(2000) CHARACTER SET utf8 COLLATE utf8_general_ci NULL DEFAULT '' COMMENT '返回参数',
  `status` int(1) NULL DEFAULT 0 COMMENT '操作状态（0正常 1异常）',
  `error_msg` varchar(2000) CHARACTER SET utf8 COLLATE utf8_general_ci NULL DEFAULT '' COMMENT '错误消息',
  `oper_time` datetime NULL DEFAULT NULL COMMENT '操作时间',
  PRIMARY KEY (`oper_id`) USING BTREE
) ENGINE = InnoDB AUTO_INCREMENT = 586 CHARACTER SET = utf8 COLLATE = utf8_general_ci COMMENT = '操作日志记录' ROW_FORMAT = DYNAMIC;

-- ----------------------------
-- Records of sys_oper_log
-- ----------------------------
INSERT INTO `sys_oper_log` VALUES (100, '菜单管理', 2, 'com.ruoyi.web.controller.system.SysMenuController.edit()', 'PUT', 1, 'admin', NULL, '/system/menu', '127.0.0.1', '内网IP', '{\"visible\":\"0\",\"icon\":\"validCode\",\"orderNum\":\"4\",\"menuName\":\"管理工具\",\"params\":{},\"parentId\":0,\"isCache\":\"0\",\"path\":\"ext\",\"children\":[],\"createTime\":1614242321000,\"updateBy\":\"admin\",\"isFrame\":\"1\",\"menuId\":4,\"menuType\":\"M\",\"perms\":\"\",\"status\":\"0\"}', '{\"msg\":\"操作成功\",\"code\":200}', 0, NULL, '2021-02-25 17:18:02');
INSERT INTO `sys_oper_log` VALUES (101, '菜单管理', 2, 'com.ruoyi.web.controller.system.SysMenuController.edit()', 'PUT', 1, 'admin', NULL, '/system/menu', '127.0.0.1', '内网IP', '{\"visible\":\"0\",\"icon\":\"tool\",\"orderNum\":\"3\",\"menuName\":\"系统工具\",\"params\":{},\"parentId\":4,\"isCache\":\"0\",\"path\":\"tool\",\"children\":[],\"createTime\":1614242321000,\"updateBy\":\"admin\",\"isFrame\":\"1\",\"menuId\":3,\"menuType\":\"M\",\"perms\":\"\",\"status\":\"0\"}', '{\"msg\":\"操作成功\",\"code\":200}', 0, NULL, '2021-02-25 17:18:29');
INSERT INTO `sys_oper_log` VALUES (102, '菜单管理', 2, 'com.ruoyi.web.controller.system.SysMenuController.edit()', 'PUT', 1, 'admin', NULL, '/system/menu', '127.0.0.1', '内网IP', '{\"visible\":\"0\",\"icon\":\"monitor\",\"orderNum\":\"2\",\"menuName\":\"系统监控\",\"params\":{},\"parentId\":4,\"isCache\":\"0\",\"path\":\"monitor\",\"children\":[],\"createTime\":1614242321000,\"updateBy\":\"admin\",\"isFrame\":\"1\",\"menuId\":2,\"menuType\":\"M\",\"perms\":\"\",\"status\":\"0\"}', '{\"msg\":\"操作成功\",\"code\":200}', 0, NULL, '2021-02-25 17:18:38');
INSERT INTO `sys_oper_log` VALUES (103, '菜单管理', 1, 'com.ruoyi.web.controller.system.SysMenuController.add()', 'POST', 1, 'admin', NULL, '/system/menu', '127.0.0.1', '内网IP', '{\"visible\":\"0\",\"icon\":\"qq\",\"orderNum\":\"1\",\"menuName\":\"用户权限\",\"params\":{},\"parentId\":1,\"isCache\":\"0\",\"path\":\"perms\",\"createBy\":\"admin\",\"children\":[],\"isFrame\":\"1\",\"menuType\":\"M\",\"status\":\"0\"}', '{\"msg\":\"操作成功\",\"code\":200}', 0, NULL, '2021-02-25 17:19:34');
INSERT INTO `sys_oper_log` VALUES (104, '菜单管理', 2, 'com.ruoyi.web.controller.system.SysMenuController.edit()', 'PUT', 1, 'admin', NULL, '/system/menu', '127.0.0.1', '内网IP', '{\"visible\":\"0\",\"icon\":\"user\",\"orderNum\":\"1\",\"menuName\":\"用户管理\",\"params\":{},\"parentId\":2000,\"isCache\":\"0\",\"path\":\"user\",\"component\":\"system/user/index\",\"children\":[],\"createTime\":1614242321000,\"updateBy\":\"admin\",\"isFrame\":\"1\",\"menuId\":100,\"menuType\":\"C\",\"perms\":\"system:user:list\",\"status\":\"0\"}', '{\"msg\":\"操作成功\",\"code\":200}', 0, NULL, '2021-02-25 17:19:43');
INSERT INTO `sys_oper_log` VALUES (105, '菜单管理', 2, 'com.ruoyi.web.controller.system.SysMenuController.edit()', 'PUT', 1, 'admin', NULL, '/system/menu', '127.0.0.1', '内网IP', '{\"visible\":\"0\",\"icon\":\"peoples\",\"orderNum\":\"2\",\"menuName\":\"角色管理\",\"params\":{},\"parentId\":2000,\"isCache\":\"0\",\"path\":\"role\",\"component\":\"system/role/index\",\"children\":[],\"createTime\":1614242321000,\"updateBy\":\"admin\",\"isFrame\":\"1\",\"menuId\":101,\"menuType\":\"C\",\"perms\":\"system:role:list\",\"status\":\"0\"}', '{\"msg\":\"操作成功\",\"code\":200}', 0, NULL, '2021-02-25 17:19:50');
INSERT INTO `sys_oper_log` VALUES (106, '菜单管理', 2, 'com.ruoyi.web.controller.system.SysMenuController.edit()', 'PUT', 1, 'admin', NULL, '/system/menu', '127.0.0.1', '内网IP', '{\"visible\":\"0\",\"icon\":\"tree-table\",\"orderNum\":\"3\",\"menuName\":\"菜单管理\",\"params\":{},\"parentId\":2000,\"isCache\":\"0\",\"path\":\"menu\",\"component\":\"system/menu/index\",\"children\":[],\"createTime\":1614242321000,\"updateBy\":\"admin\",\"isFrame\":\"1\",\"menuId\":102,\"menuType\":\"C\",\"perms\":\"system:menu:list\",\"status\":\"0\"}', '{\"msg\":\"操作成功\",\"code\":200}', 0, NULL, '2021-02-25 17:19:58');
INSERT INTO `sys_oper_log` VALUES (107, '菜单管理', 2, 'com.ruoyi.web.controller.system.SysMenuController.edit()', 'PUT', 1, 'admin', NULL, '/system/menu', '127.0.0.1', '内网IP', '{\"visible\":\"0\",\"icon\":\"tree\",\"orderNum\":\"4\",\"menuName\":\"部门管理\",\"params\":{},\"parentId\":2000,\"isCache\":\"0\",\"path\":\"dept\",\"component\":\"system/dept/index\",\"children\":[],\"createTime\":1614242321000,\"updateBy\":\"admin\",\"isFrame\":\"1\",\"menuId\":103,\"menuType\":\"C\",\"perms\":\"system:dept:list\",\"status\":\"0\"}', '{\"msg\":\"操作成功\",\"code\":200}', 0, NULL, '2021-02-25 17:20:05');
INSERT INTO `sys_oper_log` VALUES (108, '菜单管理', 2, 'com.ruoyi.web.controller.system.SysMenuController.edit()', 'PUT', 1, 'admin', NULL, '/system/menu', '127.0.0.1', '内网IP', '{\"visible\":\"0\",\"icon\":\"post\",\"orderNum\":\"5\",\"menuName\":\"岗位管理\",\"params\":{},\"parentId\":2000,\"isCache\":\"0\",\"path\":\"post\",\"component\":\"system/post/index\",\"children\":[],\"createTime\":1614242321000,\"updateBy\":\"admin\",\"isFrame\":\"1\",\"menuId\":104,\"menuType\":\"C\",\"perms\":\"system:post:list\",\"status\":\"0\"}', '{\"msg\":\"操作成功\",\"code\":200}', 0, NULL, '2021-02-25 17:20:12');
INSERT INTO `sys_oper_log` VALUES (109, '菜单管理', 2, 'com.ruoyi.web.controller.system.SysMenuController.edit()', 'PUT', 1, 'admin', NULL, '/system/menu', '127.0.0.1', '内网IP', '{\"visible\":\"0\",\"icon\":\"user\",\"orderNum\":\"1\",\"menuName\":\"用户管理\",\"params\":{},\"parentId\":1,\"isCache\":\"0\",\"path\":\"user\",\"component\":\"system/user/index\",\"children\":[],\"createTime\":1614242321000,\"updateBy\":\"admin\",\"isFrame\":\"1\",\"menuId\":100,\"menuType\":\"C\",\"perms\":\"system:user:list\",\"status\":\"0\"}', '{\"msg\":\"操作成功\",\"code\":200}', 0, NULL, '2021-02-25 17:20:30');
INSERT INTO `sys_oper_log` VALUES (110, '菜单管理', 2, 'com.ruoyi.web.controller.system.SysMenuController.edit()', 'PUT', 1, 'admin', NULL, '/system/menu', '127.0.0.1', '内网IP', '{\"visible\":\"0\",\"icon\":\"peoples\",\"orderNum\":\"2\",\"menuName\":\"角色管理\",\"params\":{},\"parentId\":1,\"isCache\":\"0\",\"path\":\"role\",\"component\":\"system/role/index\",\"children\":[],\"createTime\":1614242321000,\"updateBy\":\"admin\",\"isFrame\":\"1\",\"menuId\":101,\"menuType\":\"C\",\"perms\":\"system:role:list\",\"status\":\"0\"}', '{\"msg\":\"操作成功\",\"code\":200}', 0, NULL, '2021-02-25 17:20:38');
INSERT INTO `sys_oper_log` VALUES (111, '菜单管理', 2, 'com.ruoyi.web.controller.system.SysMenuController.edit()', 'PUT', 1, 'admin', NULL, '/system/menu', '127.0.0.1', '内网IP', '{\"visible\":\"0\",\"icon\":\"tree-table\",\"orderNum\":\"3\",\"menuName\":\"菜单管理\",\"params\":{},\"parentId\":1,\"isCache\":\"0\",\"path\":\"menu\",\"component\":\"system/menu/index\",\"children\":[],\"createTime\":1614242321000,\"updateBy\":\"admin\",\"isFrame\":\"1\",\"menuId\":102,\"menuType\":\"C\",\"perms\":\"system:menu:list\",\"status\":\"0\"}', '{\"msg\":\"操作成功\",\"code\":200}', 0, NULL, '2021-02-25 17:20:43');
INSERT INTO `sys_oper_log` VALUES (112, '菜单管理', 2, 'com.ruoyi.web.controller.system.SysMenuController.edit()', 'PUT', 1, 'admin', NULL, '/system/menu', '127.0.0.1', '内网IP', '{\"visible\":\"0\",\"icon\":\"tree\",\"orderNum\":\"4\",\"menuName\":\"部门管理\",\"params\":{},\"parentId\":1,\"isCache\":\"0\",\"path\":\"dept\",\"component\":\"system/dept/index\",\"children\":[],\"createTime\":1614242321000,\"updateBy\":\"admin\",\"isFrame\":\"1\",\"menuId\":103,\"menuType\":\"C\",\"perms\":\"system:dept:list\",\"status\":\"0\"}', '{\"msg\":\"操作成功\",\"code\":200}', 0, NULL, '2021-02-25 17:20:48');
INSERT INTO `sys_oper_log` VALUES (113, '菜单管理', 2, 'com.ruoyi.web.controller.system.SysMenuController.edit()', 'PUT', 1, 'admin', NULL, '/system/menu', '127.0.0.1', '内网IP', '{\"visible\":\"0\",\"icon\":\"post\",\"orderNum\":\"5\",\"menuName\":\"岗位管理\",\"params\":{},\"parentId\":1,\"isCache\":\"0\",\"path\":\"post\",\"component\":\"system/post/index\",\"children\":[],\"createTime\":1614242321000,\"updateBy\":\"admin\",\"isFrame\":\"1\",\"menuId\":104,\"menuType\":\"C\",\"perms\":\"system:post:list\",\"status\":\"0\"}', '{\"msg\":\"操作成功\",\"code\":200}', 0, NULL, '2021-02-25 17:20:54');
INSERT INTO `sys_oper_log` VALUES (114, '菜单管理', 2, 'com.ruoyi.web.controller.system.SysMenuController.edit()', 'PUT', 1, 'admin', NULL, '/system/menu', '127.0.0.1', '内网IP', '{\"visible\":\"0\",\"icon\":\"chart\",\"orderNum\":\"9\",\"menuName\":\"查询统计\",\"params\":{},\"parentId\":0,\"isCache\":\"0\",\"path\":\"charts\",\"children\":[],\"createTime\":1614244774000,\"updateBy\":\"admin\",\"isFrame\":\"1\",\"menuId\":2000,\"menuType\":\"M\",\"perms\":\"\",\"status\":\"0\"}', '{\"msg\":\"操作成功\",\"code\":200}', 0, NULL, '2021-02-25 17:21:16');
INSERT INTO `sys_oper_log` VALUES (115, '菜单管理', 2, 'com.ruoyi.web.controller.system.SysMenuController.edit()', 'PUT', 1, 'admin', NULL, '/system/menu', '127.0.0.1', '内网IP', '{\"visible\":\"0\",\"icon\":\"tool\",\"orderNum\":\"3\",\"menuName\":\"开发工具\",\"params\":{},\"parentId\":4,\"isCache\":\"0\",\"path\":\"tool\",\"children\":[],\"createTime\":1614242321000,\"updateBy\":\"admin\",\"isFrame\":\"1\",\"menuId\":3,\"menuType\":\"M\",\"perms\":\"\",\"status\":\"0\"}', '{\"msg\":\"操作成功\",\"code\":200}', 0, NULL, '2021-02-25 17:23:05');
INSERT INTO `sys_oper_log` VALUES (116, '菜单管理', 1, 'com.ruoyi.web.controller.system.SysMenuController.add()', 'POST', 1, 'admin', NULL, '/system/menu', '127.0.0.1', '内网IP', '{\"visible\":\"0\",\"icon\":\"build\",\"orderNum\":\"1\",\"menuName\":\"数据中心\",\"params\":{},\"parentId\":4,\"isCache\":\"0\",\"path\":\"xdata\",\"createBy\":\"admin\",\"children\":[],\"isFrame\":\"1\",\"menuType\":\"M\",\"status\":\"0\"}', '{\"msg\":\"操作成功\",\"code\":200}', 0, NULL, '2021-02-25 17:24:17');
INSERT INTO `sys_oper_log` VALUES (117, '菜单管理', 1, 'com.ruoyi.web.controller.system.SysMenuController.add()', 'POST', 1, 'admin', NULL, '/system/menu', '127.0.0.1', '内网IP', '{\"visible\":\"0\",\"icon\":\"chart\",\"orderNum\":\"2\",\"menuName\":\"数据报表\",\"params\":{},\"parentId\":4,\"isCache\":\"0\",\"path\":\"chart\",\"createBy\":\"admin\",\"children\":[],\"isFrame\":\"1\",\"menuType\":\"M\",\"status\":\"0\"}', '{\"msg\":\"操作成功\",\"code\":200}', 0, NULL, '2021-02-25 17:24:55');
INSERT INTO `sys_oper_log` VALUES (118, '菜单管理', 2, 'com.ruoyi.web.controller.system.SysMenuController.edit()', 'PUT', 1, 'admin', NULL, '/system/menu', '127.0.0.1', '内网IP', '{\"visible\":\"0\",\"icon\":\"monitor\",\"orderNum\":\"3\",\"menuName\":\"系统监控\",\"params\":{},\"parentId\":4,\"isCache\":\"0\",\"path\":\"monitor\",\"children\":[],\"createTime\":1614242321000,\"updateBy\":\"admin\",\"isFrame\":\"1\",\"menuId\":2,\"menuType\":\"M\",\"perms\":\"\",\"status\":\"0\"}', '{\"msg\":\"操作成功\",\"code\":200}', 0, NULL, '2021-02-25 17:25:09');
INSERT INTO `sys_oper_log` VALUES (119, '菜单管理', 2, 'com.ruoyi.web.controller.system.SysMenuController.edit()', 'PUT', 1, 'admin', NULL, '/system/menu', '127.0.0.1', '内网IP', '{\"visible\":\"0\",\"icon\":\"tool\",\"orderNum\":\"3\",\"menuName\":\"开发工具\",\"params\":{},\"parentId\":4,\"isCache\":\"0\",\"path\":\"tool\",\"children\":[],\"createTime\":1614242321000,\"updateBy\":\"admin\",\"isFrame\":\"1\",\"menuId\":3,\"menuType\":\"M\",\"perms\":\"\",\"status\":\"0\"}', '{\"msg\":\"操作成功\",\"code\":200}', 0, NULL, '2021-02-25 17:25:13');
INSERT INTO `sys_oper_log` VALUES (120, '菜单管理', 2, 'com.ruoyi.web.controller.system.SysMenuController.edit()', 'PUT', 1, 'admin', NULL, '/system/menu', '127.0.0.1', '内网IP', '{\"visible\":\"0\",\"icon\":\"tool\",\"orderNum\":\"4\",\"menuName\":\"开发工具\",\"params\":{},\"parentId\":4,\"isCache\":\"0\",\"path\":\"tool\",\"children\":[],\"createTime\":1614242321000,\"updateBy\":\"admin\",\"isFrame\":\"1\",\"menuId\":3,\"menuType\":\"M\",\"perms\":\"\",\"status\":\"0\"}', '{\"msg\":\"操作成功\",\"code\":200}', 0, NULL, '2021-02-25 17:25:19');
INSERT INTO `sys_oper_log` VALUES (121, '代码生成', 6, 'com.ruoyi.generator.controller.GenController.importTableSave()', 'POST', 1, 'admin', NULL, '/tool/gen/importTable', '127.0.0.1', '内网IP', 'sys_msg', '{\"msg\":\"操作成功\",\"code\":200}', 0, NULL, '2021-02-25 17:34:22');
INSERT INTO `sys_oper_log` VALUES (122, '代码生成', 6, 'com.ruoyi.generator.controller.GenController.importTableSave()', 'POST', 1, 'admin', NULL, '/tool/gen/importTable', '127.0.0.1', '内网IP', 'sys_chart,sys_dataset', '{\"msg\":\"操作成功\",\"code\":200}', 0, NULL, '2021-02-25 17:34:33');
INSERT INTO `sys_oper_log` VALUES (123, '代码生成', 6, 'com.ruoyi.generator.controller.GenController.importTableSave()', 'POST', 1, 'admin', NULL, '/tool/gen/importTable', '127.0.0.1', '内网IP', 'xdata_client,xdata_model,xdata_pipe', '{\"msg\":\"操作成功\",\"code\":200}', 0, NULL, '2021-02-25 17:34:43');
INSERT INTO `sys_oper_log` VALUES (124, '代码生成', 2, 'com.ruoyi.generator.controller.GenController.editSave()', 'PUT', 1, 'admin', NULL, '/tool/gen', '127.0.0.1', '内网IP', '{\"sub\":false,\"functionAuthor\":\"yepanpan\",\"columns\":[{\"capJavaField\":\"Id\",\"usableColumn\":false,\"columnId\":1,\"isIncrement\":\"1\",\"increment\":true,\"insert\":true,\"dictType\":\"\",\"required\":false,\"superColumn\":false,\"updateBy\":\"\",\"isInsert\":\"1\",\"javaField\":\"id\",\"htmlType\":\"input\",\"edit\":false,\"query\":false,\"columnComment\":\"自增长主键ID\",\"sort\":1,\"list\":false,\"params\":{},\"javaType\":\"Long\",\"queryType\":\"EQ\",\"columnType\":\"int(11)\",\"createBy\":\"admin\",\"isPk\":\"1\",\"createTime\":1614245662000,\"tableId\":1,\"pk\":true,\"columnName\":\"id\"},{\"capJavaField\":\"Title\",\"usableColumn\":false,\"columnId\":2,\"isIncrement\":\"0\",\"increment\":false,\"insert\":true,\"isList\":\"1\",\"dictType\":\"\",\"required\":true,\"superColumn\":false,\"updateBy\":\"\",\"isInsert\":\"1\",\"isRequired\":\"1\",\"javaField\":\"title\",\"htmlType\":\"input\",\"edit\":true,\"query\":true,\"columnComment\":\"标题\",\"isQuery\":\"1\",\"sort\":2,\"list\":true,\"params\":{},\"javaType\":\"String\",\"queryType\":\"EQ\",\"columnType\":\"varchar(100)\",\"createBy\":\"admin\",\"isPk\":\"0\",\"createTime\":1614245662000,\"isEdit\":\"1\",\"tableId\":1,\"pk\":false,\"columnName\":\"title\"},{\"capJavaField\":\"Content\",\"usableColumn\":false,\"columnId\":3,\"isIncrement\":\"0\",\"increment\":false,\"insert\":true,\"isList\":\"1\",\"dictType\":\"\",\"required\":true,\"superColumn\":false,\"updateBy\":\"\",\"isInsert\":\"1\",\"isRequired\":\"1\",\"javaField\":\"content\",\"htmlType\":\"editor\",\"edit\":true,\"query\":true,\"columnComment\":\"内容\",\"isQuery\":\"1\",\"sort\":3,\"list\":true,\"params\":{},\"javaType\":\"String\",\"queryType\":\"EQ\",\"columnType\":\"varchar(255)\",\"createBy\":\"admin\",\"isPk\":\"0\",\"createTime\":1614245662000,\"isEdit\":\"1\",\"tableId\":1,\"pk\":false,\"columnName\":\"content\"},{\"capJavaField\":\"Url\",\"usableColumn\":false,\"columnId\":4,\"isIncrement\":\"0\",\"increment\":false,\"insert\":true,\"isList\":\"1\",\"dictType\":\"\",\"required\":false,\"superColumn\":false,\"updateBy\":\"\",\"isInsert\":\"1\",\"javaField\":\"url\",\"htmlType\":\"input\",\"edit\":true,\"query\":true,\"columnComment\":\"链接\",\"isQuery\":\"1\",\"sort\":4,\"list\":true,\"params\":{},\"javaType\":\"String\",\"queryType\":\"EQ\",\"columnType\":\"varchar(255)\",\"createBy\":\"admin\",\"isPk\":', '{\"msg\":\"操作成功\",\"code\":200}', 0, NULL, '2021-02-25 17:36:21');
INSERT INTO `sys_oper_log` VALUES (125, '字典类型', 1, 'com.ruoyi.web.controller.system.SysDictTypeController.add()', 'POST', 1, 'admin', NULL, '/system/dict/type', '127.0.0.1', '内网IP', '{\"createBy\":\"admin\",\"dictName\":\"消息类型\",\"params\":{},\"dictType\":\"ext_msg_type\",\"status\":\"0\"}', '{\"msg\":\"操作成功\",\"code\":200}', 0, NULL, '2021-02-25 17:37:14');
INSERT INTO `sys_oper_log` VALUES (126, '字典数据', 1, 'com.ruoyi.web.controller.system.SysDictDataController.add()', 'POST', 1, 'admin', NULL, '/system/dict/data', '127.0.0.1', '内网IP', '{\"dictValue\":\"0\",\"dictSort\":1,\"params\":{},\"dictType\":\"ext_msg_type\",\"dictLabel\":\"通知公告\",\"createBy\":\"admin\",\"default\":false,\"status\":\"0\"}', '{\"msg\":\"操作成功\",\"code\":200}', 0, NULL, '2021-02-25 17:37:35');
INSERT INTO `sys_oper_log` VALUES (127, '字典数据', 1, 'com.ruoyi.web.controller.system.SysDictDataController.add()', 'POST', 1, 'admin', NULL, '/system/dict/data', '127.0.0.1', '内网IP', '{\"dictValue\":\"1\",\"dictSort\":1,\"params\":{},\"dictType\":\"ext_msg_type\",\"dictLabel\":\"私人消息\",\"createBy\":\"admin\",\"default\":false,\"status\":\"0\"}', '{\"msg\":\"操作成功\",\"code\":200}', 0, NULL, '2021-02-25 17:37:45');
INSERT INTO `sys_oper_log` VALUES (128, '字典数据', 2, 'com.ruoyi.web.controller.system.SysDictDataController.edit()', 'PUT', 1, 'admin', NULL, '/system/dict/data', '127.0.0.1', '内网IP', '{\"dictValue\":\"0\",\"dictSort\":1,\"params\":{},\"dictType\":\"ext_msg_type\",\"dictLabel\":\"系统消息\",\"createBy\":\"admin\",\"default\":false,\"isDefault\":\"N\",\"createTime\":1614245855000,\"dictCode\":100,\"updateBy\":\"admin\",\"status\":\"0\"}', '{\"msg\":\"操作成功\",\"code\":200}', 0, NULL, '2021-02-25 17:37:54');
INSERT INTO `sys_oper_log` VALUES (129, '代码生成', 2, 'com.ruoyi.generator.controller.GenController.editSave()', 'PUT', 1, 'admin', NULL, '/tool/gen', '127.0.0.1', '内网IP', '{\"sub\":false,\"functionAuthor\":\"yepanpan\",\"columns\":[{\"capJavaField\":\"Id\",\"usableColumn\":false,\"columnId\":1,\"isIncrement\":\"1\",\"increment\":true,\"insert\":true,\"dictType\":\"\",\"required\":false,\"superColumn\":false,\"updateBy\":\"\",\"isInsert\":\"1\",\"javaField\":\"id\",\"htmlType\":\"input\",\"edit\":false,\"query\":false,\"columnComment\":\"自增长主键ID\",\"updateTime\":1614245781000,\"sort\":1,\"list\":false,\"params\":{},\"javaType\":\"Long\",\"queryType\":\"EQ\",\"columnType\":\"int(11)\",\"createBy\":\"admin\",\"isPk\":\"1\",\"createTime\":1614245662000,\"tableId\":1,\"pk\":true,\"columnName\":\"id\"},{\"capJavaField\":\"Title\",\"usableColumn\":false,\"columnId\":2,\"isIncrement\":\"0\",\"increment\":false,\"insert\":true,\"isList\":\"1\",\"dictType\":\"\",\"required\":true,\"superColumn\":false,\"updateBy\":\"\",\"isInsert\":\"1\",\"isRequired\":\"1\",\"javaField\":\"title\",\"htmlType\":\"input\",\"edit\":true,\"query\":true,\"columnComment\":\"标题\",\"isQuery\":\"1\",\"updateTime\":1614245781000,\"sort\":2,\"list\":true,\"params\":{},\"javaType\":\"String\",\"queryType\":\"EQ\",\"columnType\":\"varchar(100)\",\"createBy\":\"admin\",\"isPk\":\"0\",\"createTime\":1614245662000,\"isEdit\":\"1\",\"tableId\":1,\"pk\":false,\"columnName\":\"title\"},{\"capJavaField\":\"Content\",\"usableColumn\":false,\"columnId\":3,\"isIncrement\":\"0\",\"increment\":false,\"insert\":true,\"isList\":\"1\",\"dictType\":\"\",\"required\":true,\"superColumn\":false,\"updateBy\":\"\",\"isInsert\":\"1\",\"isRequired\":\"1\",\"javaField\":\"content\",\"htmlType\":\"textarea\",\"edit\":true,\"query\":true,\"columnComment\":\"内容\",\"isQuery\":\"1\",\"updateTime\":1614245781000,\"sort\":3,\"list\":true,\"params\":{},\"javaType\":\"String\",\"queryType\":\"EQ\",\"columnType\":\"varchar(255)\",\"createBy\":\"admin\",\"isPk\":\"0\",\"createTime\":1614245662000,\"isEdit\":\"1\",\"tableId\":1,\"pk\":false,\"columnName\":\"content\"},{\"capJavaField\":\"Url\",\"usableColumn\":false,\"columnId\":4,\"isIncrement\":\"0\",\"increment\":false,\"insert\":true,\"isList\":\"1\",\"dictType\":\"\",\"required\":false,\"superColumn\":false,\"updateBy\":\"\",\"isInsert\":\"1\",\"javaField\":\"url\",\"htmlType\":\"input\",\"edit\":true,\"query\":true,\"columnComment\":\"链接\",\"isQuery\":\"1\",\"updateTime\":1614245781000,\"sort\":4,\"list', '{\"msg\":\"操作成功\",\"code\":200}', 0, NULL, '2021-02-25 17:38:53');
INSERT INTO `sys_oper_log` VALUES (130, '代码生成', 2, 'com.ruoyi.generator.controller.GenController.editSave()', 'PUT', 1, 'admin', NULL, '/tool/gen', '127.0.0.1', '内网IP', '{\"sub\":false,\"functionAuthor\":\"yepanpan\",\"columns\":[{\"capJavaField\":\"Id\",\"usableColumn\":false,\"columnId\":1,\"isIncrement\":\"1\",\"increment\":true,\"insert\":true,\"dictType\":\"\",\"required\":false,\"superColumn\":false,\"updateBy\":\"\",\"isInsert\":\"1\",\"javaField\":\"id\",\"htmlType\":\"input\",\"edit\":false,\"query\":false,\"columnComment\":\"自增长主键ID\",\"updateTime\":1614245933000,\"sort\":1,\"list\":false,\"params\":{},\"javaType\":\"Long\",\"queryType\":\"EQ\",\"columnType\":\"int(11)\",\"createBy\":\"admin\",\"isPk\":\"1\",\"createTime\":1614245662000,\"tableId\":1,\"pk\":true,\"columnName\":\"id\"},{\"capJavaField\":\"Title\",\"usableColumn\":false,\"columnId\":2,\"isIncrement\":\"0\",\"increment\":false,\"insert\":true,\"isList\":\"1\",\"dictType\":\"\",\"required\":true,\"superColumn\":false,\"updateBy\":\"\",\"isInsert\":\"1\",\"isRequired\":\"1\",\"javaField\":\"title\",\"htmlType\":\"input\",\"edit\":true,\"query\":true,\"columnComment\":\"标题\",\"isQuery\":\"1\",\"updateTime\":1614245933000,\"sort\":2,\"list\":true,\"params\":{},\"javaType\":\"String\",\"queryType\":\"EQ\",\"columnType\":\"varchar(100)\",\"createBy\":\"admin\",\"isPk\":\"0\",\"createTime\":1614245662000,\"isEdit\":\"1\",\"tableId\":1,\"pk\":false,\"columnName\":\"title\"},{\"capJavaField\":\"Content\",\"usableColumn\":false,\"columnId\":3,\"isIncrement\":\"0\",\"increment\":false,\"insert\":true,\"isList\":\"1\",\"dictType\":\"\",\"required\":true,\"superColumn\":false,\"updateBy\":\"\",\"isInsert\":\"1\",\"isRequired\":\"1\",\"javaField\":\"content\",\"htmlType\":\"textarea\",\"edit\":true,\"query\":true,\"columnComment\":\"内容\",\"isQuery\":\"1\",\"updateTime\":1614245933000,\"sort\":3,\"list\":true,\"params\":{},\"javaType\":\"String\",\"queryType\":\"EQ\",\"columnType\":\"varchar(255)\",\"createBy\":\"admin\",\"isPk\":\"0\",\"createTime\":1614245662000,\"isEdit\":\"1\",\"tableId\":1,\"pk\":false,\"columnName\":\"content\"},{\"capJavaField\":\"Url\",\"usableColumn\":false,\"columnId\":4,\"isIncrement\":\"0\",\"increment\":false,\"insert\":true,\"isList\":\"1\",\"dictType\":\"\",\"required\":false,\"superColumn\":false,\"updateBy\":\"\",\"isInsert\":\"1\",\"javaField\":\"url\",\"htmlType\":\"input\",\"edit\":true,\"query\":true,\"columnComment\":\"链接\",\"isQuery\":\"1\",\"updateTime\":1614245933000,\"sort\":4,\"list', '{\"msg\":\"操作成功\",\"code\":200}', 0, NULL, '2021-02-25 17:39:03');
INSERT INTO `sys_oper_log` VALUES (131, '代码生成', 2, 'com.ruoyi.generator.controller.GenController.editSave()', 'PUT', 1, 'admin', NULL, '/tool/gen', '127.0.0.1', '内网IP', '{\"sub\":false,\"functionAuthor\":\"yepanpan\",\"columns\":[{\"capJavaField\":\"Id\",\"usableColumn\":false,\"columnId\":1,\"isIncrement\":\"1\",\"increment\":true,\"insert\":true,\"dictType\":\"\",\"required\":false,\"superColumn\":false,\"updateBy\":\"\",\"isInsert\":\"1\",\"javaField\":\"id\",\"htmlType\":\"input\",\"edit\":false,\"query\":false,\"columnComment\":\"自增长主键ID\",\"updateTime\":1614245943000,\"sort\":1,\"list\":false,\"params\":{},\"javaType\":\"Long\",\"queryType\":\"EQ\",\"columnType\":\"int(11)\",\"createBy\":\"admin\",\"isPk\":\"1\",\"createTime\":1614245662000,\"tableId\":1,\"pk\":true,\"columnName\":\"id\"},{\"capJavaField\":\"Title\",\"usableColumn\":false,\"columnId\":2,\"isIncrement\":\"0\",\"increment\":false,\"insert\":true,\"isList\":\"1\",\"dictType\":\"\",\"required\":true,\"superColumn\":false,\"updateBy\":\"\",\"isInsert\":\"1\",\"isRequired\":\"1\",\"javaField\":\"title\",\"htmlType\":\"input\",\"edit\":true,\"query\":true,\"columnComment\":\"标题\",\"isQuery\":\"1\",\"updateTime\":1614245943000,\"sort\":2,\"list\":true,\"params\":{},\"javaType\":\"String\",\"queryType\":\"EQ\",\"columnType\":\"varchar(100)\",\"createBy\":\"admin\",\"isPk\":\"0\",\"createTime\":1614245662000,\"isEdit\":\"1\",\"tableId\":1,\"pk\":false,\"columnName\":\"title\"},{\"capJavaField\":\"Content\",\"usableColumn\":false,\"columnId\":3,\"isIncrement\":\"0\",\"increment\":false,\"insert\":true,\"isList\":\"1\",\"dictType\":\"\",\"required\":true,\"superColumn\":false,\"updateBy\":\"\",\"isInsert\":\"1\",\"isRequired\":\"1\",\"javaField\":\"content\",\"htmlType\":\"textarea\",\"edit\":true,\"query\":true,\"columnComment\":\"内容\",\"isQuery\":\"1\",\"updateTime\":1614245943000,\"sort\":3,\"list\":true,\"params\":{},\"javaType\":\"String\",\"queryType\":\"EQ\",\"columnType\":\"varchar(255)\",\"createBy\":\"admin\",\"isPk\":\"0\",\"createTime\":1614245662000,\"isEdit\":\"1\",\"tableId\":1,\"pk\":false,\"columnName\":\"content\"},{\"capJavaField\":\"Url\",\"usableColumn\":false,\"columnId\":4,\"isIncrement\":\"0\",\"increment\":false,\"insert\":true,\"isList\":\"1\",\"dictType\":\"\",\"required\":false,\"superColumn\":false,\"updateBy\":\"\",\"isInsert\":\"1\",\"javaField\":\"url\",\"htmlType\":\"input\",\"edit\":true,\"query\":true,\"columnComment\":\"链接\",\"isQuery\":\"1\",\"updateTime\":1614245943000,\"sort\":4,\"list', '{\"msg\":\"操作成功\",\"code\":200}', 0, NULL, '2021-02-25 17:48:13');
INSERT INTO `sys_oper_log` VALUES (132, '代码生成', 2, 'com.ruoyi.generator.controller.GenController.editSave()', 'PUT', 1, 'admin', NULL, '/tool/gen', '127.0.0.1', '内网IP', '{\"sub\":false,\"functionAuthor\":\"yepanpan\",\"columns\":[{\"capJavaField\":\"Id\",\"usableColumn\":false,\"columnId\":1,\"isIncrement\":\"1\",\"increment\":true,\"insert\":true,\"dictType\":\"\",\"required\":false,\"superColumn\":false,\"updateBy\":\"\",\"isInsert\":\"1\",\"javaField\":\"id\",\"htmlType\":\"input\",\"edit\":false,\"query\":false,\"columnComment\":\"自增长主键ID\",\"updateTime\":1614246493000,\"sort\":1,\"list\":false,\"params\":{},\"javaType\":\"Long\",\"queryType\":\"EQ\",\"columnType\":\"int(11)\",\"createBy\":\"admin\",\"isPk\":\"1\",\"createTime\":1614245662000,\"tableId\":1,\"pk\":true,\"columnName\":\"id\"},{\"capJavaField\":\"Title\",\"usableColumn\":false,\"columnId\":2,\"isIncrement\":\"0\",\"increment\":false,\"insert\":true,\"isList\":\"1\",\"dictType\":\"\",\"required\":true,\"superColumn\":false,\"updateBy\":\"\",\"isInsert\":\"1\",\"isRequired\":\"1\",\"javaField\":\"title\",\"htmlType\":\"input\",\"edit\":true,\"query\":true,\"columnComment\":\"标题\",\"isQuery\":\"1\",\"updateTime\":1614246493000,\"sort\":2,\"list\":true,\"params\":{},\"javaType\":\"String\",\"queryType\":\"EQ\",\"columnType\":\"varchar(100)\",\"createBy\":\"admin\",\"isPk\":\"0\",\"createTime\":1614245662000,\"isEdit\":\"1\",\"tableId\":1,\"pk\":false,\"columnName\":\"title\"},{\"capJavaField\":\"Content\",\"usableColumn\":false,\"columnId\":3,\"isIncrement\":\"0\",\"increment\":false,\"insert\":true,\"isList\":\"1\",\"dictType\":\"\",\"required\":true,\"superColumn\":false,\"updateBy\":\"\",\"isInsert\":\"1\",\"isRequired\":\"1\",\"javaField\":\"content\",\"htmlType\":\"textarea\",\"edit\":true,\"query\":true,\"columnComment\":\"内容\",\"isQuery\":\"1\",\"updateTime\":1614246493000,\"sort\":3,\"list\":true,\"params\":{},\"javaType\":\"String\",\"queryType\":\"EQ\",\"columnType\":\"varchar(255)\",\"createBy\":\"admin\",\"isPk\":\"0\",\"createTime\":1614245662000,\"isEdit\":\"1\",\"tableId\":1,\"pk\":false,\"columnName\":\"content\"},{\"capJavaField\":\"Url\",\"usableColumn\":false,\"columnId\":4,\"isIncrement\":\"0\",\"increment\":false,\"insert\":true,\"isList\":\"1\",\"dictType\":\"\",\"required\":false,\"superColumn\":false,\"updateBy\":\"\",\"isInsert\":\"1\",\"javaField\":\"url\",\"htmlType\":\"input\",\"edit\":true,\"query\":true,\"columnComment\":\"链接\",\"isQuery\":\"1\",\"updateTime\":1614246493000,\"sort\":4,\"list', '{\"msg\":\"操作成功\",\"code\":200}', 0, NULL, '2021-02-25 17:48:29');
INSERT INTO `sys_oper_log` VALUES (133, '代码生成', 2, 'com.ruoyi.generator.controller.GenController.editSave()', 'PUT', 1, 'admin', NULL, '/tool/gen', '127.0.0.1', '内网IP', '{\"sub\":false,\"functionAuthor\":\"yepanpan\",\"columns\":[{\"capJavaField\":\"Id\",\"usableColumn\":false,\"columnId\":1,\"isIncrement\":\"1\",\"increment\":true,\"insert\":true,\"dictType\":\"\",\"required\":false,\"superColumn\":false,\"updateBy\":\"\",\"isInsert\":\"1\",\"javaField\":\"id\",\"htmlType\":\"input\",\"edit\":false,\"query\":false,\"columnComment\":\"自增长主键ID\",\"updateTime\":1614246509000,\"sort\":1,\"list\":false,\"params\":{},\"javaType\":\"Long\",\"queryType\":\"EQ\",\"columnType\":\"int(11)\",\"createBy\":\"admin\",\"isPk\":\"1\",\"createTime\":1614245662000,\"tableId\":1,\"pk\":true,\"columnName\":\"id\"},{\"capJavaField\":\"Title\",\"usableColumn\":false,\"columnId\":2,\"isIncrement\":\"0\",\"increment\":false,\"insert\":true,\"isList\":\"1\",\"dictType\":\"\",\"required\":true,\"superColumn\":false,\"updateBy\":\"\",\"isInsert\":\"1\",\"isRequired\":\"1\",\"javaField\":\"title\",\"htmlType\":\"input\",\"edit\":true,\"query\":true,\"columnComment\":\"标题\",\"isQuery\":\"1\",\"updateTime\":1614246509000,\"sort\":2,\"list\":true,\"params\":{},\"javaType\":\"String\",\"queryType\":\"EQ\",\"columnType\":\"varchar(100)\",\"createBy\":\"admin\",\"isPk\":\"0\",\"createTime\":1614245662000,\"isEdit\":\"1\",\"tableId\":1,\"pk\":false,\"columnName\":\"title\"},{\"capJavaField\":\"Content\",\"usableColumn\":false,\"columnId\":3,\"isIncrement\":\"0\",\"increment\":false,\"insert\":true,\"isList\":\"1\",\"dictType\":\"\",\"required\":true,\"superColumn\":false,\"updateBy\":\"\",\"isInsert\":\"1\",\"isRequired\":\"1\",\"javaField\":\"content\",\"htmlType\":\"textarea\",\"edit\":true,\"query\":true,\"columnComment\":\"内容\",\"isQuery\":\"1\",\"updateTime\":1614246509000,\"sort\":3,\"list\":true,\"params\":{},\"javaType\":\"String\",\"queryType\":\"EQ\",\"columnType\":\"varchar(255)\",\"createBy\":\"admin\",\"isPk\":\"0\",\"createTime\":1614245662000,\"isEdit\":\"1\",\"tableId\":1,\"pk\":false,\"columnName\":\"content\"},{\"capJavaField\":\"Url\",\"usableColumn\":false,\"columnId\":4,\"isIncrement\":\"0\",\"increment\":false,\"insert\":true,\"isList\":\"1\",\"dictType\":\"\",\"required\":false,\"superColumn\":false,\"updateBy\":\"\",\"isInsert\":\"1\",\"javaField\":\"url\",\"htmlType\":\"input\",\"edit\":true,\"query\":true,\"columnComment\":\"链接\",\"isQuery\":\"1\",\"updateTime\":1614246509000,\"sort\":4,\"list', '{\"msg\":\"操作成功\",\"code\":200}', 0, NULL, '2021-02-25 17:49:58');
INSERT INTO `sys_oper_log` VALUES (134, '代码生成', 8, 'com.ruoyi.generator.controller.GenController.batchGenCode()', 'GET', 1, 'admin', NULL, '/tool/gen/batchGenCode', '127.0.0.1', '内网IP', '{}', 'null', 0, NULL, '2021-02-25 17:50:25');
INSERT INTO `sys_oper_log` VALUES (135, '用户管理', 2, 'com.ruoyi.web.controller.system.SysUserController.edit()', 'PUT', 1, 'admin', NULL, '/system/user', '127.0.0.1', '内网IP', '{\"roles\":[{\"flag\":false,\"roleId\":2,\"admin\":false,\"dataScope\":\"2\",\"params\":{},\"roleSort\":\"2\",\"deptCheckStrictly\":false,\"menuCheckStrictly\":false,\"roleKey\":\"common\",\"roleName\":\"普通角色\",\"status\":\"0\"}],\"phonenumber\":\"15666666666\",\"admin\":false,\"loginDate\":1614242321000,\"remark\":\"测试员\",\"delFlag\":\"0\",\"password\":\"\",\"updateBy\":\"admin\",\"postIds\":[2],\"loginIp\":\"127.0.0.1\",\"email\":\"ry@qq.com\",\"nickName\":\"若依\",\"sex\":\"1\",\"deptId\":105,\"avatar\":\"\",\"dept\":{\"deptName\":\"测试部门\",\"leader\":\"若依\",\"deptId\":105,\"orderNum\":\"3\",\"params\":{},\"parentId\":101,\"children\":[],\"status\":\"0\"},\"params\":{},\"userName\":\"ry\",\"userId\":2,\"createBy\":\"admin\",\"roleIds\":[2],\"createTime\":1614242321000,\"status\":\"1\"}', '{\"msg\":\"操作成功\",\"code\":200}', 0, NULL, '2021-02-25 17:50:41');
INSERT INTO `sys_oper_log` VALUES (136, '代码生成', 2, 'com.ruoyi.generator.controller.GenController.editSave()', 'PUT', 1, 'admin', NULL, '/tool/gen', '127.0.0.1', '内网IP', '{\"sub\":false,\"functionAuthor\":\"yepanpan\",\"columns\":[{\"capJavaField\":\"Id\",\"usableColumn\":false,\"columnId\":1,\"isIncrement\":\"1\",\"increment\":true,\"insert\":true,\"dictType\":\"\",\"required\":false,\"superColumn\":false,\"updateBy\":\"\",\"isInsert\":\"1\",\"javaField\":\"id\",\"htmlType\":\"input\",\"edit\":false,\"query\":false,\"columnComment\":\"自增长主键ID\",\"updateTime\":1614246598000,\"sort\":1,\"list\":false,\"params\":{},\"javaType\":\"Long\",\"queryType\":\"EQ\",\"columnType\":\"int(11)\",\"createBy\":\"admin\",\"isPk\":\"1\",\"createTime\":1614245662000,\"tableId\":1,\"pk\":true,\"columnName\":\"id\"},{\"capJavaField\":\"Title\",\"usableColumn\":false,\"columnId\":2,\"isIncrement\":\"0\",\"increment\":false,\"insert\":true,\"isList\":\"1\",\"dictType\":\"\",\"required\":true,\"superColumn\":false,\"updateBy\":\"\",\"isInsert\":\"1\",\"isRequired\":\"1\",\"javaField\":\"title\",\"htmlType\":\"input\",\"edit\":true,\"query\":true,\"columnComment\":\"标题\",\"isQuery\":\"1\",\"updateTime\":1614246598000,\"sort\":2,\"list\":true,\"params\":{},\"javaType\":\"String\",\"queryType\":\"EQ\",\"columnType\":\"varchar(100)\",\"createBy\":\"admin\",\"isPk\":\"0\",\"createTime\":1614245662000,\"isEdit\":\"1\",\"tableId\":1,\"pk\":false,\"columnName\":\"title\"},{\"capJavaField\":\"Content\",\"usableColumn\":false,\"columnId\":3,\"isIncrement\":\"0\",\"increment\":false,\"insert\":true,\"isList\":\"1\",\"dictType\":\"\",\"required\":true,\"superColumn\":false,\"updateBy\":\"\",\"isInsert\":\"1\",\"isRequired\":\"1\",\"javaField\":\"content\",\"htmlType\":\"textarea\",\"edit\":true,\"query\":true,\"columnComment\":\"内容\",\"isQuery\":\"1\",\"updateTime\":1614246598000,\"sort\":3,\"list\":true,\"params\":{},\"javaType\":\"String\",\"queryType\":\"EQ\",\"columnType\":\"varchar(255)\",\"createBy\":\"admin\",\"isPk\":\"0\",\"createTime\":1614245662000,\"isEdit\":\"1\",\"tableId\":1,\"pk\":false,\"columnName\":\"content\"},{\"capJavaField\":\"Url\",\"usableColumn\":false,\"columnId\":4,\"isIncrement\":\"0\",\"increment\":false,\"insert\":true,\"isList\":\"1\",\"dictType\":\"\",\"required\":false,\"superColumn\":false,\"updateBy\":\"\",\"isInsert\":\"1\",\"javaField\":\"url\",\"htmlType\":\"input\",\"edit\":true,\"query\":true,\"columnComment\":\"链接\",\"isQuery\":\"1\",\"updateTime\":1614246598000,\"sort\":4,\"list', '{\"msg\":\"操作成功\",\"code\":200}', 0, NULL, '2021-02-25 17:52:08');
INSERT INTO `sys_oper_log` VALUES (137, '菜单管理', 2, 'com.ruoyi.web.controller.system.SysMenuController.edit()', 'PUT', 1, 'admin', NULL, '/system/menu', '127.0.0.1', '内网IP', '{\"visible\":\"0\",\"icon\":\"tool\",\"orderNum\":\"4\",\"menuName\":\"开发工具\",\"params\":{},\"parentId\":0,\"isCache\":\"0\",\"path\":\"tool\",\"children\":[],\"createTime\":1614242321000,\"updateBy\":\"admin\",\"isFrame\":\"1\",\"menuId\":3,\"menuType\":\"M\",\"perms\":\"\",\"status\":\"0\"}', '{\"msg\":\"操作成功\",\"code\":200}', 0, NULL, '2021-02-25 17:53:35');
INSERT INTO `sys_oper_log` VALUES (138, '代码生成', 2, 'com.ruoyi.generator.controller.GenController.editSave()', 'PUT', 1, 'admin', NULL, '/tool/gen', '127.0.0.1', '内网IP', '{\"sub\":false,\"functionAuthor\":\"yepanpan\",\"columns\":[{\"capJavaField\":\"Id\",\"usableColumn\":false,\"columnId\":1,\"isIncrement\":\"1\",\"increment\":true,\"insert\":true,\"dictType\":\"\",\"required\":false,\"superColumn\":false,\"updateBy\":\"\",\"isInsert\":\"1\",\"javaField\":\"id\",\"htmlType\":\"input\",\"edit\":false,\"query\":false,\"columnComment\":\"自增长主键ID\",\"updateTime\":1614246728000,\"sort\":1,\"list\":false,\"params\":{},\"javaType\":\"Long\",\"queryType\":\"EQ\",\"columnType\":\"int(11)\",\"createBy\":\"admin\",\"isPk\":\"1\",\"createTime\":1614245662000,\"tableId\":1,\"pk\":true,\"columnName\":\"id\"},{\"capJavaField\":\"Title\",\"usableColumn\":false,\"columnId\":2,\"isIncrement\":\"0\",\"increment\":false,\"insert\":true,\"isList\":\"1\",\"dictType\":\"\",\"required\":true,\"superColumn\":false,\"updateBy\":\"\",\"isInsert\":\"1\",\"isRequired\":\"1\",\"javaField\":\"title\",\"htmlType\":\"input\",\"edit\":true,\"query\":true,\"columnComment\":\"标题\",\"isQuery\":\"1\",\"updateTime\":1614246728000,\"sort\":2,\"list\":true,\"params\":{},\"javaType\":\"String\",\"queryType\":\"EQ\",\"columnType\":\"varchar(100)\",\"createBy\":\"admin\",\"isPk\":\"0\",\"createTime\":1614245662000,\"isEdit\":\"1\",\"tableId\":1,\"pk\":false,\"columnName\":\"title\"},{\"capJavaField\":\"Content\",\"usableColumn\":false,\"columnId\":3,\"isIncrement\":\"0\",\"increment\":false,\"insert\":true,\"isList\":\"1\",\"dictType\":\"\",\"required\":true,\"superColumn\":false,\"updateBy\":\"\",\"isInsert\":\"1\",\"isRequired\":\"1\",\"javaField\":\"content\",\"htmlType\":\"textarea\",\"edit\":true,\"query\":true,\"columnComment\":\"内容\",\"isQuery\":\"1\",\"updateTime\":1614246728000,\"sort\":3,\"list\":true,\"params\":{},\"javaType\":\"String\",\"queryType\":\"EQ\",\"columnType\":\"varchar(255)\",\"createBy\":\"admin\",\"isPk\":\"0\",\"createTime\":1614245662000,\"isEdit\":\"1\",\"tableId\":1,\"pk\":false,\"columnName\":\"content\"},{\"capJavaField\":\"Url\",\"usableColumn\":false,\"columnId\":4,\"isIncrement\":\"0\",\"increment\":false,\"insert\":true,\"isList\":\"1\",\"dictType\":\"\",\"required\":false,\"superColumn\":false,\"updateBy\":\"\",\"isInsert\":\"1\",\"javaField\":\"url\",\"htmlType\":\"input\",\"edit\":true,\"query\":true,\"columnComment\":\"链接\",\"isQuery\":\"1\",\"updateTime\":1614246728000,\"sort\":4,\"list', '{\"msg\":\"操作成功\",\"code\":200}', 0, NULL, '2021-02-25 17:53:53');
INSERT INTO `sys_oper_log` VALUES (139, '代码生成', 2, 'com.ruoyi.generator.controller.GenController.editSave()', 'PUT', 1, 'admin', NULL, '/tool/gen', '127.0.0.1', '内网IP', '{\"sub\":false,\"functionAuthor\":\"yepanpan\",\"columns\":[{\"capJavaField\":\"Id\",\"usableColumn\":false,\"columnId\":12,\"isIncrement\":\"1\",\"increment\":true,\"insert\":true,\"dictType\":\"\",\"required\":false,\"superColumn\":false,\"updateBy\":\"\",\"isInsert\":\"1\",\"javaField\":\"id\",\"htmlType\":\"input\",\"edit\":false,\"query\":false,\"columnComment\":\"自增长主键ID\",\"sort\":1,\"list\":false,\"params\":{},\"javaType\":\"Long\",\"queryType\":\"EQ\",\"columnType\":\"int(11)\",\"createBy\":\"admin\",\"isPk\":\"1\",\"createTime\":1614245673000,\"tableId\":2,\"pk\":true,\"columnName\":\"id\"},{\"capJavaField\":\"Type\",\"usableColumn\":false,\"columnId\":13,\"isIncrement\":\"0\",\"increment\":false,\"insert\":true,\"isList\":\"1\",\"dictType\":\"\",\"required\":true,\"superColumn\":false,\"updateBy\":\"\",\"isInsert\":\"1\",\"isRequired\":\"1\",\"javaField\":\"type\",\"htmlType\":\"select\",\"edit\":true,\"query\":true,\"columnComment\":\"类型\",\"isQuery\":\"1\",\"sort\":2,\"list\":true,\"params\":{},\"javaType\":\"String\",\"queryType\":\"EQ\",\"columnType\":\"varchar(10)\",\"createBy\":\"admin\",\"isPk\":\"0\",\"createTime\":1614245673000,\"isEdit\":\"1\",\"tableId\":2,\"pk\":false,\"columnName\":\"type\"},{\"capJavaField\":\"Code\",\"usableColumn\":false,\"columnId\":14,\"isIncrement\":\"0\",\"increment\":false,\"insert\":true,\"isList\":\"1\",\"dictType\":\"\",\"required\":true,\"superColumn\":false,\"updateBy\":\"\",\"isInsert\":\"1\",\"isRequired\":\"1\",\"javaField\":\"code\",\"htmlType\":\"input\",\"edit\":true,\"query\":true,\"columnComment\":\"代码\",\"isQuery\":\"1\",\"sort\":3,\"list\":true,\"params\":{},\"javaType\":\"String\",\"queryType\":\"EQ\",\"columnType\":\"varchar(50)\",\"createBy\":\"admin\",\"isPk\":\"0\",\"createTime\":1614245673000,\"isEdit\":\"1\",\"tableId\":2,\"pk\":false,\"columnName\":\"code\"},{\"capJavaField\":\"Title\",\"usableColumn\":false,\"columnId\":15,\"isIncrement\":\"0\",\"increment\":false,\"insert\":true,\"isList\":\"1\",\"dictType\":\"\",\"required\":true,\"superColumn\":false,\"updateBy\":\"\",\"isInsert\":\"1\",\"isRequired\":\"1\",\"javaField\":\"title\",\"htmlType\":\"input\",\"edit\":true,\"query\":true,\"columnComment\":\"名称\",\"isQuery\":\"1\",\"sort\":4,\"list\":true,\"params\":{},\"javaType\":\"String\",\"queryType\":\"EQ\",\"columnType\":\"varchar(100)\",\"createBy\":\"admi', '{\"msg\":\"操作成功\",\"code\":200}', 0, NULL, '2021-02-25 17:54:57');
INSERT INTO `sys_oper_log` VALUES (140, '代码生成', 2, 'com.ruoyi.generator.controller.GenController.editSave()', 'PUT', 1, 'admin', NULL, '/tool/gen', '127.0.0.1', '内网IP', '{\"sub\":false,\"functionAuthor\":\"yepanpan\",\"columns\":[{\"capJavaField\":\"Id\",\"usableColumn\":false,\"columnId\":22,\"isIncrement\":\"1\",\"increment\":true,\"insert\":true,\"dictType\":\"\",\"required\":false,\"superColumn\":false,\"updateBy\":\"\",\"isInsert\":\"1\",\"javaField\":\"id\",\"htmlType\":\"input\",\"edit\":false,\"query\":false,\"columnComment\":\"自增长主键ID\",\"sort\":1,\"list\":false,\"params\":{},\"javaType\":\"Long\",\"queryType\":\"EQ\",\"columnType\":\"int(11)\",\"createBy\":\"admin\",\"isPk\":\"1\",\"createTime\":1614245673000,\"tableId\":3,\"pk\":true,\"columnName\":\"id\"},{\"capJavaField\":\"Type\",\"usableColumn\":false,\"columnId\":23,\"isIncrement\":\"0\",\"increment\":false,\"insert\":true,\"isList\":\"1\",\"dictType\":\"\",\"required\":false,\"superColumn\":false,\"updateBy\":\"\",\"isInsert\":\"1\",\"javaField\":\"type\",\"htmlType\":\"select\",\"edit\":true,\"query\":true,\"columnComment\":\"类型\",\"isQuery\":\"1\",\"sort\":2,\"list\":true,\"params\":{},\"javaType\":\"String\",\"queryType\":\"EQ\",\"columnType\":\"char(10)\",\"createBy\":\"admin\",\"isPk\":\"0\",\"createTime\":1614245673000,\"isEdit\":\"1\",\"tableId\":3,\"pk\":false,\"columnName\":\"type\"},{\"capJavaField\":\"Code\",\"usableColumn\":false,\"columnId\":24,\"isIncrement\":\"0\",\"increment\":false,\"insert\":true,\"isList\":\"1\",\"dictType\":\"\",\"required\":true,\"superColumn\":false,\"updateBy\":\"\",\"isInsert\":\"1\",\"isRequired\":\"1\",\"javaField\":\"code\",\"htmlType\":\"input\",\"edit\":true,\"query\":true,\"columnComment\":\"代码\",\"isQuery\":\"1\",\"sort\":3,\"list\":true,\"params\":{},\"javaType\":\"String\",\"queryType\":\"EQ\",\"columnType\":\"varchar(50)\",\"createBy\":\"admin\",\"isPk\":\"0\",\"createTime\":1614245673000,\"isEdit\":\"1\",\"tableId\":3,\"pk\":false,\"columnName\":\"code\"},{\"capJavaField\":\"Title\",\"usableColumn\":false,\"columnId\":25,\"isIncrement\":\"0\",\"increment\":false,\"insert\":true,\"isList\":\"1\",\"dictType\":\"\",\"required\":true,\"superColumn\":false,\"updateBy\":\"\",\"isInsert\":\"1\",\"isRequired\":\"1\",\"javaField\":\"title\",\"htmlType\":\"input\",\"edit\":true,\"query\":true,\"columnComment\":\"名称\",\"isQuery\":\"1\",\"sort\":4,\"list\":true,\"params\":{},\"javaType\":\"String\",\"queryType\":\"EQ\",\"columnType\":\"varchar(100)\",\"createBy\":\"admin\",\"isPk\":\"0\",\"crea', '{\"msg\":\"操作成功\",\"code\":200}', 0, NULL, '2021-02-25 17:55:26');
INSERT INTO `sys_oper_log` VALUES (141, '代码生成', 2, 'com.ruoyi.generator.controller.GenController.editSave()', 'PUT', 1, 'admin', NULL, '/tool/gen', '127.0.0.1', '内网IP', '{\"sub\":false,\"functionAuthor\":\"yepanpan\",\"columns\":[{\"capJavaField\":\"Id\",\"usableColumn\":false,\"columnId\":31,\"isIncrement\":\"1\",\"increment\":true,\"insert\":true,\"dictType\":\"\",\"required\":false,\"superColumn\":false,\"updateBy\":\"\",\"isInsert\":\"1\",\"javaField\":\"id\",\"htmlType\":\"input\",\"edit\":false,\"query\":false,\"columnComment\":\"自增长主键ID\",\"sort\":1,\"list\":false,\"params\":{},\"javaType\":\"Long\",\"queryType\":\"EQ\",\"columnType\":\"int(11)\",\"createBy\":\"admin\",\"isPk\":\"1\",\"createTime\":1614245683000,\"tableId\":4,\"pk\":true,\"columnName\":\"id\"},{\"capJavaField\":\"Title\",\"usableColumn\":false,\"columnId\":32,\"isIncrement\":\"0\",\"increment\":false,\"insert\":true,\"isList\":\"1\",\"dictType\":\"\",\"required\":true,\"superColumn\":false,\"updateBy\":\"\",\"isInsert\":\"1\",\"isRequired\":\"1\",\"javaField\":\"title\",\"htmlType\":\"input\",\"edit\":true,\"query\":true,\"columnComment\":\"应用名称\",\"isQuery\":\"1\",\"sort\":2,\"list\":true,\"params\":{},\"javaType\":\"String\",\"queryType\":\"EQ\",\"columnType\":\"varchar(10)\",\"createBy\":\"admin\",\"isPk\":\"0\",\"createTime\":1614245683000,\"isEdit\":\"1\",\"tableId\":4,\"pk\":false,\"columnName\":\"title\"},{\"capJavaField\":\"Type\",\"usableColumn\":false,\"columnId\":33,\"isIncrement\":\"0\",\"increment\":false,\"insert\":true,\"isList\":\"1\",\"dictType\":\"\",\"required\":true,\"superColumn\":false,\"updateBy\":\"\",\"isInsert\":\"1\",\"isRequired\":\"1\",\"javaField\":\"type\",\"htmlType\":\"select\",\"edit\":true,\"query\":true,\"columnComment\":\"类型\",\"isQuery\":\"1\",\"sort\":3,\"list\":true,\"params\":{},\"javaType\":\"String\",\"queryType\":\"EQ\",\"columnType\":\"varchar(1)\",\"createBy\":\"admin\",\"isPk\":\"0\",\"createTime\":1614245683000,\"isEdit\":\"1\",\"tableId\":4,\"pk\":false,\"columnName\":\"type\"},{\"capJavaField\":\"Code\",\"usableColumn\":false,\"columnId\":34,\"isIncrement\":\"0\",\"increment\":false,\"insert\":true,\"isList\":\"1\",\"dictType\":\"\",\"required\":true,\"superColumn\":false,\"updateBy\":\"\",\"isInsert\":\"1\",\"isRequired\":\"1\",\"javaField\":\"code\",\"htmlType\":\"input\",\"edit\":true,\"query\":true,\"columnComment\":\"应用代码\",\"isQuery\":\"1\",\"sort\":4,\"list\":true,\"params\":{},\"javaType\":\"String\",\"queryType\":\"EQ\",\"columnType\":\"varchar(32)\",\"createBy\":\"a', '{\"msg\":\"操作成功\",\"code\":200}', 0, NULL, '2021-02-25 18:31:56');
INSERT INTO `sys_oper_log` VALUES (142, '代码生成', 2, 'com.ruoyi.generator.controller.GenController.editSave()', 'PUT', 1, 'admin', NULL, '/tool/gen', '127.0.0.1', '内网IP', '{\"sub\":false,\"functionAuthor\":\"yepanpan\",\"columns\":[{\"capJavaField\":\"Id\",\"usableColumn\":false,\"columnId\":43,\"isIncrement\":\"1\",\"increment\":true,\"insert\":true,\"dictType\":\"\",\"required\":false,\"superColumn\":false,\"updateBy\":\"\",\"isInsert\":\"1\",\"javaField\":\"id\",\"htmlType\":\"input\",\"edit\":false,\"query\":false,\"columnComment\":\"自增长主键ID\",\"sort\":1,\"list\":false,\"params\":{},\"javaType\":\"Long\",\"queryType\":\"EQ\",\"columnType\":\"int(11)\",\"createBy\":\"admin\",\"isPk\":\"1\",\"createTime\":1614245683000,\"tableId\":5,\"pk\":true,\"columnName\":\"id\"},{\"capJavaField\":\"Title\",\"usableColumn\":false,\"columnId\":44,\"isIncrement\":\"0\",\"increment\":false,\"insert\":true,\"isList\":\"1\",\"dictType\":\"\",\"required\":true,\"superColumn\":false,\"updateBy\":\"\",\"isInsert\":\"1\",\"isRequired\":\"1\",\"javaField\":\"title\",\"htmlType\":\"input\",\"edit\":true,\"query\":true,\"columnComment\":\"模型名称\",\"isQuery\":\"1\",\"sort\":2,\"list\":true,\"params\":{},\"javaType\":\"String\",\"queryType\":\"EQ\",\"columnType\":\"varchar(10)\",\"createBy\":\"admin\",\"isPk\":\"0\",\"createTime\":1614245683000,\"isEdit\":\"1\",\"tableId\":5,\"pk\":false,\"columnName\":\"title\"},{\"capJavaField\":\"Type\",\"usableColumn\":false,\"columnId\":45,\"isIncrement\":\"0\",\"increment\":false,\"insert\":true,\"isList\":\"1\",\"dictType\":\"\",\"required\":true,\"superColumn\":false,\"updateBy\":\"\",\"isInsert\":\"1\",\"isRequired\":\"1\",\"javaField\":\"type\",\"htmlType\":\"select\",\"edit\":true,\"query\":true,\"columnComment\":\"类型\",\"isQuery\":\"1\",\"sort\":3,\"list\":true,\"params\":{},\"javaType\":\"String\",\"queryType\":\"EQ\",\"columnType\":\"varchar(1)\",\"createBy\":\"admin\",\"isPk\":\"0\",\"createTime\":1614245683000,\"isEdit\":\"1\",\"tableId\":5,\"pk\":false,\"columnName\":\"type\"},{\"capJavaField\":\"Tables\",\"usableColumn\":false,\"columnId\":46,\"isIncrement\":\"0\",\"increment\":false,\"insert\":true,\"isList\":\"1\",\"dictType\":\"\",\"required\":true,\"superColumn\":false,\"updateBy\":\"\",\"isInsert\":\"1\",\"isRequired\":\"1\",\"javaField\":\"tables\",\"htmlType\":\"input\",\"edit\":true,\"query\":true,\"columnComment\":\"数据表\",\"isQuery\":\"1\",\"sort\":4,\"list\":true,\"params\":{},\"javaType\":\"String\",\"queryType\":\"EQ\",\"columnType\":\"varchar(100)\",\"createBy', '{\"msg\":\"操作成功\",\"code\":200}', 0, NULL, '2021-02-25 18:32:21');
INSERT INTO `sys_oper_log` VALUES (143, '代码生成', 2, 'com.ruoyi.generator.controller.GenController.editSave()', 'PUT', 1, 'admin', NULL, '/tool/gen', '127.0.0.1', '内网IP', '{\"sub\":false,\"functionAuthor\":\"yepanpan\",\"columns\":[{\"capJavaField\":\"Id\",\"usableColumn\":false,\"columnId\":49,\"isIncrement\":\"1\",\"increment\":true,\"insert\":true,\"dictType\":\"\",\"required\":false,\"superColumn\":false,\"updateBy\":\"\",\"isInsert\":\"1\",\"javaField\":\"id\",\"htmlType\":\"input\",\"edit\":false,\"query\":false,\"columnComment\":\"自增长主键ID\",\"sort\":1,\"list\":false,\"params\":{},\"javaType\":\"Long\",\"queryType\":\"EQ\",\"columnType\":\"int(11)\",\"createBy\":\"admin\",\"isPk\":\"1\",\"createTime\":1614245683000,\"tableId\":6,\"pk\":true,\"columnName\":\"id\"},{\"capJavaField\":\"ClientId\",\"usableColumn\":false,\"columnId\":50,\"isIncrement\":\"0\",\"increment\":false,\"insert\":true,\"isList\":\"1\",\"dictType\":\"\",\"required\":true,\"superColumn\":false,\"updateBy\":\"\",\"isInsert\":\"1\",\"isRequired\":\"1\",\"javaField\":\"clientId\",\"htmlType\":\"input\",\"edit\":true,\"query\":true,\"columnComment\":\"应用\",\"isQuery\":\"1\",\"sort\":2,\"list\":true,\"params\":{},\"javaType\":\"Long\",\"queryType\":\"EQ\",\"columnType\":\"int(11)\",\"createBy\":\"admin\",\"isPk\":\"0\",\"createTime\":1614245683000,\"isEdit\":\"1\",\"tableId\":6,\"pk\":false,\"columnName\":\"client_id\"},{\"capJavaField\":\"ModelId\",\"usableColumn\":false,\"columnId\":51,\"isIncrement\":\"0\",\"increment\":false,\"insert\":true,\"isList\":\"1\",\"dictType\":\"\",\"required\":true,\"superColumn\":false,\"updateBy\":\"\",\"isInsert\":\"1\",\"isRequired\":\"1\",\"javaField\":\"modelId\",\"htmlType\":\"input\",\"edit\":true,\"query\":true,\"columnComment\":\"模型名称\",\"isQuery\":\"1\",\"sort\":3,\"list\":true,\"params\":{},\"javaType\":\"Long\",\"queryType\":\"EQ\",\"columnType\":\"int(11)\",\"createBy\":\"admin\",\"isPk\":\"0\",\"createTime\":1614245683000,\"isEdit\":\"1\",\"tableId\":6,\"pk\":false,\"columnName\":\"model_id\"},{\"capJavaField\":\"Mode\",\"usableColumn\":false,\"columnId\":52,\"isIncrement\":\"0\",\"increment\":false,\"insert\":true,\"isList\":\"1\",\"dictType\":\"\",\"required\":true,\"superColumn\":false,\"updateBy\":\"\",\"isInsert\":\"1\",\"isRequired\":\"1\",\"javaField\":\"mode\",\"htmlType\":\"input\",\"edit\":true,\"query\":true,\"columnComment\":\"权限\",\"isQuery\":\"1\",\"sort\":4,\"list\":true,\"params\":{},\"javaType\":\"String\",\"queryType\":\"EQ\",\"columnType\":\"varchar(1)\",\"createB', '{\"msg\":\"操作成功\",\"code\":200}', 0, NULL, '2021-02-25 18:32:46');
INSERT INTO `sys_oper_log` VALUES (144, '代码生成', 8, 'com.ruoyi.generator.controller.GenController.batchGenCode()', 'GET', 1, 'admin', NULL, '/tool/gen/batchGenCode', '127.0.0.1', '内网IP', '{}', 'null', 0, NULL, '2021-02-25 18:32:53');
INSERT INTO `sys_oper_log` VALUES (145, '菜单管理', 2, 'com.ruoyi.web.controller.system.SysMenuController.edit()', 'PUT', 1, 'admin', NULL, '/system/menu', '127.0.0.1', '内网IP', '{\"visible\":\"0\",\"icon\":\"#\",\"orderNum\":\"1\",\"menuName\":\"应用管理\",\"params\":{},\"parentId\":2001,\"isCache\":\"0\",\"path\":\"client\",\"component\":\"xdata/client/index\",\"children\":[],\"createTime\":1614249199000,\"updateBy\":\"admin\",\"isFrame\":\"1\",\"menuId\":2009,\"menuType\":\"C\",\"perms\":\"xdata:client:list\",\"status\":\"0\"}', '{\"msg\":\"操作成功\",\"code\":200}', 0, NULL, '2021-02-25 18:42:25');
INSERT INTO `sys_oper_log` VALUES (146, '菜单管理', 2, 'com.ruoyi.web.controller.system.SysMenuController.edit()', 'PUT', 1, 'admin', NULL, '/system/menu', '127.0.0.1', '内网IP', '{\"visible\":\"0\",\"icon\":\"#\",\"orderNum\":\"1\",\"menuName\":\"模型管理\",\"params\":{},\"parentId\":2001,\"isCache\":\"0\",\"path\":\"model\",\"component\":\"xdata/model/index\",\"children\":[],\"createTime\":1614249211000,\"updateBy\":\"admin\",\"isFrame\":\"1\",\"menuId\":2015,\"menuType\":\"C\",\"perms\":\"xdata:model:list\",\"status\":\"0\"}', '{\"msg\":\"操作成功\",\"code\":200}', 0, NULL, '2021-02-25 18:42:33');
INSERT INTO `sys_oper_log` VALUES (147, '菜单管理', 2, 'com.ruoyi.web.controller.system.SysMenuController.edit()', 'PUT', 1, 'admin', NULL, '/system/menu', '127.0.0.1', '内网IP', '{\"visible\":\"0\",\"icon\":\"#\",\"orderNum\":\"1\",\"menuName\":\"通道\",\"params\":{},\"parentId\":2001,\"isCache\":\"0\",\"path\":\"pipe\",\"component\":\"xdata/pipe/index\",\"children\":[],\"createTime\":1614249222000,\"updateBy\":\"admin\",\"isFrame\":\"1\",\"menuId\":2021,\"menuType\":\"C\",\"perms\":\"xdata:pipe:list\",\"status\":\"0\"}', '{\"msg\":\"操作成功\",\"code\":200}', 0, NULL, '2021-02-25 18:42:41');
INSERT INTO `sys_oper_log` VALUES (148, '菜单管理', 2, 'com.ruoyi.web.controller.system.SysMenuController.edit()', 'PUT', 1, 'admin', NULL, '/system/menu', '127.0.0.1', '内网IP', '{\"visible\":\"0\",\"icon\":\"#\",\"orderNum\":\"1\",\"menuName\":\"应用管理查询\",\"params\":{},\"parentId\":2009,\"isCache\":\"0\",\"path\":\"#\",\"component\":\"\",\"children\":[],\"createTime\":1614249199000,\"updateBy\":\"admin\",\"isFrame\":\"1\",\"menuId\":2010,\"menuType\":\"F\",\"perms\":\"xdata:client:query\",\"status\":\"0\"}', '{\"msg\":\"操作成功\",\"code\":200}', 0, NULL, '2021-02-25 18:42:51');
INSERT INTO `sys_oper_log` VALUES (149, '菜单管理', 2, 'com.ruoyi.web.controller.system.SysMenuController.edit()', 'PUT', 1, 'admin', NULL, '/system/menu', '127.0.0.1', '内网IP', '{\"visible\":\"0\",\"icon\":\"#\",\"orderNum\":\"2\",\"menuName\":\"应用管理新增\",\"params\":{},\"parentId\":2009,\"isCache\":\"0\",\"path\":\"#\",\"component\":\"\",\"children\":[],\"createTime\":1614249199000,\"updateBy\":\"admin\",\"isFrame\":\"1\",\"menuId\":2011,\"menuType\":\"F\",\"perms\":\"xdata:client:add\",\"status\":\"0\"}', '{\"msg\":\"操作成功\",\"code\":200}', 0, NULL, '2021-02-25 18:42:55');
INSERT INTO `sys_oper_log` VALUES (150, '菜单管理', 2, 'com.ruoyi.web.controller.system.SysMenuController.edit()', 'PUT', 1, 'admin', NULL, '/system/menu', '127.0.0.1', '内网IP', '{\"visible\":\"0\",\"icon\":\"#\",\"orderNum\":\"3\",\"menuName\":\"应用管理修改\",\"params\":{},\"parentId\":2009,\"isCache\":\"0\",\"path\":\"#\",\"component\":\"\",\"children\":[],\"createTime\":1614249199000,\"updateBy\":\"admin\",\"isFrame\":\"1\",\"menuId\":2012,\"menuType\":\"F\",\"perms\":\"xdata:client:edit\",\"status\":\"0\"}', '{\"msg\":\"操作成功\",\"code\":200}', 0, NULL, '2021-02-25 18:43:04');
INSERT INTO `sys_oper_log` VALUES (151, '菜单管理', 2, 'com.ruoyi.web.controller.system.SysMenuController.edit()', 'PUT', 1, 'admin', NULL, '/system/menu', '127.0.0.1', '内网IP', '{\"visible\":\"0\",\"icon\":\"#\",\"orderNum\":\"4\",\"menuName\":\"应用管理删除\",\"params\":{},\"parentId\":2009,\"isCache\":\"0\",\"path\":\"#\",\"component\":\"\",\"children\":[],\"createTime\":1614249199000,\"updateBy\":\"admin\",\"isFrame\":\"1\",\"menuId\":2013,\"menuType\":\"F\",\"perms\":\"xdata:client:remove\",\"status\":\"0\"}', '{\"msg\":\"操作成功\",\"code\":200}', 0, NULL, '2021-02-25 18:43:10');
INSERT INTO `sys_oper_log` VALUES (152, '菜单管理', 2, 'com.ruoyi.web.controller.system.SysMenuController.edit()', 'PUT', 1, 'admin', NULL, '/system/menu', '127.0.0.1', '内网IP', '{\"visible\":\"0\",\"icon\":\"#\",\"orderNum\":\"5\",\"menuName\":\"应用管理导出\",\"params\":{},\"parentId\":2009,\"isCache\":\"0\",\"path\":\"#\",\"component\":\"\",\"children\":[],\"createTime\":1614249199000,\"updateBy\":\"admin\",\"isFrame\":\"1\",\"menuId\":2014,\"menuType\":\"F\",\"perms\":\"xdata:client:export\",\"status\":\"0\"}', '{\"msg\":\"操作成功\",\"code\":200}', 0, NULL, '2021-02-25 18:43:15');
INSERT INTO `sys_oper_log` VALUES (153, '菜单管理', 2, 'com.ruoyi.web.controller.system.SysMenuController.edit()', 'PUT', 1, 'admin', NULL, '/system/menu', '127.0.0.1', '内网IP', '{\"visible\":\"0\",\"icon\":\"#\",\"orderNum\":\"1\",\"menuName\":\"模型管理查询\",\"params\":{},\"parentId\":2015,\"isCache\":\"0\",\"path\":\"#\",\"component\":\"\",\"children\":[],\"createTime\":1614249211000,\"updateBy\":\"admin\",\"isFrame\":\"1\",\"menuId\":2016,\"menuType\":\"F\",\"perms\":\"xdata:model:query\",\"status\":\"0\"}', '{\"msg\":\"操作成功\",\"code\":200}', 0, NULL, '2021-02-25 18:43:25');
INSERT INTO `sys_oper_log` VALUES (154, '菜单管理', 2, 'com.ruoyi.web.controller.system.SysMenuController.edit()', 'PUT', 1, 'admin', NULL, '/system/menu', '127.0.0.1', '内网IP', '{\"visible\":\"0\",\"icon\":\"#\",\"orderNum\":\"2\",\"menuName\":\"模型管理新增\",\"params\":{},\"parentId\":2015,\"isCache\":\"0\",\"path\":\"#\",\"component\":\"\",\"children\":[],\"createTime\":1614249211000,\"updateBy\":\"admin\",\"isFrame\":\"1\",\"menuId\":2017,\"menuType\":\"F\",\"perms\":\"xdata:model:add\",\"status\":\"0\"}', '{\"msg\":\"操作成功\",\"code\":200}', 0, NULL, '2021-02-25 18:43:30');
INSERT INTO `sys_oper_log` VALUES (155, '菜单管理', 2, 'com.ruoyi.web.controller.system.SysMenuController.edit()', 'PUT', 1, 'admin', NULL, '/system/menu', '127.0.0.1', '内网IP', '{\"visible\":\"0\",\"icon\":\"#\",\"orderNum\":\"3\",\"menuName\":\"模型管理修改\",\"params\":{},\"parentId\":2015,\"isCache\":\"0\",\"path\":\"#\",\"component\":\"\",\"children\":[],\"createTime\":1614249211000,\"updateBy\":\"admin\",\"isFrame\":\"1\",\"menuId\":2018,\"menuType\":\"F\",\"perms\":\"xdata:model:edit\",\"status\":\"0\"}', '{\"msg\":\"操作成功\",\"code\":200}', 0, NULL, '2021-02-25 18:43:36');
INSERT INTO `sys_oper_log` VALUES (156, '菜单管理', 2, 'com.ruoyi.web.controller.system.SysMenuController.edit()', 'PUT', 1, 'admin', NULL, '/system/menu', '127.0.0.1', '内网IP', '{\"visible\":\"0\",\"icon\":\"#\",\"orderNum\":\"4\",\"menuName\":\"模型管理删除\",\"params\":{},\"parentId\":2015,\"isCache\":\"0\",\"path\":\"#\",\"component\":\"\",\"children\":[],\"createTime\":1614249211000,\"updateBy\":\"admin\",\"isFrame\":\"1\",\"menuId\":2019,\"menuType\":\"F\",\"perms\":\"xdata:model:remove\",\"status\":\"0\"}', '{\"msg\":\"操作成功\",\"code\":200}', 0, NULL, '2021-02-25 18:43:41');
INSERT INTO `sys_oper_log` VALUES (157, '菜单管理', 2, 'com.ruoyi.web.controller.system.SysMenuController.edit()', 'PUT', 1, 'admin', NULL, '/system/menu', '127.0.0.1', '内网IP', '{\"visible\":\"0\",\"icon\":\"#\",\"orderNum\":\"5\",\"menuName\":\"模型管理导出\",\"params\":{},\"parentId\":2015,\"isCache\":\"0\",\"path\":\"#\",\"component\":\"\",\"children\":[],\"createTime\":1614249211000,\"updateBy\":\"admin\",\"isFrame\":\"1\",\"menuId\":2020,\"menuType\":\"F\",\"perms\":\"xdata:model:export\",\"status\":\"0\"}', '{\"msg\":\"操作成功\",\"code\":200}', 0, NULL, '2021-02-25 18:43:47');
INSERT INTO `sys_oper_log` VALUES (158, '菜单管理', 2, 'com.ruoyi.web.controller.system.SysMenuController.edit()', 'PUT', 1, 'admin', NULL, '/system/menu', '127.0.0.1', '内网IP', '{\"visible\":\"0\",\"icon\":\"#\",\"orderNum\":\"1\",\"menuName\":\"通道查询\",\"params\":{},\"parentId\":2021,\"isCache\":\"0\",\"path\":\"#\",\"component\":\"\",\"children\":[],\"createTime\":1614249222000,\"updateBy\":\"admin\",\"isFrame\":\"1\",\"menuId\":2022,\"menuType\":\"F\",\"perms\":\"xdata:pipe:query\",\"status\":\"0\"}', '{\"msg\":\"操作成功\",\"code\":200}', 0, NULL, '2021-02-25 18:43:54');
INSERT INTO `sys_oper_log` VALUES (159, '菜单管理', 2, 'com.ruoyi.web.controller.system.SysMenuController.edit()', 'PUT', 1, 'admin', NULL, '/system/menu', '127.0.0.1', '内网IP', '{\"visible\":\"0\",\"icon\":\"#\",\"orderNum\":\"2\",\"menuName\":\"通道新增\",\"params\":{},\"parentId\":2021,\"isCache\":\"0\",\"path\":\"#\",\"component\":\"\",\"children\":[],\"createTime\":1614249222000,\"updateBy\":\"admin\",\"isFrame\":\"1\",\"menuId\":2023,\"menuType\":\"F\",\"perms\":\"xdata:pipe:add\",\"status\":\"0\"}', '{\"msg\":\"操作成功\",\"code\":200}', 0, NULL, '2021-02-25 18:43:59');
INSERT INTO `sys_oper_log` VALUES (160, '菜单管理', 2, 'com.ruoyi.web.controller.system.SysMenuController.edit()', 'PUT', 1, 'admin', NULL, '/system/menu', '127.0.0.1', '内网IP', '{\"visible\":\"0\",\"icon\":\"#\",\"orderNum\":\"3\",\"menuName\":\"通道修改\",\"params\":{},\"parentId\":2021,\"isCache\":\"0\",\"path\":\"#\",\"component\":\"\",\"children\":[],\"createTime\":1614249222000,\"updateBy\":\"admin\",\"isFrame\":\"1\",\"menuId\":2024,\"menuType\":\"F\",\"perms\":\"xdata:pipe:edit\",\"status\":\"0\"}', '{\"msg\":\"操作成功\",\"code\":200}', 0, NULL, '2021-02-25 18:44:04');
INSERT INTO `sys_oper_log` VALUES (161, '菜单管理', 2, 'com.ruoyi.web.controller.system.SysMenuController.edit()', 'PUT', 1, 'admin', NULL, '/system/menu', '127.0.0.1', '内网IP', '{\"visible\":\"0\",\"icon\":\"#\",\"orderNum\":\"4\",\"menuName\":\"通道删除\",\"params\":{},\"parentId\":2021,\"isCache\":\"0\",\"path\":\"#\",\"component\":\"\",\"children\":[],\"createTime\":1614249222000,\"updateBy\":\"admin\",\"isFrame\":\"1\",\"menuId\":2025,\"menuType\":\"F\",\"perms\":\"xdata:pipe:remove\",\"status\":\"0\"}', '{\"msg\":\"操作成功\",\"code\":200}', 0, NULL, '2021-02-25 18:44:09');
INSERT INTO `sys_oper_log` VALUES (162, '菜单管理', 2, 'com.ruoyi.web.controller.system.SysMenuController.edit()', 'PUT', 1, 'admin', NULL, '/system/menu', '127.0.0.1', '内网IP', '{\"visible\":\"0\",\"icon\":\"#\",\"orderNum\":\"5\",\"menuName\":\"通道导出\",\"params\":{},\"parentId\":2021,\"isCache\":\"0\",\"path\":\"#\",\"component\":\"\",\"children\":[],\"createTime\":1614249222000,\"updateBy\":\"admin\",\"isFrame\":\"1\",\"menuId\":2026,\"menuType\":\"F\",\"perms\":\"xdata:pipe:export\",\"status\":\"0\"}', '{\"msg\":\"操作成功\",\"code\":200}', 0, NULL, '2021-02-25 18:44:14');
INSERT INTO `sys_oper_log` VALUES (163, '字典类型', 1, 'com.ruoyi.web.controller.system.SysDictTypeController.add()', 'POST', 1, 'admin', NULL, '/system/dict/type', '127.0.0.1', '内网IP', '{\"createBy\":\"admin\",\"dictName\":\"应用类型\",\"params\":{},\"dictType\":\"xdata_app_type\",\"status\":\"0\"}', '{\"msg\":\"操作成功\",\"code\":200}', 0, NULL, '2021-02-25 18:45:59');
INSERT INTO `sys_oper_log` VALUES (164, '字典数据', 1, 'com.ruoyi.web.controller.system.SysDictDataController.add()', 'POST', 1, 'admin', NULL, '/system/dict/data', '127.0.0.1', '内网IP', '{\"dictValue\":\"1\",\"dictSort\":1,\"params\":{},\"dictType\":\"xdata_app_type\",\"dictLabel\":\"web应用\",\"createBy\":\"admin\",\"default\":false,\"status\":\"0\"}', '{\"msg\":\"操作成功\",\"code\":200}', 0, NULL, '2021-02-25 18:46:15');
INSERT INTO `sys_oper_log` VALUES (165, '字典数据', 1, 'com.ruoyi.web.controller.system.SysDictDataController.add()', 'POST', 1, 'admin', NULL, '/system/dict/data', '127.0.0.1', '内网IP', '{\"dictValue\":\"2\",\"dictSort\":2,\"params\":{},\"dictType\":\"xdata_app_type\",\"dictLabel\":\"移动应用\",\"createBy\":\"admin\",\"default\":false,\"status\":\"0\"}', '{\"msg\":\"操作成功\",\"code\":200}', 0, NULL, '2021-02-25 18:46:28');
INSERT INTO `sys_oper_log` VALUES (166, '字典数据', 1, 'com.ruoyi.web.controller.system.SysDictDataController.add()', 'POST', 1, 'admin', NULL, '/system/dict/data', '127.0.0.1', '内网IP', '{\"dictValue\":\"3\",\"dictSort\":3,\"params\":{},\"dictType\":\"xdata_app_type\",\"dictLabel\":\"其它\",\"createBy\":\"admin\",\"default\":false,\"status\":\"0\"}', '{\"msg\":\"操作成功\",\"code\":200}', 0, NULL, '2021-02-25 18:46:38');
INSERT INTO `sys_oper_log` VALUES (167, '字典类型', 1, 'com.ruoyi.web.controller.system.SysDictTypeController.add()', 'POST', 1, 'admin', NULL, '/system/dict/type', '127.0.0.1', '内网IP', '{\"createBy\":\"admin\",\"dictName\":\"模型分类\",\"params\":{},\"dictType\":\"xdata_model_type\",\"status\":\"0\"}', '{\"msg\":\"操作成功\",\"code\":200}', 0, NULL, '2021-02-25 18:46:55');
INSERT INTO `sys_oper_log` VALUES (168, '字典数据', 1, 'com.ruoyi.web.controller.system.SysDictDataController.add()', 'POST', 1, 'admin', NULL, '/system/dict/data', '127.0.0.1', '内网IP', '{\"dictValue\":\"1\",\"dictSort\":1,\"params\":{},\"dictType\":\"xdata_model_type\",\"dictLabel\":\"基础数据\",\"createBy\":\"admin\",\"default\":false,\"status\":\"0\"}', '{\"msg\":\"操作成功\",\"code\":200}', 0, NULL, '2021-02-25 18:47:07');
INSERT INTO `sys_oper_log` VALUES (169, '字典数据', 1, 'com.ruoyi.web.controller.system.SysDictDataController.add()', 'POST', 1, 'admin', NULL, '/system/dict/data', '127.0.0.1', '内网IP', '{\"dictValue\":\"2\",\"dictSort\":2,\"params\":{},\"dictType\":\"xdata_model_type\",\"dictLabel\":\"业务数据\",\"createBy\":\"admin\",\"default\":false,\"status\":\"0\"}', '{\"msg\":\"操作成功\",\"code\":200}', 0, NULL, '2021-02-25 18:47:17');
INSERT INTO `sys_oper_log` VALUES (170, '字典数据', 1, 'com.ruoyi.web.controller.system.SysDictDataController.add()', 'POST', 1, 'admin', NULL, '/system/dict/data', '127.0.0.1', '内网IP', '{\"dictValue\":\"3\",\"dictSort\":3,\"params\":{},\"dictType\":\"xdata_model_type\",\"dictLabel\":\"归档数据\",\"createBy\":\"admin\",\"default\":false,\"status\":\"0\"}', '{\"msg\":\"操作成功\",\"code\":200}', 0, NULL, '2021-02-25 18:47:27');
INSERT INTO `sys_oper_log` VALUES (171, '字典数据', 1, 'com.ruoyi.web.controller.system.SysDictDataController.add()', 'POST', 1, 'admin', NULL, '/system/dict/data', '127.0.0.1', '内网IP', '{\"dictValue\":\"4\",\"dictSort\":4,\"params\":{},\"dictType\":\"xdata_model_type\",\"dictLabel\":\"其它数据\",\"createBy\":\"admin\",\"default\":false,\"status\":\"0\"}', '{\"msg\":\"操作成功\",\"code\":200}', 0, NULL, '2021-02-25 18:47:36');
INSERT INTO `sys_oper_log` VALUES (172, '字典类型', 1, 'com.ruoyi.web.controller.system.SysDictTypeController.add()', 'POST', 1, 'admin', NULL, '/system/dict/type', '127.0.0.1', '内网IP', '{\"createBy\":\"admin\",\"dictName\":\"管道模式\",\"params\":{},\"dictType\":\"xdata_pipe_mode\",\"status\":\"0\"}', '{\"msg\":\"操作成功\",\"code\":200}', 0, NULL, '2021-02-25 18:48:14');
INSERT INTO `sys_oper_log` VALUES (173, '字典数据', 1, 'com.ruoyi.web.controller.system.SysDictDataController.add()', 'POST', 1, 'admin', NULL, '/system/dict/data', '127.0.0.1', '内网IP', '{\"dictValue\":\"r\",\"dictSort\":1,\"params\":{},\"dictType\":\"xdata_pipe_mode\",\"dictLabel\":\"读\",\"createBy\":\"admin\",\"default\":false,\"status\":\"0\"}', '{\"msg\":\"操作成功\",\"code\":200}', 0, NULL, '2021-02-25 18:48:35');
INSERT INTO `sys_oper_log` VALUES (174, '字典数据', 1, 'com.ruoyi.web.controller.system.SysDictDataController.add()', 'POST', 1, 'admin', NULL, '/system/dict/data', '127.0.0.1', '内网IP', '{\"dictValue\":\"w\",\"dictSort\":2,\"params\":{},\"dictType\":\"xdata_pipe_mode\",\"dictLabel\":\"写\",\"createBy\":\"admin\",\"default\":false,\"status\":\"0\"}', '{\"msg\":\"操作成功\",\"code\":200}', 0, NULL, '2021-02-25 18:48:42');
INSERT INTO `sys_oper_log` VALUES (175, '字典类型', 1, 'com.ruoyi.web.controller.system.SysDictTypeController.add()', 'POST', 1, 'admin', NULL, '/system/dict/type', '127.0.0.1', '内网IP', '{\"createBy\":\"admin\",\"dictName\":\"数据库类型\",\"params\":{},\"dictType\":\"xdata_db_type\",\"status\":\"0\"}', '{\"msg\":\"操作成功\",\"code\":200}', 0, NULL, '2021-02-25 18:49:10');
INSERT INTO `sys_oper_log` VALUES (176, '字典数据', 1, 'com.ruoyi.web.controller.system.SysDictDataController.add()', 'POST', 1, 'admin', NULL, '/system/dict/data', '127.0.0.1', '内网IP', '{\"dictValue\":\"1\",\"dictSort\":1,\"params\":{},\"dictType\":\"xdata_db_type\",\"dictLabel\":\"MySQL\",\"createBy\":\"admin\",\"default\":false,\"status\":\"0\"}', '{\"msg\":\"操作成功\",\"code\":200}', 0, NULL, '2021-02-25 18:49:23');
INSERT INTO `sys_oper_log` VALUES (177, '字典数据', 1, 'com.ruoyi.web.controller.system.SysDictDataController.add()', 'POST', 1, 'admin', NULL, '/system/dict/data', '127.0.0.1', '内网IP', '{\"dictValue\":\"2\",\"dictSort\":2,\"params\":{},\"dictType\":\"xdata_db_type\",\"dictLabel\":\"Oracle\",\"createBy\":\"admin\",\"default\":false,\"status\":\"0\"}', '{\"msg\":\"操作成功\",\"code\":200}', 0, NULL, '2021-02-25 18:49:29');
INSERT INTO `sys_oper_log` VALUES (178, '字典数据', 1, 'com.ruoyi.web.controller.system.SysDictDataController.add()', 'POST', 1, 'admin', NULL, '/system/dict/data', '127.0.0.1', '内网IP', '{\"dictValue\":\"3\",\"dictSort\":3,\"params\":{},\"dictType\":\"xdata_db_type\",\"dictLabel\":\"SQL Server\",\"createBy\":\"admin\",\"default\":false,\"status\":\"0\"}', '{\"msg\":\"操作成功\",\"code\":200}', 0, NULL, '2021-02-25 18:49:38');
INSERT INTO `sys_oper_log` VALUES (179, '字典数据', 1, 'com.ruoyi.web.controller.system.SysDictDataController.add()', 'POST', 1, 'admin', NULL, '/system/dict/data', '127.0.0.1', '内网IP', '{\"dictValue\":\"4\",\"dictSort\":4,\"params\":{},\"dictType\":\"xdata_db_type\",\"dictLabel\":\"PostgreSQL\",\"createBy\":\"admin\",\"default\":false,\"status\":\"0\"}', '{\"msg\":\"操作成功\",\"code\":200}', 0, NULL, '2021-02-25 18:49:51');
INSERT INTO `sys_oper_log` VALUES (180, '字典数据', 1, 'com.ruoyi.web.controller.system.SysDictDataController.add()', 'POST', 1, 'admin', NULL, '/system/dict/data', '127.0.0.1', '内网IP', '{\"dictValue\":\"9\",\"dictSort\":9,\"params\":{},\"dictType\":\"xdata_db_type\",\"dictLabel\":\"其它\",\"createBy\":\"admin\",\"default\":false,\"status\":\"0\"}', '{\"msg\":\"操作成功\",\"code\":200}', 0, NULL, '2021-02-25 18:50:04');
INSERT INTO `sys_oper_log` VALUES (181, '菜单管理', 2, 'com.ruoyi.web.controller.system.SysMenuController.edit()', 'PUT', 1, 'admin', NULL, '/system/menu', '127.0.0.1', '内网IP', '{\"visible\":\"0\",\"icon\":\"server\",\"orderNum\":\"1\",\"menuName\":\"应用管理\",\"params\":{},\"parentId\":2001,\"isCache\":\"0\",\"path\":\"client\",\"component\":\"xdata/client/index\",\"children\":[],\"createTime\":1614249199000,\"updateBy\":\"admin\",\"isFrame\":\"1\",\"menuId\":2009,\"menuType\":\"C\",\"perms\":\"xdata:client:list\",\"status\":\"0\"}', '{\"msg\":\"操作成功\",\"code\":200}', 0, NULL, '2021-02-25 18:50:41');
INSERT INTO `sys_oper_log` VALUES (182, '菜单管理', 2, 'com.ruoyi.web.controller.system.SysMenuController.edit()', 'PUT', 1, 'admin', NULL, '/system/menu', '127.0.0.1', '内网IP', '{\"visible\":\"0\",\"icon\":\"build\",\"orderNum\":\"1\",\"menuName\":\"模型管理\",\"params\":{},\"parentId\":2001,\"isCache\":\"0\",\"path\":\"model\",\"component\":\"xdata/model/index\",\"children\":[],\"createTime\":1614249211000,\"updateBy\":\"admin\",\"isFrame\":\"1\",\"menuId\":2015,\"menuType\":\"C\",\"perms\":\"xdata:model:list\",\"status\":\"0\"}', '{\"msg\":\"操作成功\",\"code\":200}', 0, NULL, '2021-02-25 18:50:56');
INSERT INTO `sys_oper_log` VALUES (183, '菜单管理', 2, 'com.ruoyi.web.controller.system.SysMenuController.edit()', 'PUT', 1, 'admin', NULL, '/system/menu', '127.0.0.1', '内网IP', '{\"visible\":\"0\",\"icon\":\"swagger\",\"orderNum\":\"1\",\"menuName\":\"通道管理\",\"params\":{},\"parentId\":2001,\"isCache\":\"0\",\"path\":\"pipe\",\"component\":\"xdata/pipe/index\",\"children\":[],\"createTime\":1614249222000,\"updateBy\":\"admin\",\"isFrame\":\"1\",\"menuId\":2021,\"menuType\":\"C\",\"perms\":\"xdata:pipe:list\",\"status\":\"0\"}', '{\"msg\":\"操作成功\",\"code\":200}', 0, NULL, '2021-02-25 18:51:26');
INSERT INTO `sys_oper_log` VALUES (184, '菜单管理', 2, 'com.ruoyi.web.controller.system.SysMenuController.edit()', 'PUT', 1, 'admin', NULL, '/system/menu', '127.0.0.1', '内网IP', '{\"visible\":\"0\",\"icon\":\"table\",\"orderNum\":\"1\",\"menuName\":\"模型管理\",\"params\":{},\"parentId\":2001,\"isCache\":\"0\",\"path\":\"model\",\"component\":\"xdata/model/index\",\"children\":[],\"createTime\":1614249211000,\"updateBy\":\"admin\",\"isFrame\":\"1\",\"menuId\":2015,\"menuType\":\"C\",\"perms\":\"xdata:model:list\",\"status\":\"0\"}', '{\"msg\":\"操作成功\",\"code\":200}', 0, NULL, '2021-02-25 18:51:34');
INSERT INTO `sys_oper_log` VALUES (185, '菜单管理', 2, 'com.ruoyi.web.controller.system.SysMenuController.edit()', 'PUT', 1, 'admin', NULL, '/system/menu', '127.0.0.1', '内网IP', '{\"visible\":\"0\",\"icon\":\"tab\",\"orderNum\":\"1\",\"menuName\":\"数据集\",\"params\":{},\"parentId\":2002,\"isCache\":\"0\",\"path\":\"dataset\",\"component\":\"sys/dataset/index\",\"children\":[],\"createTime\":1614249232000,\"updateBy\":\"admin\",\"isFrame\":\"1\",\"menuId\":2027,\"menuType\":\"C\",\"perms\":\"sys:dataset:list\",\"status\":\"0\"}', '{\"msg\":\"操作成功\",\"code\":200}', 0, NULL, '2021-02-25 18:52:08');
INSERT INTO `sys_oper_log` VALUES (186, '菜单管理', 2, 'com.ruoyi.web.controller.system.SysMenuController.edit()', 'PUT', 1, 'admin', NULL, '/system/menu', '127.0.0.1', '内网IP', '{\"visible\":\"0\",\"icon\":\"chart\",\"orderNum\":\"1\",\"menuName\":\"报表设计\",\"params\":{},\"parentId\":2002,\"isCache\":\"0\",\"path\":\"chart\",\"component\":\"sys/chart/index\",\"children\":[],\"createTime\":1614249241000,\"updateBy\":\"admin\",\"isFrame\":\"1\",\"menuId\":2033,\"menuType\":\"C\",\"perms\":\"sys:chart:list\",\"status\":\"0\"}', '{\"msg\":\"操作成功\",\"code\":200}', 0, NULL, '2021-02-25 18:52:22');
INSERT INTO `sys_oper_log` VALUES (187, '字典类型', 1, 'com.ruoyi.web.controller.system.SysDictTypeController.add()', 'POST', 1, 'admin', NULL, '/system/dict/type', '127.0.0.1', '内网IP', '{\"createBy\":\"admin\",\"dictName\":\"通用状态\",\"params\":{},\"dictType\":\"ext_status\",\"status\":\"0\"}', '{\"msg\":\"操作成功\",\"code\":200}', 0, NULL, '2021-02-25 18:53:16');
INSERT INTO `sys_oper_log` VALUES (188, '字典数据', 1, 'com.ruoyi.web.controller.system.SysDictDataController.add()', 'POST', 1, 'admin', NULL, '/system/dict/data', '127.0.0.1', '内网IP', '{\"dictValue\":\"1\",\"dictSort\":1,\"params\":{},\"dictType\":\"ext_status\",\"dictLabel\":\"启用\",\"createBy\":\"admin\",\"default\":false,\"status\":\"0\"}', '{\"msg\":\"操作成功\",\"code\":200}', 0, NULL, '2021-02-25 18:53:31');
INSERT INTO `sys_oper_log` VALUES (189, '字典数据', 1, 'com.ruoyi.web.controller.system.SysDictDataController.add()', 'POST', 1, 'admin', NULL, '/system/dict/data', '127.0.0.1', '内网IP', '{\"dictValue\":\"0\",\"dictSort\":2,\"params\":{},\"dictType\":\"ext_status\",\"dictLabel\":\"禁用\",\"createBy\":\"admin\",\"default\":false,\"status\":\"0\"}', '{\"msg\":\"操作成功\",\"code\":200}', 0, NULL, '2021-02-25 18:54:24');
INSERT INTO `sys_oper_log` VALUES (190, '菜单管理', 2, 'com.ruoyi.web.controller.system.SysMenuController.edit()', 'PUT', 1, 'admin', NULL, '/system/menu', '127.0.0.1', '内网IP', '{\"visible\":\"0\",\"icon\":\"message\",\"orderNum\":\"1\",\"menuName\":\"消息\",\"params\":{},\"parentId\":2,\"isCache\":\"0\",\"path\":\"msg\",\"component\":\"sys/msg/index\",\"children\":[],\"createTime\":1614249067000,\"updateBy\":\"admin\",\"isFrame\":\"1\",\"menuId\":2003,\"menuType\":\"C\",\"perms\":\"sys:msg:list\",\"status\":\"0\"}', '{\"msg\":\"操作成功\",\"code\":200}', 0, NULL, '2021-02-25 19:01:33');
INSERT INTO `sys_oper_log` VALUES (191, '菜单管理', 2, 'com.ruoyi.web.controller.system.SysMenuController.edit()', 'PUT', 1, 'admin', NULL, '/system/menu', '127.0.0.1', '内网IP', '{\"visible\":\"0\",\"icon\":\"message\",\"orderNum\":\"1\",\"menuName\":\"消息查询\",\"params\":{},\"parentId\":2,\"isCache\":\"0\",\"path\":\"msg\",\"component\":\"sys/msg/index\",\"children\":[],\"createTime\":1614249067000,\"updateBy\":\"admin\",\"isFrame\":\"1\",\"menuId\":2003,\"menuType\":\"C\",\"perms\":\"sys:msg:list\",\"status\":\"0\"}', '{\"msg\":\"操作成功\",\"code\":200}', 0, NULL, '2021-02-25 19:01:58');
INSERT INTO `sys_oper_log` VALUES (192, '菜单管理', 1, 'com.ruoyi.web.controller.system.SysMenuController.add()', 'POST', 1, 'admin', NULL, '/system/menu', '127.0.0.1', '内网IP', '{\"visible\":\"0\",\"icon\":\"star\",\"orderNum\":\"2\",\"menuName\":\"个人中心\",\"params\":{},\"parentId\":0,\"isCache\":\"0\",\"path\":\"person\",\"createBy\":\"admin\",\"children\":[],\"isFrame\":\"1\",\"menuType\":\"M\",\"status\":\"0\"}', '{\"msg\":\"操作成功\",\"code\":200}', 0, NULL, '2021-02-25 19:19:56');
INSERT INTO `sys_oper_log` VALUES (193, '菜单管理', 1, 'com.ruoyi.web.controller.system.SysMenuController.add()', 'POST', 1, 'admin', NULL, '/system/menu', '127.0.0.1', '内网IP', '{\"visible\":\"0\",\"icon\":\"message\",\"orderNum\":\"1\",\"menuName\":\"收件箱\",\"params\":{},\"parentId\":2039,\"isCache\":\"0\",\"path\":\"msg/in\",\"component\":\"sys/msg/in\",\"createBy\":\"admin\",\"children\":[],\"isFrame\":\"1\",\"menuType\":\"C\",\"perms\":\"msg:in\",\"status\":\"0\"}', '{\"msg\":\"操作成功\",\"code\":200}', 0, NULL, '2021-02-25 19:21:10');
INSERT INTO `sys_oper_log` VALUES (194, '菜单管理', 1, 'com.ruoyi.web.controller.system.SysMenuController.add()', 'POST', 1, 'admin', NULL, '/system/menu', '127.0.0.1', '内网IP', '{\"visible\":\"0\",\"icon\":\"message\",\"orderNum\":\"2\",\"menuName\":\"发件箱\",\"params\":{},\"parentId\":2039,\"isCache\":\"0\",\"path\":\"msg/out\",\"component\":\"sys/msg/in\",\"createBy\":\"admin\",\"children\":[],\"isFrame\":\"1\",\"menuType\":\"C\",\"perms\":\"sys:msg:out\",\"status\":\"0\"}', '{\"msg\":\"操作成功\",\"code\":200}', 0, NULL, '2021-02-25 19:21:47');
INSERT INTO `sys_oper_log` VALUES (195, '菜单管理', 2, 'com.ruoyi.web.controller.system.SysMenuController.edit()', 'PUT', 1, 'admin', NULL, '/system/menu', '127.0.0.1', '内网IP', '{\"visible\":\"0\",\"icon\":\"message\",\"orderNum\":\"1\",\"menuName\":\"收件箱\",\"params\":{},\"parentId\":2039,\"isCache\":\"0\",\"path\":\"msg/in\",\"component\":\"sys/msg/in\",\"children\":[],\"createTime\":1614252070000,\"updateBy\":\"admin\",\"isFrame\":\"1\",\"menuId\":2040,\"menuType\":\"C\",\"perms\":\"sys:msg:in\",\"status\":\"0\"}', '{\"msg\":\"操作成功\",\"code\":200}', 0, NULL, '2021-02-25 19:21:55');
INSERT INTO `sys_oper_log` VALUES (196, '数据集', 2, 'com.ruoyi.sys.controller.SysDatasetController.edit()', 'PUT', 1, 'admin', NULL, '/sys/dataset', '127.0.0.1', '内网IP', '{\"code\":\"unread_msg\",\"listSort\":1,\"params\":{},\"title\":\"未读消息数\",\"type\":\"3\",\"sqls\":\"SELECT count(id) FROM sys_msg WHERE to_user=ME AND read_time IS NULL\",\"id\":4,\"status\":\"1\"}', '{\"msg\":\"操作成功\",\"code\":200}', 0, NULL, '2021-02-25 19:22:29');
INSERT INTO `sys_oper_log` VALUES (197, '菜单管理', 2, 'com.ruoyi.web.controller.system.SysMenuController.edit()', 'PUT', 1, 'admin', NULL, '/system/menu', '127.0.0.1', '内网IP', '{\"visible\":\"0\",\"icon\":\"message\",\"orderNum\":\"2\",\"menuName\":\"发件箱\",\"params\":{},\"parentId\":2039,\"isCache\":\"0\",\"path\":\"msg/out\",\"component\":\"sys/msg/out\",\"children\":[],\"createTime\":1614252107000,\"updateBy\":\"admin\",\"isFrame\":\"1\",\"menuId\":2041,\"menuType\":\"C\",\"perms\":\"sys:msg:out\",\"status\":\"0\"}', '{\"msg\":\"操作成功\",\"code\":200}', 0, NULL, '2021-02-25 19:29:44');
INSERT INTO `sys_oper_log` VALUES (198, '消息', 1, 'com.ruoyi.sys.controller.SysMsgController.add()', 'POST', 1, 'admin', NULL, '/sys/msg', '127.0.0.1', '内网IP', '{\"params\":{},\"title\":\"341234\",\"type\":\"1\",\"content\":\"234234342\",\"id\":8}', '{\"msg\":\"操作成功\",\"code\":200}', 0, NULL, '2021-02-25 19:43:05');
INSERT INTO `sys_oper_log` VALUES (199, '消息', 1, 'com.ruoyi.sys.controller.SysMsgController.add()', 'POST', 1, 'admin', NULL, '/sys/msg', '127.0.0.1', '内网IP', '{\"params\":{},\"title\":\"sadfasd\",\"type\":\"1\",\"content\":\"fasdfsadf\",\"url\":\"asdfsadf\",\"users\":[1],\"id\":9}', '{\"msg\":\"操作成功\",\"code\":200}', 0, NULL, '2021-02-25 19:48:52');
INSERT INTO `sys_oper_log` VALUES (200, '消息', 1, 'com.ruoyi.sys.controller.SysMsgController.add()', 'POST', 1, 'admin', NULL, '/sys/msg', '127.0.0.1', '内网IP', '{\"params\":{},\"title\":\"asdf\",\"type\":\"1\",\"content\":\"adsfasdf\",\"users\":[1],\"id\":10}', '{\"msg\":\"操作成功\",\"code\":200}', 0, NULL, '2021-02-25 19:49:59');
INSERT INTO `sys_oper_log` VALUES (201, '消息', 1, 'com.ruoyi.sys.controller.SysMsgController.add()', 'POST', 1, 'admin', NULL, '/sys/msg', '127.0.0.1', '内网IP', '{\"addTime\":1614253919412,\"addUser\":1,\"params\":{},\"title\":\"asfasd\",\"type\":\"1\",\"content\":\"fdasf\",\"users\":[1],\"addUserName\":\"若依\"}', '{\"msg\":\"操作成功\",\"code\":200}', 0, NULL, '2021-02-25 19:51:59');
INSERT INTO `sys_oper_log` VALUES (202, '消息', 1, 'com.ruoyi.sys.controller.SysMsgController.add()', 'POST', 1, 'admin', NULL, '/sys/msg', '127.0.0.1', '内网IP', '{\"addTime\":1614253970699,\"addUser\":1,\"params\":{},\"title\":\"回复 asfasd\",\"type\":\"1\",\"content\":\"asdfasdfsdaf\",\"users\":[1],\"addUserName\":\"若依\"}', '{\"msg\":\"操作成功\",\"code\":200}', 0, NULL, '2021-02-25 19:52:50');
INSERT INTO `sys_oper_log` VALUES (203, '代码生成', 6, 'com.ruoyi.generator.controller.GenController.importTableSave()', 'POST', 1, 'admin', NULL, '/tool/gen/importTable', '127.0.0.1', '内网IP', 'asset_aptitude,asset_category,asset_delivery,asset_info,asset_material,asset_pickup,asset_purchase,asset_sales,asset_use,asset_warehouse', '{\"msg\":\"操作成功\",\"code\":200}', 0, NULL, '2021-03-04 20:21:48');
INSERT INTO `sys_oper_log` VALUES (204, '菜单管理', 1, 'com.ruoyi.web.controller.system.SysMenuController.add()', 'POST', 1, 'admin', NULL, '/system/menu', '127.0.0.1', '内网IP', '{\"visible\":\"0\",\"icon\":\"redis\",\"orderNum\":\"5\",\"menuName\":\"资产管理\",\"params\":{},\"parentId\":0,\"isCache\":\"0\",\"path\":\"assets\",\"createBy\":\"admin\",\"children\":[],\"isFrame\":\"1\",\"menuType\":\"M\",\"status\":\"0\"}', '{\"msg\":\"操作成功\",\"code\":200}', 0, NULL, '2021-03-04 20:24:02');
INSERT INTO `sys_oper_log` VALUES (205, '代码生成', 2, 'com.ruoyi.generator.controller.GenController.editSave()', 'PUT', 1, 'admin', NULL, '/tool/gen', '127.0.0.1', '内网IP', '{\"sub\":false,\"functionAuthor\":\"yepanpan\",\"columns\":[{\"capJavaField\":\"Id\",\"usableColumn\":false,\"columnId\":197,\"isIncrement\":\"1\",\"increment\":true,\"insert\":true,\"dictType\":\"\",\"required\":false,\"superColumn\":false,\"updateBy\":\"\",\"isInsert\":\"1\",\"javaField\":\"id\",\"htmlType\":\"input\",\"edit\":false,\"query\":false,\"columnComment\":\"自增长主键ID\",\"sort\":1,\"list\":false,\"params\":{},\"javaType\":\"Long\",\"queryType\":\"EQ\",\"columnType\":\"int(11)\",\"createBy\":\"admin\",\"isPk\":\"1\",\"createTime\":1614860508000,\"tableId\":16,\"pk\":true,\"columnName\":\"id\"},{\"capJavaField\":\"Title\",\"usableColumn\":false,\"columnId\":198,\"isIncrement\":\"0\",\"increment\":false,\"insert\":true,\"isList\":\"1\",\"dictType\":\"\",\"required\":true,\"superColumn\":false,\"updateBy\":\"\",\"isInsert\":\"1\",\"isRequired\":\"1\",\"javaField\":\"title\",\"htmlType\":\"input\",\"edit\":true,\"query\":true,\"columnComment\":\"课程名称\",\"isQuery\":\"1\",\"sort\":2,\"list\":true,\"params\":{},\"javaType\":\"String\",\"queryType\":\"EQ\",\"columnType\":\"varchar(200)\",\"createBy\":\"admin\",\"isPk\":\"0\",\"createTime\":1614860508000,\"isEdit\":\"1\",\"tableId\":16,\"pk\":false,\"columnName\":\"title\"},{\"capJavaField\":\"Address\",\"usableColumn\":false,\"columnId\":199,\"isIncrement\":\"0\",\"increment\":false,\"insert\":true,\"isList\":\"1\",\"dictType\":\"\",\"required\":true,\"superColumn\":false,\"updateBy\":\"\",\"isInsert\":\"1\",\"isRequired\":\"1\",\"javaField\":\"address\",\"htmlType\":\"input\",\"edit\":true,\"query\":true,\"columnComment\":\"地址\",\"isQuery\":\"1\",\"sort\":3,\"list\":true,\"params\":{},\"javaType\":\"String\",\"queryType\":\"EQ\",\"columnType\":\"varchar(200)\",\"createBy\":\"admin\",\"isPk\":\"0\",\"createTime\":1614860508000,\"isEdit\":\"1\",\"tableId\":16,\"pk\":false,\"columnName\":\"address\"},{\"capJavaField\":\"MasterUserId\",\"usableColumn\":false,\"columnId\":200,\"isIncrement\":\"0\",\"increment\":false,\"insert\":true,\"isList\":\"1\",\"dictType\":\"\",\"required\":true,\"superColumn\":false,\"updateBy\":\"\",\"isInsert\":\"1\",\"isRequired\":\"1\",\"javaField\":\"masterUserId\",\"htmlType\":\"input\",\"edit\":true,\"query\":true,\"columnComment\":\"负责人\",\"isQuery\":\"1\",\"sort\":4,\"list\":true,\"params\":{},\"javaType\":\"Long\",\"queryType\":\"EQ\",\"columnTy', '{\"msg\":\"操作成功\",\"code\":200}', 0, NULL, '2021-03-04 20:24:15');
INSERT INTO `sys_oper_log` VALUES (206, '代码生成', 2, 'com.ruoyi.generator.controller.GenController.editSave()', 'PUT', 1, 'admin', NULL, '/tool/gen', '127.0.0.1', '内网IP', '{\"sub\":false,\"functionAuthor\":\"yepanpan\",\"columns\":[{\"capJavaField\":\"Id\",\"usableColumn\":false,\"columnId\":197,\"isIncrement\":\"1\",\"increment\":true,\"insert\":true,\"dictType\":\"\",\"required\":false,\"superColumn\":false,\"updateBy\":\"\",\"isInsert\":\"1\",\"javaField\":\"id\",\"htmlType\":\"input\",\"edit\":false,\"query\":false,\"columnComment\":\"自增长主键ID\",\"updateTime\":1614860655000,\"sort\":1,\"list\":false,\"params\":{},\"javaType\":\"Long\",\"queryType\":\"EQ\",\"columnType\":\"int(11)\",\"createBy\":\"admin\",\"isPk\":\"1\",\"createTime\":1614860508000,\"tableId\":16,\"pk\":true,\"columnName\":\"id\"},{\"capJavaField\":\"Title\",\"usableColumn\":false,\"columnId\":198,\"isIncrement\":\"0\",\"increment\":false,\"insert\":true,\"isList\":\"1\",\"dictType\":\"\",\"required\":true,\"superColumn\":false,\"updateBy\":\"\",\"isInsert\":\"1\",\"isRequired\":\"1\",\"javaField\":\"title\",\"htmlType\":\"input\",\"edit\":true,\"query\":true,\"columnComment\":\"个仓库名称\",\"isQuery\":\"1\",\"updateTime\":1614860655000,\"sort\":2,\"list\":true,\"params\":{},\"javaType\":\"String\",\"queryType\":\"EQ\",\"columnType\":\"varchar(200)\",\"createBy\":\"admin\",\"isPk\":\"0\",\"createTime\":1614860508000,\"isEdit\":\"1\",\"tableId\":16,\"pk\":false,\"columnName\":\"title\"},{\"capJavaField\":\"Address\",\"usableColumn\":false,\"columnId\":199,\"isIncrement\":\"0\",\"increment\":false,\"insert\":true,\"isList\":\"1\",\"dictType\":\"\",\"required\":true,\"superColumn\":false,\"updateBy\":\"\",\"isInsert\":\"1\",\"isRequired\":\"1\",\"javaField\":\"address\",\"htmlType\":\"input\",\"edit\":true,\"query\":true,\"columnComment\":\"地址\",\"isQuery\":\"1\",\"updateTime\":1614860655000,\"sort\":3,\"list\":true,\"params\":{},\"javaType\":\"String\",\"queryType\":\"EQ\",\"columnType\":\"varchar(200)\",\"createBy\":\"admin\",\"isPk\":\"0\",\"createTime\":1614860508000,\"isEdit\":\"1\",\"tableId\":16,\"pk\":false,\"columnName\":\"address\"},{\"capJavaField\":\"MasterUserId\",\"usableColumn\":false,\"columnId\":200,\"isIncrement\":\"0\",\"increment\":false,\"insert\":true,\"isList\":\"1\",\"dictType\":\"\",\"required\":true,\"superColumn\":false,\"updateBy\":\"\",\"isInsert\":\"1\",\"isRequired\":\"1\",\"javaField\":\"masterUserId\",\"htmlType\":\"input\",\"edit\":true,\"query\":true,\"columnComment\":\"负责人\",\"isQuery\"', '{\"msg\":\"操作成功\",\"code\":200}', 0, NULL, '2021-03-04 20:25:23');
INSERT INTO `sys_oper_log` VALUES (207, '代码生成', 2, 'com.ruoyi.generator.controller.GenController.editSave()', 'PUT', 1, 'admin', NULL, '/tool/gen', '127.0.0.1', '内网IP', '{\"sub\":false,\"functionAuthor\":\"yepanpan\",\"columns\":[{\"capJavaField\":\"Id\",\"usableColumn\":false,\"columnId\":62,\"isIncrement\":\"1\",\"increment\":true,\"insert\":true,\"dictType\":\"\",\"required\":false,\"superColumn\":false,\"updateBy\":\"\",\"isInsert\":\"1\",\"javaField\":\"id\",\"htmlType\":\"input\",\"edit\":false,\"query\":false,\"columnComment\":\"自增长主键ID\",\"sort\":1,\"list\":false,\"params\":{},\"javaType\":\"Long\",\"queryType\":\"EQ\",\"columnType\":\"int(11)\",\"createBy\":\"admin\",\"isPk\":\"1\",\"createTime\":1614860507000,\"tableId\":7,\"pk\":true,\"columnName\":\"id\"},{\"capJavaField\":\"Name\",\"usableColumn\":false,\"columnId\":63,\"isIncrement\":\"0\",\"increment\":false,\"insert\":true,\"isList\":\"1\",\"dictType\":\"\",\"required\":true,\"superColumn\":false,\"updateBy\":\"\",\"isInsert\":\"1\",\"isRequired\":\"1\",\"javaField\":\"name\",\"htmlType\":\"input\",\"edit\":true,\"query\":true,\"columnComment\":\"资产名\",\"isQuery\":\"1\",\"sort\":2,\"list\":true,\"params\":{},\"javaType\":\"String\",\"queryType\":\"LIKE\",\"columnType\":\"varchar(200)\",\"createBy\":\"admin\",\"isPk\":\"0\",\"createTime\":1614860507000,\"isEdit\":\"1\",\"tableId\":7,\"pk\":false,\"columnName\":\"name\"},{\"capJavaField\":\"ImgId\",\"usableColumn\":false,\"columnId\":64,\"isIncrement\":\"0\",\"increment\":false,\"insert\":true,\"isList\":\"1\",\"dictType\":\"\",\"required\":false,\"superColumn\":false,\"updateBy\":\"\",\"isInsert\":\"1\",\"javaField\":\"imgId\",\"htmlType\":\"imageUpload\",\"edit\":true,\"query\":false,\"columnComment\":\"图片\",\"sort\":3,\"list\":true,\"params\":{},\"javaType\":\"Long\",\"queryType\":\"EQ\",\"columnType\":\"int(11)\",\"createBy\":\"admin\",\"isPk\":\"0\",\"createTime\":1614860507000,\"isEdit\":\"1\",\"tableId\":7,\"pk\":false,\"columnName\":\"img_id\"},{\"capJavaField\":\"CateId\",\"usableColumn\":false,\"columnId\":65,\"isIncrement\":\"0\",\"increment\":false,\"insert\":true,\"isList\":\"1\",\"dictType\":\"\",\"required\":true,\"superColumn\":false,\"updateBy\":\"\",\"isInsert\":\"1\",\"isRequired\":\"1\",\"javaField\":\"cateId\",\"htmlType\":\"input\",\"edit\":true,\"query\":true,\"columnComment\":\"资产分类\",\"isQuery\":\"1\",\"sort\":4,\"list\":true,\"params\":{},\"javaType\":\"Long\",\"queryType\":\"EQ\",\"columnType\":\"int(11)\",\"createBy\":\"admin\",\"isPk\":\"0\",\"createTime', '{\"msg\":\"操作成功\",\"code\":200}', 0, NULL, '2021-03-04 20:26:08');
INSERT INTO `sys_oper_log` VALUES (208, '代码生成', 2, 'com.ruoyi.generator.controller.GenController.editSave()', 'PUT', 1, 'admin', NULL, '/tool/gen', '127.0.0.1', '内网IP', '{\"sub\":false,\"subTableName\":\"\",\"functionAuthor\":\"yepanpan\",\"columns\":[{\"capJavaField\":\"Id\",\"usableColumn\":false,\"columnId\":72,\"isIncrement\":\"1\",\"increment\":true,\"insert\":true,\"dictType\":\"\",\"required\":false,\"superColumn\":false,\"updateBy\":\"\",\"isInsert\":\"1\",\"javaField\":\"id\",\"htmlType\":\"input\",\"edit\":false,\"query\":false,\"columnComment\":\"自增长主键ID\",\"sort\":1,\"list\":false,\"params\":{},\"javaType\":\"Long\",\"queryType\":\"EQ\",\"columnType\":\"int(11)\",\"createBy\":\"admin\",\"isPk\":\"1\",\"createTime\":1614860508000,\"tableId\":8,\"pk\":true,\"columnName\":\"id\"},{\"capJavaField\":\"Title\",\"usableColumn\":false,\"columnId\":73,\"isIncrement\":\"0\",\"increment\":false,\"insert\":true,\"isList\":\"1\",\"dictType\":\"\",\"required\":true,\"superColumn\":false,\"updateBy\":\"\",\"isInsert\":\"1\",\"isRequired\":\"1\",\"javaField\":\"title\",\"htmlType\":\"input\",\"edit\":true,\"query\":true,\"columnComment\":\"分类名称\",\"isQuery\":\"1\",\"sort\":2,\"list\":true,\"params\":{},\"javaType\":\"String\",\"queryType\":\"EQ\",\"columnType\":\"varchar(100)\",\"createBy\":\"admin\",\"isPk\":\"0\",\"createTime\":1614860508000,\"isEdit\":\"1\",\"tableId\":8,\"pk\":false,\"columnName\":\"title\"},{\"capJavaField\":\"Pid\",\"usableColumn\":false,\"columnId\":74,\"isIncrement\":\"0\",\"increment\":false,\"insert\":true,\"isList\":\"1\",\"dictType\":\"\",\"required\":true,\"superColumn\":false,\"updateBy\":\"\",\"isInsert\":\"1\",\"isRequired\":\"1\",\"javaField\":\"pid\",\"htmlType\":\"input\",\"edit\":true,\"query\":true,\"columnComment\":\"上级\",\"isQuery\":\"1\",\"sort\":3,\"list\":true,\"params\":{},\"javaType\":\"Long\",\"queryType\":\"EQ\",\"columnType\":\"int(11)\",\"createBy\":\"admin\",\"isPk\":\"0\",\"createTime\":1614860508000,\"isEdit\":\"1\",\"tableId\":8,\"pk\":false,\"columnName\":\"pid\"},{\"capJavaField\":\"Type\",\"usableColumn\":false,\"columnId\":75,\"isIncrement\":\"0\",\"increment\":false,\"insert\":true,\"isList\":\"1\",\"dictType\":\"ext_status\",\"required\":false,\"superColumn\":false,\"updateBy\":\"\",\"isInsert\":\"1\",\"javaField\":\"type\",\"htmlType\":\"select\",\"edit\":true,\"query\":true,\"columnComment\":\"分类类别\",\"isQuery\":\"1\",\"sort\":4,\"list\":true,\"params\":{},\"javaType\":\"String\",\"queryType\":\"EQ\",\"columnType\":\"char(1)\",\"createBy\":\"', '{\"msg\":\"操作成功\",\"code\":200}', 0, NULL, '2021-03-04 20:27:06');
INSERT INTO `sys_oper_log` VALUES (209, '字典类型', 1, 'com.ruoyi.web.controller.system.SysDictTypeController.add()', 'POST', 1, 'admin', NULL, '/system/dict/type', '127.0.0.1', '内网IP', '{\"createBy\":\"admin\",\"dictName\":\"cate_type\",\"params\":{},\"dictType\":\"资产分类类别\",\"status\":\"0\"}', '{\"msg\":\"操作成功\",\"code\":200}', 0, NULL, '2021-03-04 20:27:28');
INSERT INTO `sys_oper_log` VALUES (210, '字典类型', 2, 'com.ruoyi.web.controller.system.SysDictTypeController.edit()', 'PUT', 1, 'admin', NULL, '/system/dict/type', '127.0.0.1', '内网IP', '{\"createBy\":\"admin\",\"createTime\":1614860848000,\"updateBy\":\"admin\",\"dictName\":\"资产分类类别\",\"dictId\":106,\"params\":{},\"dictType\":\"cate_type\",\"status\":\"0\"}', '{\"msg\":\"操作成功\",\"code\":200}', 0, NULL, '2021-03-04 20:27:39');
INSERT INTO `sys_oper_log` VALUES (211, '字典数据', 1, 'com.ruoyi.web.controller.system.SysDictDataController.add()', 'POST', 1, 'admin', NULL, '/system/dict/data', '127.0.0.1', '内网IP', '{\"dictValue\":\"1\",\"dictSort\":1,\"params\":{},\"dictType\":\"cate_type\",\"dictLabel\":\"固定资产\",\"createBy\":\"admin\",\"default\":false,\"status\":\"0\"}', '{\"msg\":\"操作成功\",\"code\":200}', 0, NULL, '2021-03-04 20:27:51');
INSERT INTO `sys_oper_log` VALUES (212, '字典数据', 1, 'com.ruoyi.web.controller.system.SysDictDataController.add()', 'POST', 1, 'admin', NULL, '/system/dict/data', '127.0.0.1', '内网IP', '{\"dictValue\":\"2\",\"dictSort\":2,\"params\":{},\"dictType\":\"cate_type\",\"dictLabel\":\"耗材\",\"createBy\":\"admin\",\"default\":false,\"status\":\"0\"}', '{\"msg\":\"操作成功\",\"code\":200}', 0, NULL, '2021-03-04 20:28:00');
INSERT INTO `sys_oper_log` VALUES (213, '字典数据', 1, 'com.ruoyi.web.controller.system.SysDictDataController.add()', 'POST', 1, 'admin', NULL, '/system/dict/data', '127.0.0.1', '内网IP', '{\"dictValue\":\"3\",\"dictSort\":3,\"params\":{},\"dictType\":\"cate_type\",\"dictLabel\":\"无形资产\",\"createBy\":\"admin\",\"default\":false,\"status\":\"0\"}', '{\"msg\":\"操作成功\",\"code\":200}', 0, NULL, '2021-03-04 20:28:13');
INSERT INTO `sys_oper_log` VALUES (214, '字典数据', 1, 'com.ruoyi.web.controller.system.SysDictDataController.add()', 'POST', 1, 'admin', NULL, '/system/dict/data', '127.0.0.1', '内网IP', '{\"dictValue\":\"9\",\"dictSort\":9,\"params\":{},\"dictType\":\"cate_type\",\"dictLabel\":\"其它资产\",\"createBy\":\"admin\",\"default\":false,\"status\":\"0\"}', '{\"msg\":\"操作成功\",\"code\":200}', 0, NULL, '2021-03-04 20:28:27');
INSERT INTO `sys_oper_log` VALUES (215, '代码生成', 2, 'com.ruoyi.generator.controller.GenController.editSave()', 'PUT', 1, 'admin', NULL, '/tool/gen', '127.0.0.1', '内网IP', '{\"sub\":false,\"subTableName\":\"\",\"functionAuthor\":\"yepanpan\",\"columns\":[{\"capJavaField\":\"Id\",\"usableColumn\":false,\"columnId\":72,\"isIncrement\":\"1\",\"increment\":true,\"insert\":true,\"dictType\":\"\",\"required\":false,\"superColumn\":false,\"updateBy\":\"\",\"isInsert\":\"1\",\"javaField\":\"id\",\"htmlType\":\"input\",\"edit\":false,\"query\":false,\"columnComment\":\"自增长主键ID\",\"updateTime\":1614860826000,\"sort\":1,\"list\":false,\"params\":{},\"javaType\":\"Long\",\"queryType\":\"EQ\",\"columnType\":\"int(11)\",\"createBy\":\"admin\",\"isPk\":\"1\",\"createTime\":1614860508000,\"tableId\":8,\"pk\":true,\"columnName\":\"id\"},{\"capJavaField\":\"Title\",\"usableColumn\":false,\"columnId\":73,\"isIncrement\":\"0\",\"increment\":false,\"insert\":true,\"isList\":\"1\",\"dictType\":\"\",\"required\":true,\"superColumn\":false,\"updateBy\":\"\",\"isInsert\":\"1\",\"isRequired\":\"1\",\"javaField\":\"title\",\"htmlType\":\"input\",\"edit\":true,\"query\":false,\"columnComment\":\"分类名称\",\"updateTime\":1614860826000,\"sort\":2,\"list\":true,\"params\":{},\"javaType\":\"String\",\"queryType\":\"EQ\",\"columnType\":\"varchar(100)\",\"createBy\":\"admin\",\"isPk\":\"0\",\"createTime\":1614860508000,\"isEdit\":\"1\",\"tableId\":8,\"pk\":false,\"columnName\":\"title\"},{\"capJavaField\":\"Pid\",\"usableColumn\":false,\"columnId\":74,\"isIncrement\":\"0\",\"increment\":false,\"insert\":true,\"isList\":\"1\",\"dictType\":\"\",\"required\":true,\"superColumn\":false,\"updateBy\":\"\",\"isInsert\":\"1\",\"isRequired\":\"1\",\"javaField\":\"pid\",\"htmlType\":\"input\",\"edit\":true,\"query\":false,\"columnComment\":\"上级\",\"updateTime\":1614860826000,\"sort\":3,\"list\":true,\"params\":{},\"javaType\":\"Long\",\"queryType\":\"EQ\",\"columnType\":\"int(11)\",\"createBy\":\"admin\",\"isPk\":\"0\",\"createTime\":1614860508000,\"isEdit\":\"1\",\"tableId\":8,\"pk\":false,\"columnName\":\"pid\"},{\"capJavaField\":\"Type\",\"usableColumn\":false,\"columnId\":75,\"isIncrement\":\"0\",\"increment\":false,\"insert\":true,\"isList\":\"1\",\"dictType\":\"cate_type\",\"required\":false,\"superColumn\":false,\"updateBy\":\"\",\"isInsert\":\"1\",\"javaField\":\"type\",\"htmlType\":\"select\",\"edit\":true,\"query\":false,\"columnComment\":\"分类类别\",\"updateTime\":1614860826000,\"sort\":4,\"list\":true,\"params\":{},\"jav', '{\"msg\":\"操作成功\",\"code\":200}', 0, NULL, '2021-03-04 20:28:54');
INSERT INTO `sys_oper_log` VALUES (216, '代码生成', 2, 'com.ruoyi.generator.controller.GenController.editSave()', 'PUT', 1, 'admin', NULL, '/tool/gen', '127.0.0.1', '内网IP', '{\"sub\":false,\"subTableName\":\"\",\"functionAuthor\":\"yepanpan\",\"columns\":[{\"capJavaField\":\"Id\",\"usableColumn\":false,\"columnId\":72,\"isIncrement\":\"1\",\"increment\":true,\"insert\":true,\"dictType\":\"\",\"required\":false,\"superColumn\":false,\"updateBy\":\"\",\"isInsert\":\"1\",\"javaField\":\"id\",\"htmlType\":\"input\",\"edit\":false,\"query\":false,\"columnComment\":\"自增长主键ID\",\"updateTime\":1614860934000,\"sort\":1,\"list\":false,\"params\":{},\"javaType\":\"Long\",\"queryType\":\"EQ\",\"columnType\":\"int(11)\",\"createBy\":\"admin\",\"isPk\":\"1\",\"createTime\":1614860508000,\"tableId\":8,\"pk\":true,\"columnName\":\"id\"},{\"capJavaField\":\"Title\",\"usableColumn\":false,\"columnId\":73,\"isIncrement\":\"0\",\"increment\":false,\"insert\":true,\"isList\":\"1\",\"dictType\":\"\",\"required\":true,\"superColumn\":false,\"updateBy\":\"\",\"isInsert\":\"1\",\"isRequired\":\"1\",\"javaField\":\"title\",\"htmlType\":\"input\",\"edit\":true,\"query\":true,\"columnComment\":\"分类名称\",\"isQuery\":\"1\",\"updateTime\":1614860934000,\"sort\":2,\"list\":true,\"params\":{},\"javaType\":\"String\",\"queryType\":\"EQ\",\"columnType\":\"varchar(100)\",\"createBy\":\"admin\",\"isPk\":\"0\",\"createTime\":1614860508000,\"isEdit\":\"1\",\"tableId\":8,\"pk\":false,\"columnName\":\"title\"},{\"capJavaField\":\"Pid\",\"usableColumn\":false,\"columnId\":74,\"isIncrement\":\"0\",\"increment\":false,\"insert\":true,\"isList\":\"1\",\"dictType\":\"\",\"required\":true,\"superColumn\":false,\"updateBy\":\"\",\"isInsert\":\"1\",\"isRequired\":\"1\",\"javaField\":\"pid\",\"htmlType\":\"input\",\"edit\":true,\"query\":false,\"columnComment\":\"上级\",\"updateTime\":1614860934000,\"sort\":3,\"list\":true,\"params\":{},\"javaType\":\"Long\",\"queryType\":\"EQ\",\"columnType\":\"int(11)\",\"createBy\":\"admin\",\"isPk\":\"0\",\"createTime\":1614860508000,\"isEdit\":\"1\",\"tableId\":8,\"pk\":false,\"columnName\":\"pid\"},{\"capJavaField\":\"Type\",\"usableColumn\":false,\"columnId\":75,\"isIncrement\":\"0\",\"increment\":false,\"insert\":true,\"isList\":\"1\",\"dictType\":\"cate_type\",\"required\":false,\"superColumn\":false,\"updateBy\":\"\",\"isInsert\":\"1\",\"javaField\":\"type\",\"htmlType\":\"select\",\"edit\":true,\"query\":true,\"columnComment\":\"分类类别\",\"isQuery\":\"1\",\"updateTime\":1614860934000,\"sort\":4,\"l', '{\"msg\":\"操作成功\",\"code\":200}', 0, NULL, '2021-03-04 20:29:07');
INSERT INTO `sys_oper_log` VALUES (217, '代码生成', 2, 'com.ruoyi.generator.controller.GenController.editSave()', 'PUT', 1, 'admin', NULL, '/tool/gen', '127.0.0.1', '内网IP', '{\"sub\":false,\"functionAuthor\":\"yepanpan\",\"columns\":[{\"capJavaField\":\"Id\",\"usableColumn\":false,\"columnId\":78,\"isIncrement\":\"1\",\"increment\":true,\"insert\":true,\"dictType\":\"\",\"required\":false,\"superColumn\":false,\"updateBy\":\"\",\"isInsert\":\"1\",\"javaField\":\"id\",\"htmlType\":\"input\",\"edit\":false,\"query\":false,\"columnComment\":\"自增长主键ID\",\"sort\":1,\"list\":false,\"params\":{},\"javaType\":\"Long\",\"queryType\":\"EQ\",\"columnType\":\"int(11)\",\"createBy\":\"admin\",\"isPk\":\"1\",\"createTime\":1614860508000,\"tableId\":9,\"pk\":true,\"columnName\":\"id\"},{\"capJavaField\":\"CateId\",\"usableColumn\":false,\"columnId\":79,\"isIncrement\":\"0\",\"increment\":false,\"insert\":true,\"isList\":\"1\",\"dictType\":\"\",\"required\":true,\"superColumn\":false,\"updateBy\":\"\",\"isInsert\":\"1\",\"isRequired\":\"1\",\"javaField\":\"cateId\",\"htmlType\":\"input\",\"edit\":true,\"query\":true,\"columnComment\":\"资产分类\",\"isQuery\":\"1\",\"sort\":2,\"list\":true,\"params\":{},\"javaType\":\"Long\",\"queryType\":\"EQ\",\"columnType\":\"int(11)\",\"createBy\":\"admin\",\"isPk\":\"0\",\"createTime\":1614860508000,\"isEdit\":\"1\",\"tableId\":9,\"pk\":false,\"columnName\":\"cate_id\"},{\"capJavaField\":\"MaterialId\",\"usableColumn\":false,\"columnId\":80,\"isIncrement\":\"0\",\"increment\":false,\"insert\":true,\"isList\":\"1\",\"dictType\":\"\",\"required\":false,\"superColumn\":false,\"updateBy\":\"\",\"isInsert\":\"1\",\"javaField\":\"materialId\",\"htmlType\":\"input\",\"edit\":true,\"query\":true,\"columnComment\":\"耗材ID\",\"isQuery\":\"1\",\"sort\":3,\"list\":true,\"params\":{},\"javaType\":\"Long\",\"queryType\":\"EQ\",\"columnType\":\"int(11)\",\"createBy\":\"admin\",\"isPk\":\"0\",\"createTime\":1614860508000,\"isEdit\":\"1\",\"tableId\":9,\"pk\":false,\"columnName\":\"material_id\"},{\"capJavaField\":\"AssetId\",\"usableColumn\":false,\"columnId\":81,\"isIncrement\":\"0\",\"increment\":false,\"insert\":true,\"isList\":\"1\",\"dictType\":\"\",\"required\":false,\"superColumn\":false,\"updateBy\":\"\",\"isInsert\":\"1\",\"javaField\":\"assetId\",\"htmlType\":\"input\",\"edit\":true,\"query\":true,\"columnComment\":\"资产ID\",\"isQuery\":\"1\",\"sort\":4,\"list\":true,\"params\":{},\"javaType\":\"Long\",\"queryType\":\"EQ\",\"columnType\":\"int(11)\",\"createBy\":\"admin\",\"isPk\":\"0\",\"c', '{\"msg\":\"操作成功\",\"code\":200}', 0, NULL, '2021-03-04 20:29:52');
INSERT INTO `sys_oper_log` VALUES (218, '字典类型', 1, 'com.ruoyi.web.controller.system.SysDictTypeController.add()', 'POST', 1, 'admin', NULL, '/system/dict/type', '127.0.0.1', '内网IP', '{\"createBy\":\"admin\",\"dictName\":\"资产状态\",\"params\":{},\"dictType\":\"asset_status\",\"status\":\"0\"}', '{\"msg\":\"操作成功\",\"code\":200}', 0, NULL, '2021-03-04 20:30:31');
INSERT INTO `sys_oper_log` VALUES (219, '代码生成', 2, 'com.ruoyi.generator.controller.GenController.editSave()', 'PUT', 1, 'admin', NULL, '/tool/gen', '127.0.0.1', '内网IP', '{\"sub\":false,\"functionAuthor\":\"yepanpan\",\"columns\":[{\"capJavaField\":\"Id\",\"usableColumn\":false,\"columnId\":90,\"isIncrement\":\"1\",\"increment\":true,\"insert\":true,\"dictType\":\"\",\"required\":false,\"superColumn\":false,\"updateBy\":\"\",\"isInsert\":\"1\",\"javaField\":\"id\",\"htmlType\":\"input\",\"edit\":false,\"query\":false,\"columnComment\":\"自增长主键ID\",\"sort\":1,\"list\":false,\"params\":{},\"javaType\":\"Long\",\"queryType\":\"EQ\",\"columnType\":\"int(11)\",\"createBy\":\"admin\",\"isPk\":\"1\",\"createTime\":1614860508000,\"tableId\":10,\"pk\":true,\"columnName\":\"id\"},{\"capJavaField\":\"CateId\",\"usableColumn\":false,\"columnId\":91,\"isIncrement\":\"0\",\"increment\":false,\"insert\":true,\"isList\":\"1\",\"dictType\":\"\",\"required\":true,\"superColumn\":false,\"updateBy\":\"\",\"isInsert\":\"1\",\"isRequired\":\"1\",\"javaField\":\"cateId\",\"htmlType\":\"input\",\"edit\":true,\"query\":true,\"columnComment\":\"资产分类\",\"isQuery\":\"1\",\"sort\":2,\"list\":true,\"params\":{},\"javaType\":\"Long\",\"queryType\":\"EQ\",\"columnType\":\"int(11)\",\"createBy\":\"admin\",\"isPk\":\"0\",\"createTime\":1614860508000,\"isEdit\":\"1\",\"tableId\":10,\"pk\":false,\"columnName\":\"cate_id\"},{\"capJavaField\":\"Num\",\"usableColumn\":false,\"columnId\":92,\"isIncrement\":\"0\",\"increment\":false,\"insert\":true,\"isList\":\"1\",\"dictType\":\"\",\"required\":true,\"superColumn\":false,\"updateBy\":\"\",\"isInsert\":\"1\",\"isRequired\":\"1\",\"javaField\":\"num\",\"htmlType\":\"input\",\"edit\":true,\"query\":true,\"columnComment\":\"资产编号\",\"isQuery\":\"1\",\"sort\":3,\"list\":true,\"params\":{},\"javaType\":\"String\",\"queryType\":\"EQ\",\"columnType\":\"varchar(200)\",\"createBy\":\"admin\",\"isPk\":\"0\",\"createTime\":1614860508000,\"isEdit\":\"1\",\"tableId\":10,\"pk\":false,\"columnName\":\"num\"},{\"capJavaField\":\"Name\",\"usableColumn\":false,\"columnId\":93,\"isIncrement\":\"0\",\"increment\":false,\"insert\":true,\"isList\":\"1\",\"dictType\":\"\",\"required\":true,\"superColumn\":false,\"updateBy\":\"\",\"isInsert\":\"1\",\"isRequired\":\"1\",\"javaField\":\"name\",\"htmlType\":\"input\",\"edit\":true,\"query\":true,\"columnComment\":\"产品名称\",\"isQuery\":\"1\",\"sort\":4,\"list\":true,\"params\":{},\"javaType\":\"String\",\"queryType\":\"LIKE\",\"columnType\":\"varchar(200)\",\"createBy', '{\"msg\":\"操作成功\",\"code\":200}', 0, NULL, '2021-03-04 20:31:09');
INSERT INTO `sys_oper_log` VALUES (220, '代码生成', 2, 'com.ruoyi.generator.controller.GenController.editSave()', 'PUT', 1, 'admin', NULL, '/tool/gen', '127.0.0.1', '内网IP', '{\"sub\":false,\"functionAuthor\":\"yepanpan\",\"columns\":[{\"capJavaField\":\"Id\",\"usableColumn\":false,\"columnId\":90,\"isIncrement\":\"1\",\"increment\":true,\"insert\":true,\"dictType\":\"\",\"required\":false,\"superColumn\":false,\"updateBy\":\"\",\"isInsert\":\"1\",\"javaField\":\"id\",\"htmlType\":\"input\",\"edit\":false,\"query\":false,\"columnComment\":\"自增长主键ID\",\"updateTime\":1614861069000,\"sort\":1,\"list\":false,\"params\":{},\"javaType\":\"Long\",\"queryType\":\"EQ\",\"columnType\":\"int(11)\",\"createBy\":\"admin\",\"isPk\":\"1\",\"createTime\":1614860508000,\"tableId\":10,\"pk\":true,\"columnName\":\"id\"},{\"capJavaField\":\"CateId\",\"usableColumn\":false,\"columnId\":91,\"isIncrement\":\"0\",\"increment\":false,\"insert\":true,\"isList\":\"1\",\"dictType\":\"\",\"required\":true,\"superColumn\":false,\"updateBy\":\"\",\"isInsert\":\"1\",\"isRequired\":\"1\",\"javaField\":\"cateId\",\"htmlType\":\"input\",\"edit\":true,\"query\":true,\"columnComment\":\"资产分类\",\"isQuery\":\"1\",\"updateTime\":1614861069000,\"sort\":2,\"list\":true,\"params\":{},\"javaType\":\"Long\",\"queryType\":\"EQ\",\"columnType\":\"int(11)\",\"createBy\":\"admin\",\"isPk\":\"0\",\"createTime\":1614860508000,\"isEdit\":\"1\",\"tableId\":10,\"pk\":false,\"columnName\":\"cate_id\"},{\"capJavaField\":\"Num\",\"usableColumn\":false,\"columnId\":92,\"isIncrement\":\"0\",\"increment\":false,\"insert\":true,\"isList\":\"1\",\"dictType\":\"\",\"required\":true,\"superColumn\":false,\"updateBy\":\"\",\"isInsert\":\"1\",\"isRequired\":\"1\",\"javaField\":\"num\",\"htmlType\":\"input\",\"edit\":true,\"query\":true,\"columnComment\":\"资产编号\",\"isQuery\":\"1\",\"updateTime\":1614861069000,\"sort\":3,\"list\":true,\"params\":{},\"javaType\":\"String\",\"queryType\":\"EQ\",\"columnType\":\"varchar(200)\",\"createBy\":\"admin\",\"isPk\":\"0\",\"createTime\":1614860508000,\"isEdit\":\"1\",\"tableId\":10,\"pk\":false,\"columnName\":\"num\"},{\"capJavaField\":\"Name\",\"usableColumn\":false,\"columnId\":93,\"isIncrement\":\"0\",\"increment\":false,\"insert\":true,\"isList\":\"1\",\"dictType\":\"\",\"required\":true,\"superColumn\":false,\"updateBy\":\"\",\"isInsert\":\"1\",\"isRequired\":\"1\",\"javaField\":\"name\",\"htmlType\":\"input\",\"edit\":true,\"query\":true,\"columnComment\":\"产品名称\",\"isQuery\":\"1\",\"updateTime\":1614861069000,\"', '{\"msg\":\"操作成功\",\"code\":200}', 0, NULL, '2021-03-04 20:31:22');
INSERT INTO `sys_oper_log` VALUES (221, '代码生成', 2, 'com.ruoyi.generator.controller.GenController.editSave()', 'PUT', 1, 'admin', NULL, '/tool/gen', '127.0.0.1', '内网IP', '{\"sub\":false,\"functionAuthor\":\"yepanpan\",\"columns\":[{\"capJavaField\":\"Id\",\"usableColumn\":false,\"columnId\":110,\"isIncrement\":\"1\",\"increment\":true,\"insert\":true,\"dictType\":\"\",\"required\":false,\"superColumn\":false,\"updateBy\":\"\",\"isInsert\":\"1\",\"javaField\":\"id\",\"htmlType\":\"input\",\"edit\":false,\"query\":false,\"columnComment\":\"自增长主键ID\",\"sort\":1,\"list\":false,\"params\":{},\"javaType\":\"Long\",\"queryType\":\"EQ\",\"columnType\":\"int(11)\",\"createBy\":\"admin\",\"isPk\":\"1\",\"createTime\":1614860508000,\"tableId\":11,\"pk\":true,\"columnName\":\"id\"},{\"capJavaField\":\"CateId\",\"usableColumn\":false,\"columnId\":111,\"isIncrement\":\"0\",\"increment\":false,\"insert\":true,\"isList\":\"1\",\"dictType\":\"\",\"required\":true,\"superColumn\":false,\"updateBy\":\"\",\"isInsert\":\"1\",\"isRequired\":\"1\",\"javaField\":\"cateId\",\"htmlType\":\"input\",\"edit\":true,\"query\":true,\"columnComment\":\"资产分类\",\"isQuery\":\"1\",\"sort\":2,\"list\":true,\"params\":{},\"javaType\":\"Long\",\"queryType\":\"EQ\",\"columnType\":\"int(11)\",\"createBy\":\"admin\",\"isPk\":\"0\",\"createTime\":1614860508000,\"isEdit\":\"1\",\"tableId\":11,\"pk\":false,\"columnName\":\"cate_id\"},{\"capJavaField\":\"Name\",\"usableColumn\":false,\"columnId\":112,\"isIncrement\":\"0\",\"increment\":false,\"insert\":true,\"isList\":\"1\",\"dictType\":\"\",\"required\":true,\"superColumn\":false,\"updateBy\":\"\",\"isInsert\":\"1\",\"isRequired\":\"1\",\"javaField\":\"name\",\"htmlType\":\"input\",\"edit\":true,\"query\":true,\"columnComment\":\"产品名称\",\"isQuery\":\"1\",\"sort\":3,\"list\":true,\"params\":{},\"javaType\":\"String\",\"queryType\":\"LIKE\",\"columnType\":\"varchar(200)\",\"createBy\":\"admin\",\"isPk\":\"0\",\"createTime\":1614860508000,\"isEdit\":\"1\",\"tableId\":11,\"pk\":false,\"columnName\":\"name\"},{\"capJavaField\":\"Params\",\"usableColumn\":false,\"columnId\":113,\"isIncrement\":\"0\",\"increment\":false,\"insert\":true,\"isList\":\"1\",\"dictType\":\"\",\"required\":true,\"superColumn\":false,\"updateBy\":\"\",\"isInsert\":\"1\",\"isRequired\":\"1\",\"javaField\":\"params\",\"htmlType\":\"textarea\",\"edit\":true,\"query\":false,\"columnComment\":\"参数\",\"sort\":4,\"list\":true,\"params\":{},\"javaType\":\"String\",\"queryType\":\"EQ\",\"columnType\":\"text\",\"createBy\":\"admin\"', '{\"msg\":\"操作成功\",\"code\":200}', 0, NULL, '2021-03-04 20:32:09');
INSERT INTO `sys_oper_log` VALUES (222, '代码生成', 2, 'com.ruoyi.generator.controller.GenController.editSave()', 'PUT', 1, 'admin', NULL, '/tool/gen', '127.0.0.1', '内网IP', '{\"sub\":false,\"functionAuthor\":\"yepanpan\",\"columns\":[{\"capJavaField\":\"Id\",\"usableColumn\":false,\"columnId\":127,\"isIncrement\":\"1\",\"increment\":true,\"insert\":true,\"dictType\":\"\",\"required\":false,\"superColumn\":false,\"updateBy\":\"\",\"isInsert\":\"1\",\"javaField\":\"id\",\"htmlType\":\"input\",\"edit\":false,\"query\":false,\"columnComment\":\"自增长主键ID\",\"sort\":1,\"list\":false,\"params\":{},\"javaType\":\"Long\",\"queryType\":\"EQ\",\"columnType\":\"int(11)\",\"createBy\":\"admin\",\"isPk\":\"1\",\"createTime\":1614860508000,\"tableId\":12,\"pk\":true,\"columnName\":\"id\"},{\"capJavaField\":\"CateId\",\"usableColumn\":false,\"columnId\":128,\"isIncrement\":\"0\",\"increment\":false,\"insert\":true,\"isList\":\"1\",\"dictType\":\"\",\"required\":true,\"superColumn\":false,\"updateBy\":\"\",\"isInsert\":\"1\",\"isRequired\":\"1\",\"javaField\":\"cateId\",\"htmlType\":\"input\",\"edit\":true,\"query\":true,\"columnComment\":\"资产分类\",\"isQuery\":\"1\",\"sort\":2,\"list\":true,\"params\":{},\"javaType\":\"Long\",\"queryType\":\"EQ\",\"columnType\":\"int(11)\",\"createBy\":\"admin\",\"isPk\":\"0\",\"createTime\":1614860508000,\"isEdit\":\"1\",\"tableId\":12,\"pk\":false,\"columnName\":\"cate_id\"},{\"capJavaField\":\"MaterialId\",\"usableColumn\":false,\"columnId\":129,\"isIncrement\":\"0\",\"increment\":false,\"insert\":true,\"isList\":\"1\",\"dictType\":\"\",\"required\":true,\"superColumn\":false,\"updateBy\":\"\",\"isInsert\":\"1\",\"isRequired\":\"1\",\"javaField\":\"materialId\",\"htmlType\":\"input\",\"edit\":true,\"query\":true,\"columnComment\":\"耗材ID\",\"isQuery\":\"1\",\"sort\":3,\"list\":true,\"params\":{},\"javaType\":\"Long\",\"queryType\":\"EQ\",\"columnType\":\"int(11)\",\"createBy\":\"admin\",\"isPk\":\"0\",\"createTime\":1614860508000,\"isEdit\":\"1\",\"tableId\":12,\"pk\":false,\"columnName\":\"material_id\"},{\"capJavaField\":\"Amount\",\"usableColumn\":false,\"columnId\":130,\"isIncrement\":\"0\",\"increment\":false,\"insert\":true,\"isList\":\"1\",\"dictType\":\"\",\"required\":true,\"superColumn\":false,\"updateBy\":\"\",\"isInsert\":\"1\",\"isRequired\":\"1\",\"javaField\":\"amount\",\"htmlType\":\"input\",\"edit\":true,\"query\":false,\"columnComment\":\"领用数量\",\"sort\":4,\"list\":true,\"params\":{},\"javaType\":\"BigDecimal\",\"queryType\":\"EQ\",\"columnType\":\"float(10,3)', '{\"msg\":\"操作成功\",\"code\":200}', 0, NULL, '2021-03-05 08:51:28');
INSERT INTO `sys_oper_log` VALUES (223, '代码生成', 2, 'com.ruoyi.generator.controller.GenController.editSave()', 'PUT', 1, 'admin', NULL, '/tool/gen', '127.0.0.1', '内网IP', '{\"sub\":false,\"functionAuthor\":\"yepanpan\",\"columns\":[{\"capJavaField\":\"Id\",\"usableColumn\":false,\"columnId\":141,\"isIncrement\":\"1\",\"increment\":true,\"insert\":true,\"dictType\":\"\",\"required\":false,\"superColumn\":false,\"updateBy\":\"\",\"isInsert\":\"1\",\"javaField\":\"id\",\"htmlType\":\"input\",\"edit\":false,\"query\":false,\"columnComment\":\"自增长主键ID\",\"sort\":1,\"list\":false,\"params\":{},\"javaType\":\"Long\",\"queryType\":\"EQ\",\"columnType\":\"int(11)\",\"createBy\":\"admin\",\"isPk\":\"1\",\"createTime\":1614860508000,\"tableId\":13,\"pk\":true,\"columnName\":\"id\"},{\"capJavaField\":\"CateId\",\"usableColumn\":false,\"columnId\":142,\"isIncrement\":\"0\",\"increment\":false,\"insert\":true,\"isList\":\"1\",\"dictType\":\"\",\"required\":true,\"superColumn\":false,\"updateBy\":\"\",\"isInsert\":\"1\",\"isRequired\":\"1\",\"javaField\":\"cateId\",\"htmlType\":\"input\",\"edit\":true,\"query\":true,\"columnComment\":\"资产分类\",\"isQuery\":\"1\",\"sort\":2,\"list\":true,\"params\":{},\"javaType\":\"Long\",\"queryType\":\"EQ\",\"columnType\":\"int(11)\",\"createBy\":\"admin\",\"isPk\":\"0\",\"createTime\":1614860508000,\"isEdit\":\"1\",\"tableId\":13,\"pk\":false,\"columnName\":\"cate_id\"},{\"capJavaField\":\"Name\",\"usableColumn\":false,\"columnId\":143,\"isIncrement\":\"0\",\"increment\":false,\"insert\":true,\"isList\":\"1\",\"dictType\":\"\",\"required\":true,\"superColumn\":false,\"updateBy\":\"\",\"isInsert\":\"1\",\"isRequired\":\"1\",\"javaField\":\"name\",\"htmlType\":\"input\",\"edit\":true,\"query\":true,\"columnComment\":\"产品名称\",\"isQuery\":\"1\",\"sort\":3,\"list\":true,\"params\":{},\"javaType\":\"String\",\"queryType\":\"LIKE\",\"columnType\":\"varchar(200)\",\"createBy\":\"admin\",\"isPk\":\"0\",\"createTime\":1614860508000,\"isEdit\":\"1\",\"tableId\":13,\"pk\":false,\"columnName\":\"name\"},{\"capJavaField\":\"Params\",\"usableColumn\":false,\"columnId\":144,\"isIncrement\":\"0\",\"increment\":false,\"insert\":true,\"isList\":\"1\",\"dictType\":\"\",\"required\":true,\"superColumn\":false,\"updateBy\":\"\",\"isInsert\":\"1\",\"isRequired\":\"1\",\"javaField\":\"params\",\"htmlType\":\"textarea\",\"edit\":true,\"query\":false,\"columnComment\":\"参数要求\",\"sort\":4,\"list\":true,\"params\":{},\"javaType\":\"String\",\"queryType\":\"EQ\",\"columnType\":\"text\",\"createBy\":\"admi', '{\"msg\":\"操作成功\",\"code\":200}', 0, NULL, '2021-03-05 08:53:09');
INSERT INTO `sys_oper_log` VALUES (224, '代码生成', 2, 'com.ruoyi.generator.controller.GenController.editSave()', 'PUT', 1, 'admin', NULL, '/tool/gen', '127.0.0.1', '内网IP', '{\"sub\":false,\"functionAuthor\":\"yepanpan\",\"columns\":[{\"capJavaField\":\"Id\",\"usableColumn\":false,\"columnId\":163,\"isIncrement\":\"1\",\"increment\":true,\"insert\":true,\"dictType\":\"\",\"required\":false,\"superColumn\":false,\"updateBy\":\"\",\"isInsert\":\"1\",\"javaField\":\"id\",\"htmlType\":\"input\",\"edit\":false,\"query\":false,\"columnComment\":\"自增长主键ID\",\"sort\":1,\"list\":false,\"params\":{},\"javaType\":\"Long\",\"queryType\":\"EQ\",\"columnType\":\"int(11)\",\"createBy\":\"admin\",\"isPk\":\"1\",\"createTime\":1614860508000,\"tableId\":14,\"pk\":true,\"columnName\":\"id\"},{\"capJavaField\":\"CateId\",\"usableColumn\":false,\"columnId\":164,\"isIncrement\":\"0\",\"increment\":false,\"insert\":true,\"isList\":\"1\",\"dictType\":\"\",\"required\":true,\"superColumn\":false,\"updateBy\":\"\",\"isInsert\":\"1\",\"isRequired\":\"1\",\"javaField\":\"cateId\",\"htmlType\":\"input\",\"edit\":true,\"query\":true,\"columnComment\":\"资产分类\",\"isQuery\":\"1\",\"sort\":2,\"list\":true,\"params\":{},\"javaType\":\"Long\",\"queryType\":\"EQ\",\"columnType\":\"int(11)\",\"createBy\":\"admin\",\"isPk\":\"0\",\"createTime\":1614860508000,\"isEdit\":\"1\",\"tableId\":14,\"pk\":false,\"columnName\":\"cate_id\"},{\"capJavaField\":\"MaterialId\",\"usableColumn\":false,\"columnId\":165,\"isIncrement\":\"0\",\"increment\":false,\"insert\":true,\"isList\":\"1\",\"dictType\":\"\",\"required\":false,\"superColumn\":false,\"updateBy\":\"\",\"isInsert\":\"1\",\"javaField\":\"materialId\",\"htmlType\":\"input\",\"edit\":true,\"query\":true,\"columnComment\":\"耗材ID\",\"isQuery\":\"1\",\"sort\":3,\"list\":true,\"params\":{},\"javaType\":\"Long\",\"queryType\":\"EQ\",\"columnType\":\"int(11)\",\"createBy\":\"admin\",\"isPk\":\"0\",\"createTime\":1614860508000,\"isEdit\":\"1\",\"tableId\":14,\"pk\":false,\"columnName\":\"material_id\"},{\"capJavaField\":\"AssetId\",\"usableColumn\":false,\"columnId\":166,\"isIncrement\":\"0\",\"increment\":false,\"insert\":true,\"isList\":\"1\",\"dictType\":\"\",\"required\":false,\"superColumn\":false,\"updateBy\":\"\",\"isInsert\":\"1\",\"javaField\":\"assetId\",\"htmlType\":\"input\",\"edit\":true,\"query\":true,\"columnComment\":\"资产ID\",\"isQuery\":\"1\",\"sort\":4,\"list\":true,\"params\":{},\"javaType\":\"Long\",\"queryType\":\"EQ\",\"columnType\":\"int(11)\",\"createBy\":\"admin\",\"isPk\"', '{\"msg\":\"操作成功\",\"code\":200}', 0, NULL, '2021-03-05 08:54:09');
INSERT INTO `sys_oper_log` VALUES (225, '字典类型', 1, 'com.ruoyi.web.controller.system.SysDictTypeController.add()', 'POST', 1, 'admin', NULL, '/system/dict/type', '127.0.0.1', '内网IP', '{\"createBy\":\"admin\",\"dictName\":\"sales_type\",\"params\":{},\"dictType\":\"租售类型\",\"status\":\"0\"}', '{\"msg\":\"操作成功\",\"code\":200}', 0, NULL, '2021-03-05 08:54:26');
INSERT INTO `sys_oper_log` VALUES (226, '字典数据', 1, 'com.ruoyi.web.controller.system.SysDictDataController.add()', 'POST', 1, 'admin', NULL, '/system/dict/data', '127.0.0.1', '内网IP', '{\"dictValue\":\"1\",\"dictSort\":1,\"params\":{},\"dictType\":\"租售类型\",\"dictLabel\":\"出租\",\"createBy\":\"admin\",\"default\":false,\"status\":\"0\"}', '{\"msg\":\"操作成功\",\"code\":200}', 0, NULL, '2021-03-05 08:54:43');
INSERT INTO `sys_oper_log` VALUES (227, '字典数据', 1, 'com.ruoyi.web.controller.system.SysDictDataController.add()', 'POST', 1, 'admin', NULL, '/system/dict/data', '127.0.0.1', '内网IP', '{\"dictValue\":\"2\",\"dictSort\":2,\"params\":{},\"dictType\":\"租售类型\",\"dictLabel\":\"出售\",\"createBy\":\"admin\",\"default\":false,\"status\":\"0\"}', '{\"msg\":\"操作成功\",\"code\":200}', 0, NULL, '2021-03-05 08:54:49');
INSERT INTO `sys_oper_log` VALUES (228, '字典类型', 2, 'com.ruoyi.web.controller.system.SysDictTypeController.edit()', 'PUT', 1, 'admin', NULL, '/system/dict/type', '127.0.0.1', '内网IP', '{\"createBy\":\"admin\",\"createTime\":1614905666000,\"updateBy\":\"admin\",\"dictName\":\"租售类型\",\"dictId\":108,\"params\":{},\"dictType\":\"sales_type\",\"status\":\"0\"}', '{\"msg\":\"操作成功\",\"code\":200}', 0, NULL, '2021-03-05 08:55:00');
INSERT INTO `sys_oper_log` VALUES (229, '代码生成', 2, 'com.ruoyi.generator.controller.GenController.editSave()', 'PUT', 1, 'admin', NULL, '/tool/gen', '127.0.0.1', '内网IP', '{\"sub\":false,\"functionAuthor\":\"yepanpan\",\"columns\":[{\"capJavaField\":\"Id\",\"usableColumn\":false,\"columnId\":163,\"isIncrement\":\"1\",\"increment\":true,\"insert\":true,\"dictType\":\"\",\"required\":false,\"superColumn\":false,\"updateBy\":\"\",\"isInsert\":\"1\",\"javaField\":\"id\",\"htmlType\":\"input\",\"edit\":false,\"query\":false,\"columnComment\":\"自增长主键ID\",\"updateTime\":1614905649000,\"sort\":1,\"list\":false,\"params\":{},\"javaType\":\"Long\",\"queryType\":\"EQ\",\"columnType\":\"int(11)\",\"createBy\":\"admin\",\"isPk\":\"1\",\"createTime\":1614860508000,\"tableId\":14,\"pk\":true,\"columnName\":\"id\"},{\"capJavaField\":\"CateId\",\"usableColumn\":false,\"columnId\":164,\"isIncrement\":\"0\",\"increment\":false,\"insert\":true,\"isList\":\"1\",\"dictType\":\"\",\"required\":true,\"superColumn\":false,\"updateBy\":\"\",\"isInsert\":\"1\",\"isRequired\":\"1\",\"javaField\":\"cateId\",\"htmlType\":\"input\",\"edit\":true,\"query\":true,\"columnComment\":\"资产分类\",\"isQuery\":\"1\",\"updateTime\":1614905649000,\"sort\":2,\"list\":true,\"params\":{},\"javaType\":\"Long\",\"queryType\":\"EQ\",\"columnType\":\"int(11)\",\"createBy\":\"admin\",\"isPk\":\"0\",\"createTime\":1614860508000,\"isEdit\":\"1\",\"tableId\":14,\"pk\":false,\"columnName\":\"cate_id\"},{\"capJavaField\":\"MaterialId\",\"usableColumn\":false,\"columnId\":165,\"isIncrement\":\"0\",\"increment\":false,\"insert\":true,\"isList\":\"1\",\"dictType\":\"\",\"required\":false,\"superColumn\":false,\"updateBy\":\"\",\"isInsert\":\"1\",\"javaField\":\"materialId\",\"htmlType\":\"input\",\"edit\":true,\"query\":true,\"columnComment\":\"耗材ID\",\"isQuery\":\"1\",\"updateTime\":1614905649000,\"sort\":3,\"list\":true,\"params\":{},\"javaType\":\"Long\",\"queryType\":\"EQ\",\"columnType\":\"int(11)\",\"createBy\":\"admin\",\"isPk\":\"0\",\"createTime\":1614860508000,\"isEdit\":\"1\",\"tableId\":14,\"pk\":false,\"columnName\":\"material_id\"},{\"capJavaField\":\"AssetId\",\"usableColumn\":false,\"columnId\":166,\"isIncrement\":\"0\",\"increment\":false,\"insert\":true,\"isList\":\"1\",\"dictType\":\"\",\"required\":false,\"superColumn\":false,\"updateBy\":\"\",\"isInsert\":\"1\",\"javaField\":\"assetId\",\"htmlType\":\"input\",\"edit\":true,\"query\":true,\"columnComment\":\"资产ID\",\"isQuery\":\"1\",\"updateTime\":1614905649000,\"sort\":4', '{\"msg\":\"操作成功\",\"code\":200}', 0, NULL, '2021-03-05 08:55:13');
INSERT INTO `sys_oper_log` VALUES (230, '代码生成', 2, 'com.ruoyi.generator.controller.GenController.editSave()', 'PUT', 1, 'admin', NULL, '/tool/gen', '127.0.0.1', '内网IP', '{\"sub\":false,\"functionAuthor\":\"yepanpan\",\"columns\":[{\"capJavaField\":\"Id\",\"usableColumn\":false,\"columnId\":179,\"isIncrement\":\"1\",\"increment\":true,\"insert\":true,\"dictType\":\"\",\"required\":false,\"superColumn\":false,\"updateBy\":\"\",\"isInsert\":\"1\",\"javaField\":\"id\",\"htmlType\":\"input\",\"edit\":false,\"query\":false,\"columnComment\":\"自增长主键ID\",\"sort\":1,\"list\":false,\"params\":{},\"javaType\":\"Long\",\"queryType\":\"EQ\",\"columnType\":\"int(11)\",\"createBy\":\"admin\",\"isPk\":\"1\",\"createTime\":1614860508000,\"tableId\":15,\"pk\":true,\"columnName\":\"id\"},{\"capJavaField\":\"CateId\",\"usableColumn\":false,\"columnId\":180,\"isIncrement\":\"0\",\"increment\":false,\"insert\":true,\"isList\":\"1\",\"dictType\":\"\",\"required\":true,\"superColumn\":false,\"updateBy\":\"\",\"isInsert\":\"1\",\"isRequired\":\"1\",\"javaField\":\"cateId\",\"htmlType\":\"input\",\"edit\":true,\"query\":true,\"columnComment\":\"资产分类\",\"isQuery\":\"1\",\"sort\":2,\"list\":true,\"params\":{},\"javaType\":\"Long\",\"queryType\":\"EQ\",\"columnType\":\"int(11)\",\"createBy\":\"admin\",\"isPk\":\"0\",\"createTime\":1614860508000,\"isEdit\":\"1\",\"tableId\":15,\"pk\":false,\"columnName\":\"cate_id\"},{\"capJavaField\":\"Params\",\"usableColumn\":false,\"columnId\":181,\"isIncrement\":\"0\",\"increment\":false,\"insert\":true,\"isList\":\"1\",\"dictType\":\"\",\"required\":true,\"superColumn\":false,\"updateBy\":\"\",\"isInsert\":\"1\",\"isRequired\":\"1\",\"javaField\":\"params\",\"htmlType\":\"textarea\",\"edit\":true,\"query\":false,\"columnComment\":\"参数要求\",\"sort\":3,\"list\":true,\"params\":{},\"javaType\":\"String\",\"queryType\":\"EQ\",\"columnType\":\"text\",\"createBy\":\"admin\",\"isPk\":\"0\",\"createTime\":1614860508000,\"isEdit\":\"1\",\"tableId\":15,\"pk\":false,\"columnName\":\"params\"},{\"capJavaField\":\"Reason\",\"usableColumn\":false,\"columnId\":182,\"isIncrement\":\"0\",\"increment\":false,\"insert\":true,\"dictType\":\"\",\"required\":true,\"superColumn\":false,\"updateBy\":\"\",\"isInsert\":\"1\",\"isRequired\":\"1\",\"javaField\":\"reason\",\"htmlType\":\"input\",\"edit\":true,\"query\":false,\"columnComment\":\"申请原由\",\"sort\":4,\"list\":false,\"params\":{},\"javaType\":\"String\",\"queryType\":\"EQ\",\"columnType\":\"varchar(200)\",\"createBy\":\"admin\",\"isPk\":\"0\",\"create', '{\"msg\":\"操作成功\",\"code\":200}', 0, NULL, '2021-03-05 08:56:42');
INSERT INTO `sys_oper_log` VALUES (231, '字典类型', 1, 'com.ruoyi.web.controller.system.SysDictTypeController.add()', 'POST', 1, 'admin', NULL, '/system/dict/type', '127.0.0.1', '内网IP', '{\"createBy\":\"admin\",\"dictName\":\"审核状态\",\"params\":{},\"dictType\":\"check_status\",\"status\":\"0\"}', '{\"msg\":\"操作成功\",\"code\":200}', 0, NULL, '2021-03-05 08:56:58');
INSERT INTO `sys_oper_log` VALUES (232, '字典数据', 1, 'com.ruoyi.web.controller.system.SysDictDataController.add()', 'POST', 1, 'admin', NULL, '/system/dict/data', '127.0.0.1', '内网IP', '{\"dictValue\":\"0\",\"dictSort\":0,\"params\":{},\"dictType\":\"check_status\",\"dictLabel\":\"待审核\",\"createBy\":\"admin\",\"default\":false,\"status\":\"0\"}', '{\"msg\":\"操作成功\",\"code\":200}', 0, NULL, '2021-03-05 08:57:11');
INSERT INTO `sys_oper_log` VALUES (233, '字典数据', 1, 'com.ruoyi.web.controller.system.SysDictDataController.add()', 'POST', 1, 'admin', NULL, '/system/dict/data', '127.0.0.1', '内网IP', '{\"dictValue\":\"1\",\"dictSort\":1,\"params\":{},\"dictType\":\"check_status\",\"dictLabel\":\"审核通过\",\"createBy\":\"admin\",\"default\":false,\"status\":\"0\"}', '{\"msg\":\"操作成功\",\"code\":200}', 0, NULL, '2021-03-05 08:57:20');
INSERT INTO `sys_oper_log` VALUES (234, '字典数据', 1, 'com.ruoyi.web.controller.system.SysDictDataController.add()', 'POST', 1, 'admin', NULL, '/system/dict/data', '127.0.0.1', '内网IP', '{\"dictValue\":\"2\",\"dictSort\":2,\"params\":{},\"dictType\":\"check_status\",\"dictLabel\":\"不通过\",\"createBy\":\"admin\",\"default\":false,\"status\":\"0\"}', '{\"msg\":\"操作成功\",\"code\":200}', 0, NULL, '2021-03-05 08:57:35');
INSERT INTO `sys_oper_log` VALUES (235, '字典数据', 2, 'com.ruoyi.web.controller.system.SysDictDataController.edit()', 'PUT', 1, 'admin', NULL, '/system/dict/data', '127.0.0.1', '内网IP', '{\"dictValue\":\"1\",\"dictSort\":1,\"params\":{},\"dictType\":\"check_status\",\"dictLabel\":\"通过\",\"createBy\":\"admin\",\"default\":false,\"isDefault\":\"N\",\"createTime\":1614905840000,\"dictCode\":125,\"updateBy\":\"admin\",\"status\":\"0\"}', '{\"msg\":\"操作成功\",\"code\":200}', 0, NULL, '2021-03-05 08:57:40');
INSERT INTO `sys_oper_log` VALUES (236, '代码生成', 2, 'com.ruoyi.generator.controller.GenController.editSave()', 'PUT', 1, 'admin', NULL, '/tool/gen', '127.0.0.1', '内网IP', '{\"sub\":false,\"functionAuthor\":\"yepanpan\",\"columns\":[{\"capJavaField\":\"Id\",\"usableColumn\":false,\"columnId\":127,\"isIncrement\":\"1\",\"increment\":true,\"insert\":true,\"dictType\":\"\",\"required\":false,\"superColumn\":false,\"updateBy\":\"\",\"isInsert\":\"1\",\"javaField\":\"id\",\"htmlType\":\"input\",\"edit\":false,\"query\":false,\"columnComment\":\"自增长主键ID\",\"updateTime\":1614905488000,\"sort\":1,\"list\":false,\"params\":{},\"javaType\":\"Long\",\"queryType\":\"EQ\",\"columnType\":\"int(11)\",\"createBy\":\"admin\",\"isPk\":\"1\",\"createTime\":1614860508000,\"tableId\":12,\"pk\":true,\"columnName\":\"id\"},{\"capJavaField\":\"CateId\",\"usableColumn\":false,\"columnId\":128,\"isIncrement\":\"0\",\"increment\":false,\"insert\":true,\"isList\":\"1\",\"dictType\":\"\",\"required\":true,\"superColumn\":false,\"updateBy\":\"\",\"isInsert\":\"1\",\"isRequired\":\"1\",\"javaField\":\"cateId\",\"htmlType\":\"input\",\"edit\":true,\"query\":true,\"columnComment\":\"资产分类\",\"isQuery\":\"1\",\"updateTime\":1614905488000,\"sort\":2,\"list\":true,\"params\":{},\"javaType\":\"Long\",\"queryType\":\"EQ\",\"columnType\":\"int(11)\",\"createBy\":\"admin\",\"isPk\":\"0\",\"createTime\":1614860508000,\"isEdit\":\"1\",\"tableId\":12,\"pk\":false,\"columnName\":\"cate_id\"},{\"capJavaField\":\"MaterialId\",\"usableColumn\":false,\"columnId\":129,\"isIncrement\":\"0\",\"increment\":false,\"insert\":true,\"isList\":\"1\",\"dictType\":\"\",\"required\":true,\"superColumn\":false,\"updateBy\":\"\",\"isInsert\":\"1\",\"isRequired\":\"1\",\"javaField\":\"materialId\",\"htmlType\":\"input\",\"edit\":true,\"query\":true,\"columnComment\":\"耗材ID\",\"isQuery\":\"1\",\"updateTime\":1614905488000,\"sort\":3,\"list\":true,\"params\":{},\"javaType\":\"Long\",\"queryType\":\"EQ\",\"columnType\":\"int(11)\",\"createBy\":\"admin\",\"isPk\":\"0\",\"createTime\":1614860508000,\"isEdit\":\"1\",\"tableId\":12,\"pk\":false,\"columnName\":\"material_id\"},{\"capJavaField\":\"Amount\",\"usableColumn\":false,\"columnId\":130,\"isIncrement\":\"0\",\"increment\":false,\"insert\":true,\"isList\":\"1\",\"dictType\":\"\",\"required\":true,\"superColumn\":false,\"updateBy\":\"\",\"isInsert\":\"1\",\"isRequired\":\"1\",\"javaField\":\"amount\",\"htmlType\":\"input\",\"edit\":true,\"query\":false,\"columnComment\":\"领用数量\",\"updateTime\":16149', '{\"msg\":\"操作成功\",\"code\":200}', 0, NULL, '2021-03-05 08:58:16');
INSERT INTO `sys_oper_log` VALUES (237, '代码生成', 2, 'com.ruoyi.generator.controller.GenController.editSave()', 'PUT', 1, 'admin', NULL, '/tool/gen', '127.0.0.1', '内网IP', '{\"sub\":false,\"functionAuthor\":\"yepanpan\",\"columns\":[{\"capJavaField\":\"Id\",\"usableColumn\":false,\"columnId\":179,\"isIncrement\":\"1\",\"increment\":true,\"insert\":true,\"dictType\":\"\",\"required\":false,\"superColumn\":false,\"updateBy\":\"\",\"isInsert\":\"1\",\"javaField\":\"id\",\"htmlType\":\"input\",\"edit\":false,\"query\":false,\"columnComment\":\"自增长主键ID\",\"updateTime\":1614905802000,\"sort\":1,\"list\":false,\"params\":{},\"javaType\":\"Long\",\"queryType\":\"EQ\",\"columnType\":\"int(11)\",\"createBy\":\"admin\",\"isPk\":\"1\",\"createTime\":1614860508000,\"tableId\":15,\"pk\":true,\"columnName\":\"id\"},{\"capJavaField\":\"CateId\",\"usableColumn\":false,\"columnId\":180,\"isIncrement\":\"0\",\"increment\":false,\"insert\":true,\"isList\":\"1\",\"dictType\":\"\",\"required\":true,\"superColumn\":false,\"updateBy\":\"\",\"isInsert\":\"1\",\"isRequired\":\"1\",\"javaField\":\"cateId\",\"htmlType\":\"input\",\"edit\":true,\"query\":true,\"columnComment\":\"资产分类\",\"isQuery\":\"1\",\"updateTime\":1614905802000,\"sort\":2,\"list\":true,\"params\":{},\"javaType\":\"Long\",\"queryType\":\"EQ\",\"columnType\":\"int(11)\",\"createBy\":\"admin\",\"isPk\":\"0\",\"createTime\":1614860508000,\"isEdit\":\"1\",\"tableId\":15,\"pk\":false,\"columnName\":\"cate_id\"},{\"capJavaField\":\"Params\",\"usableColumn\":false,\"columnId\":181,\"isIncrement\":\"0\",\"increment\":false,\"insert\":true,\"isList\":\"1\",\"dictType\":\"\",\"required\":true,\"superColumn\":false,\"updateBy\":\"\",\"isInsert\":\"1\",\"isRequired\":\"1\",\"javaField\":\"params\",\"htmlType\":\"textarea\",\"edit\":true,\"query\":false,\"columnComment\":\"参数要求\",\"updateTime\":1614905802000,\"sort\":3,\"list\":true,\"params\":{},\"javaType\":\"String\",\"queryType\":\"EQ\",\"columnType\":\"text\",\"createBy\":\"admin\",\"isPk\":\"0\",\"createTime\":1614860508000,\"isEdit\":\"1\",\"tableId\":15,\"pk\":false,\"columnName\":\"params\"},{\"capJavaField\":\"Reason\",\"usableColumn\":false,\"columnId\":182,\"isIncrement\":\"0\",\"increment\":false,\"insert\":true,\"dictType\":\"\",\"required\":true,\"superColumn\":false,\"updateBy\":\"\",\"isInsert\":\"1\",\"isRequired\":\"1\",\"javaField\":\"reason\",\"htmlType\":\"input\",\"edit\":true,\"query\":false,\"columnComment\":\"申请原由\",\"updateTime\":1614905802000,\"sort\":4,\"list\":false,\"param', '{\"msg\":\"操作成功\",\"code\":200}', 0, NULL, '2021-03-05 08:58:35');
INSERT INTO `sys_oper_log` VALUES (238, '代码生成', 2, 'com.ruoyi.generator.controller.GenController.editSave()', 'PUT', 1, 'admin', NULL, '/tool/gen', '127.0.0.1', '内网IP', '{\"sub\":false,\"functionAuthor\":\"yepanpan\",\"columns\":[{\"capJavaField\":\"Id\",\"usableColumn\":false,\"columnId\":141,\"isIncrement\":\"1\",\"increment\":true,\"insert\":true,\"dictType\":\"\",\"required\":false,\"superColumn\":false,\"updateBy\":\"\",\"isInsert\":\"1\",\"javaField\":\"id\",\"htmlType\":\"input\",\"edit\":false,\"query\":false,\"columnComment\":\"自增长主键ID\",\"updateTime\":1614905589000,\"sort\":1,\"list\":false,\"params\":{},\"javaType\":\"Long\",\"queryType\":\"EQ\",\"columnType\":\"int(11)\",\"createBy\":\"admin\",\"isPk\":\"1\",\"createTime\":1614860508000,\"tableId\":13,\"pk\":true,\"columnName\":\"id\"},{\"capJavaField\":\"CateId\",\"usableColumn\":false,\"columnId\":142,\"isIncrement\":\"0\",\"increment\":false,\"insert\":true,\"isList\":\"1\",\"dictType\":\"\",\"required\":true,\"superColumn\":false,\"updateBy\":\"\",\"isInsert\":\"1\",\"isRequired\":\"1\",\"javaField\":\"cateId\",\"htmlType\":\"input\",\"edit\":true,\"query\":true,\"columnComment\":\"资产分类\",\"isQuery\":\"1\",\"updateTime\":1614905589000,\"sort\":2,\"list\":true,\"params\":{},\"javaType\":\"Long\",\"queryType\":\"EQ\",\"columnType\":\"int(11)\",\"createBy\":\"admin\",\"isPk\":\"0\",\"createTime\":1614860508000,\"isEdit\":\"1\",\"tableId\":13,\"pk\":false,\"columnName\":\"cate_id\"},{\"capJavaField\":\"Name\",\"usableColumn\":false,\"columnId\":143,\"isIncrement\":\"0\",\"increment\":false,\"insert\":true,\"isList\":\"1\",\"dictType\":\"\",\"required\":true,\"superColumn\":false,\"updateBy\":\"\",\"isInsert\":\"1\",\"isRequired\":\"1\",\"javaField\":\"name\",\"htmlType\":\"input\",\"edit\":true,\"query\":true,\"columnComment\":\"产品名称\",\"isQuery\":\"1\",\"updateTime\":1614905589000,\"sort\":3,\"list\":true,\"params\":{},\"javaType\":\"String\",\"queryType\":\"LIKE\",\"columnType\":\"varchar(200)\",\"createBy\":\"admin\",\"isPk\":\"0\",\"createTime\":1614860508000,\"isEdit\":\"1\",\"tableId\":13,\"pk\":false,\"columnName\":\"name\"},{\"capJavaField\":\"Params\",\"usableColumn\":false,\"columnId\":144,\"isIncrement\":\"0\",\"increment\":false,\"insert\":true,\"isList\":\"1\",\"dictType\":\"\",\"required\":true,\"superColumn\":false,\"updateBy\":\"\",\"isInsert\":\"1\",\"isRequired\":\"1\",\"javaField\":\"params\",\"htmlType\":\"textarea\",\"edit\":true,\"query\":false,\"columnComment\":\"参数要求\",\"updateTime\":161490558900', '{\"msg\":\"操作成功\",\"code\":200}', 0, NULL, '2021-03-05 08:58:53');
INSERT INTO `sys_oper_log` VALUES (239, '代码生成', 8, 'com.ruoyi.generator.controller.GenController.batchGenCode()', 'GET', 1, 'admin', NULL, '/tool/gen/batchGenCode', '127.0.0.1', '内网IP', '{}', 'null', 0, NULL, '2021-03-05 08:59:18');
INSERT INTO `sys_oper_log` VALUES (240, '代码生成', 2, 'com.ruoyi.generator.controller.GenController.synchDb()', 'GET', 1, 'admin', NULL, '/tool/gen/synchDb/asset_info', '127.0.0.1', '内网IP', '{tableName=asset_info}', '{\"msg\":\"操作成功\",\"code\":200}', 0, NULL, '2021-03-05 09:10:25');
INSERT INTO `sys_oper_log` VALUES (241, '代码生成', 2, 'com.ruoyi.generator.controller.GenController.editSave()', 'PUT', 1, 'admin', NULL, '/tool/gen', '127.0.0.1', '内网IP', '{\"sub\":false,\"functionAuthor\":\"yepanpan\",\"columns\":[{\"capJavaField\":\"Id\",\"usableColumn\":false,\"columnId\":90,\"isIncrement\":\"1\",\"increment\":true,\"insert\":true,\"dictType\":\"\",\"required\":false,\"superColumn\":false,\"updateBy\":\"\",\"isInsert\":\"1\",\"javaField\":\"id\",\"htmlType\":\"input\",\"edit\":false,\"query\":false,\"columnComment\":\"自增长主键ID\",\"updateTime\":1614861082000,\"sort\":1,\"list\":false,\"params\":{},\"javaType\":\"Long\",\"queryType\":\"EQ\",\"columnType\":\"int(11)\",\"createBy\":\"admin\",\"isPk\":\"1\",\"createTime\":1614860508000,\"tableId\":10,\"pk\":true,\"columnName\":\"id\"},{\"capJavaField\":\"CateId\",\"usableColumn\":false,\"columnId\":91,\"isIncrement\":\"0\",\"increment\":false,\"insert\":true,\"isList\":\"1\",\"dictType\":\"\",\"required\":true,\"superColumn\":false,\"updateBy\":\"\",\"isInsert\":\"1\",\"isRequired\":\"1\",\"javaField\":\"cateId\",\"htmlType\":\"input\",\"edit\":true,\"query\":true,\"columnComment\":\"资产分类\",\"isQuery\":\"1\",\"updateTime\":1614861082000,\"sort\":2,\"list\":true,\"params\":{},\"javaType\":\"Long\",\"queryType\":\"EQ\",\"columnType\":\"int(11)\",\"createBy\":\"admin\",\"isPk\":\"0\",\"createTime\":1614860508000,\"isEdit\":\"1\",\"tableId\":10,\"pk\":false,\"columnName\":\"cate_id\"},{\"capJavaField\":\"Num\",\"usableColumn\":false,\"columnId\":92,\"isIncrement\":\"0\",\"increment\":false,\"insert\":true,\"isList\":\"1\",\"dictType\":\"\",\"required\":true,\"superColumn\":false,\"updateBy\":\"\",\"isInsert\":\"1\",\"isRequired\":\"1\",\"javaField\":\"num\",\"htmlType\":\"input\",\"edit\":true,\"query\":true,\"columnComment\":\"资产编号\",\"isQuery\":\"1\",\"updateTime\":1614861082000,\"sort\":3,\"list\":true,\"params\":{},\"javaType\":\"String\",\"queryType\":\"EQ\",\"columnType\":\"varchar(200)\",\"createBy\":\"admin\",\"isPk\":\"0\",\"createTime\":1614860508000,\"isEdit\":\"1\",\"tableId\":10,\"pk\":false,\"columnName\":\"num\"},{\"capJavaField\":\"Name\",\"usableColumn\":false,\"columnId\":93,\"isIncrement\":\"0\",\"increment\":false,\"insert\":true,\"isList\":\"1\",\"dictType\":\"\",\"required\":true,\"superColumn\":false,\"updateBy\":\"\",\"isInsert\":\"1\",\"isRequired\":\"1\",\"javaField\":\"name\",\"htmlType\":\"input\",\"edit\":true,\"query\":true,\"columnComment\":\"产品名称\",\"isQuery\":\"1\",\"updateTime\":1614861082000,\"', '{\"msg\":\"操作成功\",\"code\":200}', 0, NULL, '2021-03-05 09:10:41');
INSERT INTO `sys_oper_log` VALUES (242, '代码生成', 2, 'com.ruoyi.generator.controller.GenController.synchDb()', 'GET', 1, 'admin', NULL, '/tool/gen/synchDb/asset_material', '127.0.0.1', '内网IP', '{tableName=asset_material}', '{\"msg\":\"操作成功\",\"code\":200}', 0, NULL, '2021-03-05 09:10:53');
INSERT INTO `sys_oper_log` VALUES (243, '代码生成', 2, 'com.ruoyi.generator.controller.GenController.synchDb()', 'GET', 1, 'admin', NULL, '/tool/gen/synchDb/asset_pickup', '127.0.0.1', '内网IP', '{tableName=asset_pickup}', '{\"msg\":\"操作成功\",\"code\":200}', 0, NULL, '2021-03-05 09:10:59');
INSERT INTO `sys_oper_log` VALUES (244, '代码生成', 2, 'com.ruoyi.generator.controller.GenController.synchDb()', 'GET', 1, 'admin', NULL, '/tool/gen/synchDb/asset_purchase', '127.0.0.1', '内网IP', '{tableName=asset_purchase}', '{\"msg\":\"操作成功\",\"code\":200}', 0, NULL, '2021-03-05 09:11:01');
INSERT INTO `sys_oper_log` VALUES (245, '代码生成', 2, 'com.ruoyi.generator.controller.GenController.synchDb()', 'GET', 1, 'admin', NULL, '/tool/gen/synchDb/asset_use', '127.0.0.1', '内网IP', '{tableName=asset_use}', '{\"msg\":\"操作成功\",\"code\":200}', 0, NULL, '2021-03-05 09:11:03');
INSERT INTO `sys_oper_log` VALUES (246, '代码生成', 2, 'com.ruoyi.generator.controller.GenController.editSave()', 'PUT', 1, 'admin', NULL, '/tool/gen', '127.0.0.1', '内网IP', '{\"sub\":false,\"functionAuthor\":\"yepanpan\",\"columns\":[{\"capJavaField\":\"Id\",\"usableColumn\":false,\"columnId\":110,\"isIncrement\":\"1\",\"increment\":true,\"insert\":true,\"dictType\":\"\",\"required\":false,\"superColumn\":false,\"updateBy\":\"\",\"isInsert\":\"1\",\"javaField\":\"id\",\"htmlType\":\"input\",\"edit\":false,\"query\":false,\"columnComment\":\"自增长主键ID\",\"updateTime\":1614861128000,\"sort\":1,\"list\":false,\"params\":{},\"javaType\":\"Long\",\"queryType\":\"EQ\",\"columnType\":\"int(11)\",\"createBy\":\"admin\",\"isPk\":\"1\",\"createTime\":1614860508000,\"tableId\":11,\"pk\":true,\"columnName\":\"id\"},{\"capJavaField\":\"CateId\",\"usableColumn\":false,\"columnId\":111,\"isIncrement\":\"0\",\"increment\":false,\"insert\":true,\"isList\":\"1\",\"dictType\":\"\",\"required\":true,\"superColumn\":false,\"updateBy\":\"\",\"isInsert\":\"1\",\"isRequired\":\"1\",\"javaField\":\"cateId\",\"htmlType\":\"input\",\"edit\":true,\"query\":true,\"columnComment\":\"资产分类\",\"isQuery\":\"1\",\"updateTime\":1614861128000,\"sort\":2,\"list\":true,\"params\":{},\"javaType\":\"Long\",\"queryType\":\"EQ\",\"columnType\":\"int(11)\",\"createBy\":\"admin\",\"isPk\":\"0\",\"createTime\":1614860508000,\"isEdit\":\"1\",\"tableId\":11,\"pk\":false,\"columnName\":\"cate_id\"},{\"capJavaField\":\"Name\",\"usableColumn\":false,\"columnId\":112,\"isIncrement\":\"0\",\"increment\":false,\"insert\":true,\"isList\":\"1\",\"dictType\":\"\",\"required\":true,\"superColumn\":false,\"updateBy\":\"\",\"isInsert\":\"1\",\"isRequired\":\"1\",\"javaField\":\"name\",\"htmlType\":\"input\",\"edit\":true,\"query\":true,\"columnComment\":\"产品名称\",\"isQuery\":\"1\",\"updateTime\":1614861128000,\"sort\":3,\"list\":true,\"params\":{},\"javaType\":\"String\",\"queryType\":\"LIKE\",\"columnType\":\"varchar(200)\",\"createBy\":\"admin\",\"isPk\":\"0\",\"createTime\":1614860508000,\"isEdit\":\"1\",\"tableId\":11,\"pk\":false,\"columnName\":\"name\"},{\"capJavaField\":\"Param\",\"usableColumn\":false,\"columnId\":209,\"isIncrement\":\"0\",\"increment\":false,\"insert\":true,\"dictType\":\"\",\"required\":true,\"superColumn\":false,\"updateBy\":\"\",\"isInsert\":\"1\",\"isRequired\":\"1\",\"javaField\":\"param\",\"htmlType\":\"textarea\",\"edit\":true,\"query\":false,\"columnComment\":\"参数\",\"sort\":4,\"list\":false,\"params\":{},\"javaTyp', '{\"msg\":\"操作成功\",\"code\":200}', 0, NULL, '2021-03-05 09:11:14');
INSERT INTO `sys_oper_log` VALUES (247, '代码生成', 2, 'com.ruoyi.generator.controller.GenController.editSave()', 'PUT', 1, 'admin', NULL, '/tool/gen', '127.0.0.1', '内网IP', '{\"sub\":false,\"functionAuthor\":\"yepanpan\",\"columns\":[{\"capJavaField\":\"Id\",\"usableColumn\":false,\"columnId\":141,\"isIncrement\":\"1\",\"increment\":true,\"insert\":true,\"dictType\":\"\",\"required\":false,\"superColumn\":false,\"updateBy\":\"\",\"isInsert\":\"1\",\"javaField\":\"id\",\"htmlType\":\"input\",\"edit\":false,\"query\":false,\"columnComment\":\"自增长主键ID\",\"updateTime\":1614905933000,\"sort\":1,\"list\":false,\"params\":{},\"javaType\":\"Long\",\"queryType\":\"EQ\",\"columnType\":\"int(11)\",\"createBy\":\"admin\",\"isPk\":\"1\",\"createTime\":1614860508000,\"tableId\":13,\"pk\":true,\"columnName\":\"id\"},{\"capJavaField\":\"CateId\",\"usableColumn\":false,\"columnId\":142,\"isIncrement\":\"0\",\"increment\":false,\"insert\":true,\"isList\":\"1\",\"dictType\":\"\",\"required\":true,\"superColumn\":false,\"updateBy\":\"\",\"isInsert\":\"1\",\"isRequired\":\"1\",\"javaField\":\"cateId\",\"htmlType\":\"input\",\"edit\":true,\"query\":true,\"columnComment\":\"资产分类\",\"isQuery\":\"1\",\"updateTime\":1614905933000,\"sort\":2,\"list\":true,\"params\":{},\"javaType\":\"Long\",\"queryType\":\"EQ\",\"columnType\":\"int(11)\",\"createBy\":\"admin\",\"isPk\":\"0\",\"createTime\":1614860508000,\"isEdit\":\"1\",\"tableId\":13,\"pk\":false,\"columnName\":\"cate_id\"},{\"capJavaField\":\"Name\",\"usableColumn\":false,\"columnId\":143,\"isIncrement\":\"0\",\"increment\":false,\"insert\":true,\"isList\":\"1\",\"dictType\":\"\",\"required\":true,\"superColumn\":false,\"updateBy\":\"\",\"isInsert\":\"1\",\"isRequired\":\"1\",\"javaField\":\"name\",\"htmlType\":\"input\",\"edit\":true,\"query\":true,\"columnComment\":\"产品名称\",\"isQuery\":\"1\",\"updateTime\":1614905933000,\"sort\":3,\"list\":true,\"params\":{},\"javaType\":\"String\",\"queryType\":\"LIKE\",\"columnType\":\"varchar(200)\",\"createBy\":\"admin\",\"isPk\":\"0\",\"createTime\":1614860508000,\"isEdit\":\"1\",\"tableId\":13,\"pk\":false,\"columnName\":\"name\"},{\"capJavaField\":\"Param\",\"usableColumn\":false,\"columnId\":210,\"isIncrement\":\"0\",\"increment\":false,\"insert\":true,\"dictType\":\"\",\"required\":true,\"superColumn\":false,\"updateBy\":\"\",\"isInsert\":\"1\",\"isRequired\":\"1\",\"javaField\":\"param\",\"htmlType\":\"textarea\",\"edit\":true,\"query\":false,\"columnComment\":\"参数要求\",\"sort\":4,\"list\":false,\"params\":{},\"javaT', '{\"msg\":\"操作成功\",\"code\":200}', 0, NULL, '2021-03-05 09:11:35');
INSERT INTO `sys_oper_log` VALUES (248, '代码生成', 2, 'com.ruoyi.generator.controller.GenController.editSave()', 'PUT', 1, 'admin', NULL, '/tool/gen', '127.0.0.1', '内网IP', '{\"sub\":false,\"functionAuthor\":\"yepanpan\",\"columns\":[{\"capJavaField\":\"Id\",\"usableColumn\":false,\"columnId\":179,\"isIncrement\":\"1\",\"increment\":true,\"insert\":true,\"dictType\":\"\",\"required\":false,\"superColumn\":false,\"updateBy\":\"\",\"isInsert\":\"1\",\"javaField\":\"id\",\"htmlType\":\"input\",\"edit\":false,\"query\":false,\"columnComment\":\"自增长主键ID\",\"updateTime\":1614905915000,\"sort\":1,\"list\":false,\"params\":{},\"javaType\":\"Long\",\"queryType\":\"EQ\",\"columnType\":\"int(11)\",\"createBy\":\"admin\",\"isPk\":\"1\",\"createTime\":1614860508000,\"tableId\":15,\"pk\":true,\"columnName\":\"id\"},{\"capJavaField\":\"CateId\",\"usableColumn\":false,\"columnId\":180,\"isIncrement\":\"0\",\"increment\":false,\"insert\":true,\"isList\":\"1\",\"dictType\":\"\",\"required\":true,\"superColumn\":false,\"updateBy\":\"\",\"isInsert\":\"1\",\"isRequired\":\"1\",\"javaField\":\"cateId\",\"htmlType\":\"input\",\"edit\":true,\"query\":true,\"columnComment\":\"资产分类\",\"isQuery\":\"1\",\"updateTime\":1614905915000,\"sort\":2,\"list\":true,\"params\":{},\"javaType\":\"Long\",\"queryType\":\"EQ\",\"columnType\":\"int(11)\",\"createBy\":\"admin\",\"isPk\":\"0\",\"createTime\":1614860508000,\"isEdit\":\"1\",\"tableId\":15,\"pk\":false,\"columnName\":\"cate_id\"},{\"capJavaField\":\"Param\",\"usableColumn\":false,\"columnId\":211,\"isIncrement\":\"0\",\"increment\":false,\"insert\":true,\"dictType\":\"\",\"required\":true,\"superColumn\":false,\"updateBy\":\"\",\"isInsert\":\"1\",\"isRequired\":\"1\",\"javaField\":\"param\",\"htmlType\":\"textarea\",\"edit\":true,\"query\":false,\"columnComment\":\"参数要求\",\"sort\":3,\"list\":false,\"params\":{},\"javaType\":\"String\",\"queryType\":\"EQ\",\"columnType\":\"text\",\"createBy\":\"\",\"isPk\":\"0\",\"createTime\":1614906663000,\"isEdit\":\"1\",\"tableId\":15,\"pk\":false,\"columnName\":\"param\"},{\"capJavaField\":\"Reason\",\"usableColumn\":false,\"columnId\":182,\"isIncrement\":\"0\",\"increment\":false,\"insert\":true,\"dictType\":\"\",\"required\":true,\"superColumn\":false,\"updateBy\":\"\",\"isInsert\":\"1\",\"isRequired\":\"1\",\"javaField\":\"reason\",\"htmlType\":\"input\",\"edit\":true,\"query\":false,\"columnComment\":\"申请原由\",\"updateTime\":1614905915000,\"sort\":4,\"list\":false,\"params\":{},\"javaType\":\"String\",\"queryType\":\"EQ\",\"col', '{\"msg\":\"操作成功\",\"code\":200}', 0, NULL, '2021-03-05 09:11:57');
INSERT INTO `sys_oper_log` VALUES (249, '代码生成', 8, 'com.ruoyi.generator.controller.GenController.batchGenCode()', 'GET', 1, 'admin', NULL, '/tool/gen/batchGenCode', '127.0.0.1', '内网IP', '{}', 'null', 0, NULL, '2021-03-05 09:12:20');
INSERT INTO `sys_oper_log` VALUES (250, '消息', 2, 'com.ruoyi.sys.controller.SysMsgController.read()', 'GET', 1, 'admin', NULL, '/sys/msg/read/1,3,4,6,11,12', '127.0.0.1', '内网IP', '{ids=1,3,4,6,11,12}', 'null', 1, '\r\n### Error updating database.  Cause: java.sql.SQLSyntaxErrorException: Table \'java_assets.oa_msg\' doesn\'t exist\r\n### The error may exist in file [D:\\work-assets\\assets\\ext\\target\\classes\\mapper\\sys\\SysMsgMapper.xml]\r\n### The error may involve com.ruoyi.sys.mapper.SysMsgMapper.readMsgByIds-Inline\r\n### The error occurred while setting parameters\r\n### SQL: update oa_msg set read_time=now() where read_time is null and id in           (               ?          ,              ?          ,              ?          ,              ?          ,              ?          ,              ?          )\r\n### Cause: java.sql.SQLSyntaxErrorException: Table \'java_assets.oa_msg\' doesn\'t exist\n; bad SQL grammar []; nested exception is java.sql.SQLSyntaxErrorException: Table \'java_assets.oa_msg\' doesn\'t exist', '2021-03-05 09:41:33');
INSERT INTO `sys_oper_log` VALUES (251, '消息', 2, 'com.ruoyi.sys.controller.SysMsgController.read()', 'GET', 1, 'admin', NULL, '/sys/msg/read/1,3,4,6,11,12', '127.0.0.1', '内网IP', '{ids=1,3,4,6,11,12}', '{\"msg\":\"操作成功\",\"code\":200}', 0, NULL, '2021-03-05 09:42:19');
INSERT INTO `sys_oper_log` VALUES (252, '字典数据', 2, 'com.ruoyi.web.controller.system.SysDictDataController.edit()', 'PUT', 1, 'admin', NULL, '/system/dict/data', '127.0.0.1', '内网IP', '{\"dictValue\":\"2\",\"dictSort\":2,\"params\":{},\"dictType\":\"cate_type\",\"dictLabel\":\"基本耗材\",\"createBy\":\"admin\",\"default\":false,\"isDefault\":\"N\",\"createTime\":1614860880000,\"dictCode\":119,\"updateBy\":\"admin\",\"status\":\"0\"}', '{\"msg\":\"操作成功\",\"code\":200}', 0, NULL, '2021-03-05 09:45:27');
INSERT INTO `sys_oper_log` VALUES (253, '资产分类', 1, 'com.ruoyi.asset.controller.AssetCategoryController.add()', 'POST', 1, 'admin', NULL, '/asset/category', '127.0.0.1', '内网IP', '{\"listSort\":1,\"pid\":0,\"params\":{},\"title\":\"电子类\",\"type\":\"1\",\"children\":[],\"id\":1,\"status\":\"1\"}', '{\"msg\":\"操作成功\",\"code\":200}', 0, NULL, '2021-03-05 09:47:24');
INSERT INTO `sys_oper_log` VALUES (254, '资产分类', 1, 'com.ruoyi.asset.controller.AssetCategoryController.add()', 'POST', 1, 'admin', NULL, '/asset/category', '127.0.0.1', '内网IP', '{\"listSort\":2,\"pid\":0,\"params\":{},\"title\":\"办公类\",\"type\":\"1\",\"children\":[],\"id\":2,\"status\":\"1\"}', '{\"msg\":\"操作成功\",\"code\":200}', 0, NULL, '2021-03-05 09:47:41');
INSERT INTO `sys_oper_log` VALUES (255, '资产分类', 1, 'com.ruoyi.asset.controller.AssetCategoryController.add()', 'POST', 1, 'admin', NULL, '/asset/category', '127.0.0.1', '内网IP', '{\"pid\":0,\"params\":{},\"title\":\"耗材类\",\"type\":\"1\",\"children\":[],\"id\":3,\"status\":\"1\"}', '{\"msg\":\"操作成功\",\"code\":200}', 0, NULL, '2021-03-05 09:47:49');
INSERT INTO `sys_oper_log` VALUES (256, '资产分类', 1, 'com.ruoyi.asset.controller.AssetCategoryController.add()', 'POST', 1, 'admin', NULL, '/asset/category', '127.0.0.1', '内网IP', '{\"listSort\":3,\"pid\":0,\"params\":{},\"title\":\"交通类\",\"type\":\"1\",\"children\":[],\"id\":4,\"status\":\"1\"}', '{\"msg\":\"操作成功\",\"code\":200}', 0, NULL, '2021-03-05 09:48:01');
INSERT INTO `sys_oper_log` VALUES (257, '资产分类', 1, 'com.ruoyi.asset.controller.AssetCategoryController.add()', 'POST', 1, 'admin', NULL, '/asset/category', '127.0.0.1', '内网IP', '{\"listSort\":4,\"pid\":0,\"params\":{},\"title\":\"资质荣耀\",\"type\":\"3\",\"children\":[],\"id\":5,\"status\":\"1\"}', '{\"msg\":\"操作成功\",\"code\":200}', 0, NULL, '2021-03-05 09:48:13');
INSERT INTO `sys_oper_log` VALUES (258, '资产分类', 2, 'com.ruoyi.asset.controller.AssetCategoryController.edit()', 'PUT', 1, 'admin', NULL, '/asset/category', '127.0.0.1', '内网IP', '{\"listSort\":9,\"pid\":0,\"params\":{},\"title\":\"耗材类\",\"type\":\"2\",\"children\":[],\"id\":3,\"status\":\"1\"}', '{\"msg\":\"操作成功\",\"code\":200}', 0, NULL, '2021-03-05 09:48:23');
INSERT INTO `sys_oper_log` VALUES (259, '资产分类', 1, 'com.ruoyi.asset.controller.AssetCategoryController.add()', 'POST', 1, 'admin', NULL, '/asset/category', '127.0.0.1', '内网IP', '{\"listSort\":1,\"pid\":1,\"params\":{},\"title\":\"笔记本\",\"type\":\"1\",\"children\":[],\"id\":6,\"status\":\"1\"}', '{\"msg\":\"操作成功\",\"code\":200}', 0, NULL, '2021-03-05 09:48:50');
INSERT INTO `sys_oper_log` VALUES (260, '资产分类', 1, 'com.ruoyi.asset.controller.AssetCategoryController.add()', 'POST', 1, 'admin', NULL, '/asset/category', '127.0.0.1', '内网IP', '{\"listSort\":2,\"pid\":1,\"params\":{},\"title\":\"台式机\",\"type\":\"1\",\"children\":[],\"id\":7,\"status\":\"1\"}', '{\"msg\":\"操作成功\",\"code\":200}', 0, NULL, '2021-03-05 09:49:03');
INSERT INTO `sys_oper_log` VALUES (261, '资产分类', 1, 'com.ruoyi.asset.controller.AssetCategoryController.add()', 'POST', 1, 'admin', NULL, '/asset/category', '127.0.0.1', '内网IP', '{\"listSort\":3,\"pid\":1,\"params\":{},\"title\":\"打印机\",\"type\":\"1\",\"children\":[],\"id\":8,\"status\":\"1\"}', '{\"msg\":\"操作成功\",\"code\":200}', 0, NULL, '2021-03-05 09:49:24');
INSERT INTO `sys_oper_log` VALUES (262, '资产分类', 2, 'com.ruoyi.asset.controller.AssetCategoryController.edit()', 'PUT', 1, 'admin', NULL, '/asset/category', '127.0.0.1', '内网IP', '{\"listSort\":3,\"pid\":2,\"params\":{},\"title\":\"打印机\",\"type\":\"1\",\"children\":[],\"id\":8,\"status\":\"1\"}', '{\"msg\":\"操作成功\",\"code\":200}', 0, NULL, '2021-03-05 09:49:47');
INSERT INTO `sys_oper_log` VALUES (263, '资产分类', 1, 'com.ruoyi.asset.controller.AssetCategoryController.add()', 'POST', 1, 'admin', NULL, '/asset/category', '127.0.0.1', '内网IP', '{\"listSort\":3,\"pid\":1,\"params\":{},\"title\":\"路由器\",\"type\":\"1\",\"children\":[],\"id\":9,\"status\":\"1\"}', '{\"msg\":\"操作成功\",\"code\":200}', 0, NULL, '2021-03-05 09:49:58');
INSERT INTO `sys_oper_log` VALUES (264, '资产分类', 1, 'com.ruoyi.asset.controller.AssetCategoryController.add()', 'POST', 1, 'admin', NULL, '/asset/category', '127.0.0.1', '内网IP', '{\"pid\":2,\"params\":{},\"title\":\"笔记本\",\"type\":\"2\",\"children\":[],\"id\":10,\"status\":\"1\"}', '{\"msg\":\"操作成功\",\"code\":200}', 0, NULL, '2021-03-05 09:50:22');
INSERT INTO `sys_oper_log` VALUES (265, '资产分类', 2, 'com.ruoyi.asset.controller.AssetCategoryController.edit()', 'PUT', 1, 'admin', NULL, '/asset/category', '127.0.0.1', '内网IP', '{\"listSort\":1,\"pid\":1,\"params\":{},\"title\":\"笔记本电脑\",\"type\":\"1\",\"children\":[],\"id\":6,\"status\":\"1\"}', '{\"msg\":\"操作成功\",\"code\":200}', 0, NULL, '2021-03-05 09:50:28');
INSERT INTO `sys_oper_log` VALUES (266, '资产分类', 1, 'com.ruoyi.asset.controller.AssetCategoryController.add()', 'POST', 1, 'admin', NULL, '/asset/category', '127.0.0.1', '内网IP', '{\"listSort\":1,\"pid\":3,\"params\":{},\"title\":\"圆珠笔\",\"type\":\"2\",\"children\":[],\"id\":11,\"status\":\"1\"}', '{\"msg\":\"操作成功\",\"code\":200}', 0, NULL, '2021-03-05 09:50:59');
INSERT INTO `sys_oper_log` VALUES (267, '资产分类', 1, 'com.ruoyi.asset.controller.AssetCategoryController.add()', 'POST', 1, 'admin', NULL, '/asset/category', '127.0.0.1', '内网IP', '{\"listSort\":2,\"pid\":4,\"params\":{},\"title\":\"轿车\",\"type\":\"1\",\"children\":[],\"id\":12,\"status\":\"1\"}', '{\"msg\":\"操作成功\",\"code\":200}', 0, NULL, '2021-03-05 09:51:20');
INSERT INTO `sys_oper_log` VALUES (268, '资产分类', 1, 'com.ruoyi.asset.controller.AssetCategoryController.add()', 'POST', 1, 'admin', NULL, '/asset/category', '127.0.0.1', '内网IP', '{\"listSort\":1,\"pid\":5,\"params\":{},\"title\":\"发名专利\",\"type\":\"3\",\"children\":[],\"id\":13,\"status\":\"1\"}', '{\"msg\":\"操作成功\",\"code\":200}', 0, NULL, '2021-03-05 09:51:37');
INSERT INTO `sys_oper_log` VALUES (269, '资产分类', 1, 'com.ruoyi.asset.controller.AssetCategoryController.add()', 'POST', 1, 'admin', NULL, '/asset/category', '127.0.0.1', '内网IP', '{\"listSort\":2,\"pid\":5,\"params\":{},\"title\":\"著作权\",\"type\":\"1\",\"children\":[],\"id\":14,\"status\":\"1\"}', '{\"msg\":\"操作成功\",\"code\":200}', 0, NULL, '2021-03-05 09:51:57');
INSERT INTO `sys_oper_log` VALUES (270, '菜单管理', 1, 'com.ruoyi.web.controller.system.SysMenuController.add()', 'POST', 1, 'admin', NULL, '/system/menu', '127.0.0.1', '内网IP', '{\"visible\":\"0\",\"icon\":\"shopping\",\"orderNum\":\"1\",\"menuName\":\"采购申请\",\"params\":{},\"parentId\":2039,\"isCache\":\"0\",\"path\":\"asset/purchase/my\",\"component\":\"asset/purchase/my\",\"createBy\":\"admin\",\"children\":[],\"isFrame\":\"1\",\"menuType\":\"C\",\"perms\":\"asset:purchase:my\",\"status\":\"0\"}', '{\"msg\":\"操作成功\",\"code\":200}', 0, NULL, '2021-03-05 09:54:20');
INSERT INTO `sys_oper_log` VALUES (271, '菜单管理', 1, 'com.ruoyi.web.controller.system.SysMenuController.add()', 'POST', 1, 'admin', NULL, '/system/menu', '127.0.0.1', '内网IP', '{\"visible\":\"0\",\"orderNum\":\"1\",\"menuName\":\"新增\",\"params\":{},\"parentId\":2103,\"isCache\":\"0\",\"createBy\":\"admin\",\"children\":[],\"isFrame\":\"1\",\"menuType\":\"F\",\"perms\":\"asset:purchase:add\",\"status\":\"0\"}', '{\"msg\":\"操作成功\",\"code\":200}', 0, NULL, '2021-03-05 09:54:50');
INSERT INTO `sys_oper_log` VALUES (272, '菜单管理', 1, 'com.ruoyi.web.controller.system.SysMenuController.add()', 'POST', 1, 'admin', NULL, '/system/menu', '127.0.0.1', '内网IP', '{\"visible\":\"0\",\"orderNum\":\"2\",\"menuName\":\"编辑信息\",\"params\":{},\"parentId\":2103,\"isCache\":\"0\",\"createBy\":\"admin\",\"children\":[],\"isFrame\":\"1\",\"menuType\":\"F\",\"perms\":\"asset:purchase:edit\",\"status\":\"0\"}', '{\"msg\":\"操作成功\",\"code\":200}', 0, NULL, '2021-03-05 09:55:05');
INSERT INTO `sys_oper_log` VALUES (273, '菜单管理', 1, 'com.ruoyi.web.controller.system.SysMenuController.add()', 'POST', 1, 'admin', NULL, '/system/menu', '127.0.0.1', '内网IP', '{\"visible\":\"0\",\"orderNum\":\"3\",\"menuName\":\"删除\",\"params\":{},\"parentId\":2103,\"isCache\":\"0\",\"createBy\":\"admin\",\"children\":[],\"isFrame\":\"1\",\"menuType\":\"F\",\"perms\":\"asset:purchase:delete\",\"status\":\"0\"}', '{\"msg\":\"操作成功\",\"code\":200}', 0, NULL, '2021-03-05 09:55:17');
INSERT INTO `sys_oper_log` VALUES (274, '菜单管理', 1, 'com.ruoyi.web.controller.system.SysMenuController.add()', 'POST', 1, 'admin', NULL, '/system/menu', '127.0.0.1', '内网IP', '{\"visible\":\"0\",\"orderNum\":\"3\",\"menuName\":\"查询信息\",\"params\":{},\"parentId\":2103,\"isCache\":\"0\",\"createBy\":\"admin\",\"children\":[],\"isFrame\":\"1\",\"menuType\":\"F\",\"perms\":\"asset:purchase:query\",\"status\":\"0\"}', '{\"msg\":\"操作成功\",\"code\":200}', 0, NULL, '2021-03-05 09:55:49');
INSERT INTO `sys_oper_log` VALUES (275, '菜单管理', 2, 'com.ruoyi.web.controller.system.SysMenuController.edit()', 'PUT', 1, 'admin', NULL, '/system/menu', '127.0.0.1', '内网IP', '{\"visible\":\"0\",\"icon\":\"#\",\"orderNum\":\"1\",\"menuName\":\"采购管理\",\"params\":{},\"parentId\":2042,\"isCache\":\"0\",\"path\":\"purchase\",\"component\":\"asset/purchase/index\",\"children\":[],\"createTime\":1614906076000,\"updateBy\":\"admin\",\"isFrame\":\"1\",\"menuId\":2061,\"menuType\":\"C\",\"perms\":\"asset:purchase:list\",\"status\":\"0\"}', '{\"msg\":\"操作成功\",\"code\":200}', 0, NULL, '2021-03-05 09:56:04');
INSERT INTO `sys_oper_log` VALUES (276, '采购申请', 1, 'com.ruoyi.asset.controller.AssetPurchaseController.add()', 'POST', 1, 'admin', NULL, '/asset/purchase', '127.0.0.1', '内网IP', '{\"reason\":\"开发使用\",\"checkStatus\":\"0\",\"param\":\"I5 8G 500SSD\",\"amount\":1,\"params\":{},\"createBy\":\"admin\",\"createTime\":1614909865870,\"cateId\":6,\"name\":\"开发电脑\"}', 'null', 1, '\r\n### Error updating database.  Cause: java.sql.SQLException: Field \'update_by\' doesn\'t have a default value\r\n### The error may exist in file [D:\\work-assets\\assets\\asset\\target\\classes\\mapper\\asset\\AssetPurchaseMapper.xml]\r\n### The error may involve com.ruoyi.asset.mapper.AssetPurchaseMapper.insertAssetPurchase-Inline\r\n### The error occurred while setting parameters\r\n### SQL: insert into asset_purchase          ( cate_id,             name,             param,                                       amount,                                       reason,                                       check_status,                                       create_by,                                                    create_time )           values ( ?,             ?,             ?,                                       ?,                                       ?,                                       ?,                                       ?,                                                    ? )\r\n### Cause: java.sql.SQLException: Field \'update_by\' doesn\'t have a default value\n; Field \'update_by\' doesn\'t have a default value; nested exception is java.sql.SQLException: Field \'update_by\' doesn\'t have a default value', '2021-03-05 10:04:25');
INSERT INTO `sys_oper_log` VALUES (277, '采购申请', 1, 'com.ruoyi.asset.controller.AssetPurchaseController.add()', 'POST', 1, 'admin', NULL, '/asset/purchase', '127.0.0.1', '内网IP', '{\"reason\":\"开发使用\",\"checkStatus\":\"0\",\"param\":\"I5 8G 500SSD\",\"id\":1,\"amount\":1,\"params\":{},\"createBy\":\"admin\",\"createTime\":1614909898550,\"cateId\":6,\"name\":\"开发电脑\"}', '{\"msg\":\"操作成功\",\"code\":200}', 0, NULL, '2021-03-05 10:04:58');
INSERT INTO `sys_oper_log` VALUES (278, '代码生成', 8, 'com.ruoyi.generator.controller.GenController.batchGenCode()', 'GET', 1, 'admin', NULL, '/tool/gen/batchGenCode', '127.0.0.1', '内网IP', '{}', 'null', 0, NULL, '2021-03-05 10:13:43');
INSERT INTO `sys_oper_log` VALUES (279, '菜单管理', 2, 'com.ruoyi.web.controller.system.SysMenuController.edit()', 'PUT', 1, 'admin', NULL, '/system/menu', '127.0.0.1', '内网IP', '{\"visible\":\"0\",\"icon\":\"shopping\",\"orderNum\":\"1\",\"menuName\":\"采购管理\",\"params\":{},\"parentId\":2042,\"isCache\":\"0\",\"path\":\"purchase\",\"component\":\"asset/purchase/index\",\"children\":[],\"createTime\":1614906076000,\"updateBy\":\"admin\",\"isFrame\":\"1\",\"menuId\":2061,\"menuType\":\"C\",\"perms\":\"asset:purchase:list\",\"status\":\"0\"}', '{\"msg\":\"操作成功\",\"code\":200}', 0, NULL, '2021-03-05 10:17:32');
INSERT INTO `sys_oper_log` VALUES (280, '菜单管理', 1, 'com.ruoyi.web.controller.system.SysMenuController.add()', 'POST', 1, 'admin', NULL, '/system/menu', '127.0.0.1', '内网IP', '{\"visible\":\"0\",\"orderNum\":\"5\",\"menuName\":\"审核\",\"params\":{},\"parentId\":2061,\"isCache\":\"0\",\"createBy\":\"admin\",\"children\":[],\"isFrame\":\"1\",\"menuType\":\"F\",\"perms\":\"asset:purchase:check\",\"status\":\"0\"}', '{\"msg\":\"操作成功\",\"code\":200}', 0, NULL, '2021-03-05 11:06:27');
INSERT INTO `sys_oper_log` VALUES (281, '采购申请', 2, 'com.ruoyi.asset.controller.AssetPurchaseController.edit()', 'PUT', 1, 'admin', NULL, '/asset/purchase', '127.0.0.1', '内网IP', '{\"reason\":\"开发使用\",\"applyUser\":{\"admin\":true,\"nickName\":\"超级管理员\",\"params\":{},\"userId\":1},\"checkStatus\":\"1\",\"param\":\"I5 8G 500SSD\",\"updateBy\":\"admin\",\"id\":1,\"cate\":{\"params\":{},\"title\":\"笔记本电脑\",\"children\":[],\"id\":6},\"amount\":1,\"finishTime\":1615824000000,\"updateTime\":1614913841627,\"params\":{},\"masterUserId\":1,\"createBy\":\"admin\",\"createTime\":1614909899000,\"cateId\":6,\"name\":\"开发电脑\",\"isComplete\":\"N\"}', '{\"msg\":\"操作成功\",\"code\":200}', 0, NULL, '2021-03-05 11:10:41');
INSERT INTO `sys_oper_log` VALUES (282, '菜单管理', 1, 'com.ruoyi.web.controller.system.SysMenuController.add()', 'POST', 1, 'admin', NULL, '/system/menu', '127.0.0.1', '内网IP', '{\"visible\":\"0\",\"icon\":\"tool\",\"orderNum\":\"3\",\"menuName\":\"采购任务\",\"params\":{},\"parentId\":2039,\"isCache\":\"0\",\"path\":\"asset/purchase/task\",\"component\":\"asset/purchase/task\",\"createBy\":\"admin\",\"children\":[],\"isFrame\":\"1\",\"menuType\":\"C\",\"perms\":\"asset:purchase:task\",\"status\":\"0\"}', '{\"msg\":\"操作成功\",\"code\":200}', 0, NULL, '2021-03-05 11:39:47');
INSERT INTO `sys_oper_log` VALUES (283, '菜单管理', 1, 'com.ruoyi.web.controller.system.SysMenuController.add()', 'POST', 1, 'admin', NULL, '/system/menu', '127.0.0.1', '内网IP', '{\"visible\":\"0\",\"orderNum\":\"1\",\"menuName\":\"查询\",\"params\":{},\"parentId\":2109,\"isCache\":\"0\",\"createBy\":\"admin\",\"children\":[],\"isFrame\":\"1\",\"menuType\":\"F\",\"perms\":\"asset:purchase:query\",\"status\":\"0\"}', '{\"msg\":\"操作成功\",\"code\":200}', 0, NULL, '2021-03-05 11:40:14');
INSERT INTO `sys_oper_log` VALUES (284, '菜单管理', 1, 'com.ruoyi.web.controller.system.SysMenuController.add()', 'POST', 1, 'admin', NULL, '/system/menu', '127.0.0.1', '内网IP', '{\"visible\":\"0\",\"orderNum\":\"2\",\"menuName\":\"编辑\",\"params\":{},\"parentId\":2109,\"isCache\":\"0\",\"createBy\":\"admin\",\"children\":[],\"isFrame\":\"1\",\"menuType\":\"F\",\"perms\":\"asset:purchase:edit\",\"status\":\"0\"}', '{\"msg\":\"操作成功\",\"code\":200}', 0, NULL, '2021-03-05 11:40:51');
INSERT INTO `sys_oper_log` VALUES (285, '采购申请', 2, 'com.ruoyi.asset.controller.AssetPurchaseController.edit()', 'PUT', 1, 'admin', NULL, '/asset/purchase', '127.0.0.1', '内网IP', '{\"reason\":\"开发使用\",\"applyUser\":{\"admin\":true,\"nickName\":\"超级管理员\",\"params\":{},\"userId\":1},\"checkStatus\":\"1\",\"param\":\"I5 8G 500SSD\",\"updateBy\":\"admin\",\"id\":1,\"cate\":{\"params\":{},\"title\":\"笔记本电脑\",\"children\":[],\"id\":6},\"amount\":1,\"finishTime\":1615824000000,\"updateTime\":1614915978323,\"params\":{},\"masterUserId\":1,\"createBy\":\"admin\",\"createTime\":1614909899000,\"cateId\":6,\"masterUser\":{\"admin\":true,\"nickName\":\"超级管理员\",\"params\":{},\"userId\":1},\"name\":\"开发电脑\",\"isComplete\":\"N\"}', '{\"msg\":\"操作成功\",\"code\":200}', 0, NULL, '2021-03-05 11:46:18');
INSERT INTO `sys_oper_log` VALUES (286, '采购申请', 2, 'com.ruoyi.asset.controller.AssetPurchaseController.edit()', 'PUT', 1, 'admin', NULL, '/asset/purchase', '127.0.0.1', '内网IP', '{\"reason\":\"开发使用\",\"applyUser\":{\"admin\":true,\"nickName\":\"超级管理员\",\"params\":{},\"userId\":1},\"checkStatus\":\"1\",\"param\":\"I5 8G 500SSD\",\"updateBy\":\"admin\",\"id\":1,\"cate\":{\"params\":{},\"title\":\"笔记本电脑\",\"children\":[],\"id\":6},\"amount\":1,\"finishTime\":1615824000000,\"updateTime\":1614915983277,\"params\":{},\"masterUserId\":1,\"createBy\":\"admin\",\"createTime\":1614909899000,\"cateId\":6,\"masterUser\":{\"admin\":true,\"nickName\":\"超级管理员\",\"params\":{},\"userId\":1},\"name\":\"开发电脑\",\"isComplete\":\"N\"}', '{\"msg\":\"操作成功\",\"code\":200}', 0, NULL, '2021-03-05 11:46:23');
INSERT INTO `sys_oper_log` VALUES (287, '采购申请', 2, 'com.ruoyi.asset.controller.AssetPurchaseController.edit()', 'PUT', 1, 'admin', NULL, '/asset/purchase', '127.0.0.1', '内网IP', '{\"reason\":\"开发使用\",\"applyUser\":{\"admin\":true,\"nickName\":\"超级管理员\",\"params\":{},\"userId\":1},\"checkStatus\":\"1\",\"param\":\"I5 8G 500SSD\",\"updateBy\":\"admin\",\"id\":1,\"cate\":{\"params\":{},\"title\":\"笔记本电脑\",\"children\":[],\"id\":6},\"amount\":1,\"finishTime\":1615824000000,\"updateTime\":1614916022411,\"params\":{},\"masterUserId\":1,\"createBy\":\"admin\",\"createTime\":1614909899000,\"cateId\":6,\"masterUser\":{\"admin\":true,\"nickName\":\"超级管理员\",\"params\":{},\"userId\":1},\"name\":\"开发电脑\",\"isComplete\":\"N\"}', '{\"msg\":\"操作成功\",\"code\":200}', 0, NULL, '2021-03-05 11:47:02');
INSERT INTO `sys_oper_log` VALUES (288, '采购申请', 2, 'com.ruoyi.asset.controller.AssetPurchaseController.edit()', 'PUT', 1, 'admin', NULL, '/asset/purchase', '127.0.0.1', '内网IP', '{\"reason\":\"开发使用\",\"applyUser\":{\"admin\":true,\"nickName\":\"超级管理员\",\"params\":{},\"userId\":1},\"checkStatus\":\"1\",\"param\":\"I5 8G 500SSD\",\"updateBy\":\"admin\",\"id\":1,\"cate\":{\"params\":{},\"title\":\"笔记本电脑\",\"children\":[],\"id\":6},\"amount\":1,\"finishTime\":1615824000000,\"updateTime\":1614916098771,\"params\":{},\"masterUserId\":1,\"createBy\":\"admin\",\"createTime\":1614909899000,\"cateId\":6,\"masterUser\":{\"admin\":true,\"nickName\":\"超级管理员\",\"params\":{},\"userId\":1},\"name\":\"开发电脑\",\"isComplete\":\"N\"}', '{\"msg\":\"操作成功\",\"code\":200}', 0, NULL, '2021-03-05 11:48:18');
INSERT INTO `sys_oper_log` VALUES (289, '采购申请', 2, 'com.ruoyi.asset.controller.AssetPurchaseController.edit()', 'PUT', 1, 'admin', NULL, '/asset/purchase', '127.0.0.1', '内网IP', '{\"reason\":\"开发使用\",\"applyUser\":{\"admin\":true,\"nickName\":\"超级管理员\",\"params\":{},\"userId\":1},\"checkStatus\":\"1\",\"param\":\"I5 8G 500SSD\",\"updateBy\":\"admin\",\"id\":1,\"cate\":{\"params\":{},\"title\":\"笔记本电脑\",\"children\":[],\"id\":6},\"amount\":1,\"finishTime\":1615824000000,\"updateTime\":1614916112348,\"params\":{},\"masterUserId\":1,\"createBy\":\"admin\",\"createTime\":1614909899000,\"cateId\":6,\"masterUser\":{\"admin\":true,\"nickName\":\"超级管理员\",\"params\":{},\"userId\":1},\"name\":\"开发电脑\",\"isComplete\":\"N\"}', '{\"msg\":\"操作成功\",\"code\":200}', 0, NULL, '2021-03-05 11:48:32');
INSERT INTO `sys_oper_log` VALUES (290, '采购申请', 2, 'com.ruoyi.asset.controller.AssetPurchaseController.edit()', 'PUT', 1, 'admin', NULL, '/asset/purchase', '127.0.0.1', '内网IP', '{\"reason\":\"开发使用\",\"applyUser\":{\"admin\":true,\"nickName\":\"超级管理员\",\"params\":{},\"userId\":1},\"checkStatus\":\"1\",\"param\":\"I5 8G 500SSD\",\"updateBy\":\"admin\",\"id\":1,\"cate\":{\"params\":{},\"title\":\"笔记本电脑\",\"children\":[],\"id\":6},\"amount\":1,\"finishTime\":1615824000000,\"updateTime\":1614916172806,\"params\":{},\"masterUserId\":1,\"createBy\":\"admin\",\"createTime\":1614909899000,\"cateId\":6,\"masterUser\":{\"admin\":true,\"nickName\":\"超级管理员\",\"params\":{},\"userId\":1},\"name\":\"开发电脑\",\"isComplete\":\"N\"}', '{\"msg\":\"操作成功\",\"code\":200}', 0, NULL, '2021-03-05 11:49:32');
INSERT INTO `sys_oper_log` VALUES (291, '采购申请', 2, 'com.ruoyi.asset.controller.AssetPurchaseController.edit()', 'PUT', 1, 'admin', NULL, '/asset/purchase', '127.0.0.1', '内网IP', '{\"reason\":\"开发使用\",\"applyUser\":{\"admin\":true,\"nickName\":\"超级管理员\",\"params\":{},\"userId\":1},\"checkStatus\":\"1\",\"param\":\"I5 8G 500SSD\",\"updateBy\":\"admin\",\"id\":1,\"cate\":{\"params\":{},\"title\":\"笔记本电脑\",\"children\":[],\"id\":6},\"amount\":1,\"finishTime\":1615824000000,\"updateTime\":1614916195798,\"params\":{},\"masterUserId\":1,\"createBy\":\"admin\",\"createTime\":1614909899000,\"cateId\":6,\"masterUser\":{\"admin\":true,\"nickName\":\"超级管理员\",\"params\":{},\"userId\":1},\"name\":\"开发电脑\",\"isComplete\":\"N\"}', '{\"msg\":\"操作成功\",\"code\":200}', 0, NULL, '2021-03-05 11:49:55');
INSERT INTO `sys_oper_log` VALUES (292, '审核采购申请', 2, 'com.ruoyi.asset.controller.AssetPurchaseController.check()', 'PUT', 1, 'admin', NULL, '/asset/purchase/check', '127.0.0.1', '内网IP', '{\"reason\":\"开发使用\",\"applyUser\":{\"admin\":true,\"nickName\":\"超级管理员\",\"params\":{},\"userId\":1},\"checkStatus\":\"1\",\"param\":\"I5 8G 500SSD\",\"updateBy\":\"admin\",\"id\":1,\"cate\":{\"params\":{},\"title\":\"笔记本电脑\",\"children\":[],\"id\":6},\"amount\":1,\"finishTime\":1615824000000,\"updateTime\":1614916264100,\"params\":{},\"masterUserId\":1,\"createBy\":\"admin\",\"createTime\":1614909899000,\"cateId\":6,\"masterUser\":{\"admin\":true,\"nickName\":\"超级管理员\",\"params\":{},\"userId\":1},\"name\":\"开发电脑\",\"isComplete\":\"N\"}', '{\"msg\":\"操作成功\",\"code\":200}', 0, NULL, '2021-03-05 11:51:04');
INSERT INTO `sys_oper_log` VALUES (293, '审核采购申请', 2, 'com.ruoyi.asset.controller.AssetPurchaseController.check()', 'PUT', 1, 'admin', NULL, '/asset/purchase/check', '127.0.0.1', '内网IP', '{\"reason\":\"开发使用\",\"checkUserId\":1,\"applyUser\":{\"admin\":true,\"nickName\":\"超级管理员\",\"params\":{},\"userId\":1},\"checkStatus\":\"1\",\"param\":\"I5 8G 500SSD\",\"updateBy\":\"admin\",\"id\":1,\"cate\":{\"params\":{},\"title\":\"笔记本电脑\",\"children\":[],\"id\":6},\"amount\":1,\"finishTime\":1615824000000,\"updateTime\":1614916264000,\"params\":{},\"masterUserId\":1,\"createBy\":\"admin\",\"createTime\":1614909899000,\"cateId\":6,\"masterUser\":{\"admin\":true,\"nickName\":\"超级管理员\",\"params\":{},\"userId\":1},\"name\":\"开发电脑\",\"isComplete\":\"N\"}', '{\"msg\":\"操作成功\",\"code\":200}', 0, NULL, '2021-03-05 11:52:01');
INSERT INTO `sys_oper_log` VALUES (294, '代码生成', 6, 'com.ruoyi.generator.controller.GenController.importTableSave()', 'POST', 1, 'admin', NULL, '/tool/gen/importTable', '127.0.0.1', '内网IP', 'asset_entering', '{\"msg\":\"操作成功\",\"code\":200}', 0, NULL, '2021-03-05 15:52:03');
INSERT INTO `sys_oper_log` VALUES (295, '代码生成', 2, 'com.ruoyi.generator.controller.GenController.editSave()', 'PUT', 1, 'admin', NULL, '/tool/gen', '127.0.0.1', '内网IP', '{\"sub\":false,\"functionAuthor\":\"yepanpan\",\"columns\":[{\"capJavaField\":\"Id\",\"usableColumn\":false,\"columnId\":212,\"isIncrement\":\"1\",\"increment\":true,\"insert\":true,\"dictType\":\"\",\"required\":false,\"superColumn\":false,\"updateBy\":\"\",\"isInsert\":\"1\",\"javaField\":\"id\",\"htmlType\":\"input\",\"edit\":false,\"query\":false,\"columnComment\":\"自增长主键ID\",\"sort\":1,\"list\":false,\"params\":{},\"javaType\":\"Long\",\"queryType\":\"EQ\",\"columnType\":\"int(11)\",\"createBy\":\"admin\",\"isPk\":\"1\",\"createTime\":1614930723000,\"tableId\":17,\"pk\":true,\"columnName\":\"id\"},{\"capJavaField\":\"CateId\",\"usableColumn\":false,\"columnId\":213,\"isIncrement\":\"0\",\"increment\":false,\"insert\":true,\"isList\":\"1\",\"dictType\":\"\",\"required\":true,\"superColumn\":false,\"updateBy\":\"\",\"isInsert\":\"1\",\"isRequired\":\"1\",\"javaField\":\"cateId\",\"htmlType\":\"input\",\"edit\":true,\"query\":true,\"columnComment\":\"资产分类\",\"isQuery\":\"1\",\"sort\":2,\"list\":true,\"params\":{},\"javaType\":\"Long\",\"queryType\":\"EQ\",\"columnType\":\"int(11)\",\"createBy\":\"admin\",\"isPk\":\"0\",\"createTime\":1614930723000,\"isEdit\":\"1\",\"tableId\":17,\"pk\":false,\"columnName\":\"cate_id\"},{\"capJavaField\":\"PurchaseId\",\"usableColumn\":false,\"columnId\":214,\"isIncrement\":\"0\",\"increment\":false,\"insert\":true,\"isList\":\"1\",\"dictType\":\"\",\"required\":false,\"superColumn\":false,\"updateBy\":\"\",\"isInsert\":\"1\",\"javaField\":\"purchaseId\",\"htmlType\":\"input\",\"edit\":true,\"query\":true,\"columnComment\":\"采购订单\",\"isQuery\":\"1\",\"sort\":3,\"list\":true,\"params\":{},\"javaType\":\"Long\",\"queryType\":\"EQ\",\"columnType\":\"int(11)\",\"createBy\":\"admin\",\"isPk\":\"0\",\"createTime\":1614930723000,\"isEdit\":\"1\",\"tableId\":17,\"pk\":false,\"columnName\":\"purchase_id\"},{\"capJavaField\":\"HouseId\",\"usableColumn\":false,\"columnId\":215,\"isIncrement\":\"0\",\"increment\":false,\"insert\":true,\"isList\":\"1\",\"dictType\":\"\",\"required\":false,\"superColumn\":false,\"updateBy\":\"\",\"isInsert\":\"1\",\"javaField\":\"houseId\",\"htmlType\":\"input\",\"edit\":true,\"query\":true,\"columnComment\":\"仓库\",\"isQuery\":\"1\",\"sort\":4,\"list\":true,\"params\":{},\"javaType\":\"Long\",\"queryType\":\"EQ\",\"columnType\":\"int(11)\",\"createBy\":\"admin\",\"isPk\":\"', '{\"msg\":\"操作成功\",\"code\":200}', 0, NULL, '2021-03-05 15:53:31');
INSERT INTO `sys_oper_log` VALUES (296, '代码生成', 8, 'com.ruoyi.generator.controller.GenController.batchGenCode()', 'GET', 1, 'admin', NULL, '/tool/gen/batchGenCode', '127.0.0.1', '内网IP', '{}', 'null', 0, NULL, '2021-03-05 15:53:41');
INSERT INTO `sys_oper_log` VALUES (297, '菜单管理', 2, 'com.ruoyi.web.controller.system.SysMenuController.edit()', 'PUT', 1, 'admin', NULL, '/system/menu', '127.0.0.1', '内网IP', '{\"visible\":\"0\",\"icon\":\"input\",\"orderNum\":\"1\",\"menuName\":\"仓库管理\",\"params\":{},\"parentId\":2042,\"isCache\":\"0\",\"path\":\"warehouse\",\"component\":\"asset/warehouse/index\",\"children\":[],\"createTime\":1614906039000,\"updateBy\":\"admin\",\"isFrame\":\"1\",\"menuId\":2043,\"menuType\":\"C\",\"perms\":\"asset:warehouse:list\",\"status\":\"0\"}', '{\"msg\":\"操作成功\",\"code\":200}', 0, NULL, '2021-03-05 15:55:42');
INSERT INTO `sys_oper_log` VALUES (298, '仓库', 1, 'com.ruoyi.asset.controller.AssetWarehouseController.add()', 'POST', 1, 'admin', NULL, '/asset/warehouse', '127.0.0.1', '内网IP', '{\"address\":\"一楼\",\"params\":{},\"title\":\"大仓库\",\"masterUserId\":1,\"createBy\":\"admin\",\"createTime\":1614931320136,\"links\":\"222\",\"status\":\"1\"}', 'null', 1, '\r\n### Error updating database.  Cause: java.sql.SQLException: Field \'update_by\' doesn\'t have a default value\r\n### The error may exist in file [D:\\work-assets\\assets\\asset\\target\\classes\\mapper\\asset\\AssetWarehouseMapper.xml]\r\n### The error may involve com.ruoyi.asset.mapper.AssetWarehouseMapper.insertAssetWarehouse-Inline\r\n### The error occurred while setting parameters\r\n### SQL: insert into asset_warehouse          ( title,             address,             master_user_id,             links,             status,                          create_by,             create_time )           values ( ?,             ?,             ?,             ?,             ?,                          ?,             ? )\r\n### Cause: java.sql.SQLException: Field \'update_by\' doesn\'t have a default value\n; Field \'update_by\' doesn\'t have a default value; nested exception is java.sql.SQLException: Field \'update_by\' doesn\'t have a default value', '2021-03-05 16:02:00');
INSERT INTO `sys_oper_log` VALUES (299, '仓库', 1, 'com.ruoyi.asset.controller.AssetWarehouseController.add()', 'POST', 1, 'admin', NULL, '/asset/warehouse', '127.0.0.1', '内网IP', '{\"address\":\"一楼\",\"params\":{},\"title\":\"大仓库\",\"masterUserId\":1,\"createBy\":\"admin\",\"createTime\":1614931336915,\"links\":\"222\",\"id\":1,\"status\":\"1\"}', '{\"msg\":\"操作成功\",\"code\":200}', 0, NULL, '2021-03-05 16:02:16');
INSERT INTO `sys_oper_log` VALUES (300, '仓库', 1, 'com.ruoyi.asset.controller.AssetWarehouseController.add()', 'POST', 1, 'admin', NULL, '/asset/warehouse', '127.0.0.1', '内网IP', '{\"address\":\"三楼\",\"params\":{},\"title\":\"杂物间\",\"masterUserId\":1,\"createBy\":\"admin\",\"createTime\":1614931471149,\"links\":\"234123\",\"id\":2,\"status\":\"1\"}', '{\"msg\":\"操作成功\",\"code\":200}', 0, NULL, '2021-03-05 16:04:31');
INSERT INTO `sys_oper_log` VALUES (301, '代码生成', 2, 'com.ruoyi.generator.controller.GenController.synchDb()', 'GET', 1, 'admin', NULL, '/tool/gen/synchDb/asset_entering', '127.0.0.1', '内网IP', '{tableName=asset_entering}', '{\"msg\":\"操作成功\",\"code\":200}', 0, NULL, '2021-03-05 16:14:00');
INSERT INTO `sys_oper_log` VALUES (302, '代码生成', 2, 'com.ruoyi.generator.controller.GenController.editSave()', 'PUT', 1, 'admin', NULL, '/tool/gen', '127.0.0.1', '内网IP', '{\"sub\":false,\"functionAuthor\":\"yepanpan\",\"columns\":[{\"capJavaField\":\"Id\",\"usableColumn\":false,\"columnId\":212,\"isIncrement\":\"1\",\"increment\":true,\"insert\":true,\"dictType\":\"\",\"required\":false,\"superColumn\":false,\"updateBy\":\"\",\"isInsert\":\"1\",\"javaField\":\"id\",\"htmlType\":\"input\",\"edit\":false,\"query\":false,\"columnComment\":\"自增长主键ID\",\"updateTime\":1614930811000,\"sort\":1,\"list\":false,\"params\":{},\"javaType\":\"Long\",\"queryType\":\"EQ\",\"columnType\":\"int(11)\",\"createBy\":\"admin\",\"isPk\":\"1\",\"createTime\":1614930723000,\"tableId\":17,\"pk\":true,\"columnName\":\"id\"},{\"capJavaField\":\"CateId\",\"usableColumn\":false,\"columnId\":213,\"isIncrement\":\"0\",\"increment\":false,\"insert\":true,\"isList\":\"1\",\"dictType\":\"\",\"required\":true,\"superColumn\":false,\"updateBy\":\"\",\"isInsert\":\"1\",\"isRequired\":\"1\",\"javaField\":\"cateId\",\"htmlType\":\"input\",\"edit\":true,\"query\":true,\"columnComment\":\"资产分类\",\"isQuery\":\"1\",\"updateTime\":1614930811000,\"sort\":2,\"list\":true,\"params\":{},\"javaType\":\"Long\",\"queryType\":\"EQ\",\"columnType\":\"int(11)\",\"createBy\":\"admin\",\"isPk\":\"0\",\"createTime\":1614930723000,\"isEdit\":\"1\",\"tableId\":17,\"pk\":false,\"columnName\":\"cate_id\"},{\"capJavaField\":\"PurchaseId\",\"usableColumn\":false,\"columnId\":214,\"isIncrement\":\"0\",\"increment\":false,\"insert\":true,\"isList\":\"1\",\"dictType\":\"\",\"required\":false,\"superColumn\":false,\"updateBy\":\"\",\"isInsert\":\"1\",\"javaField\":\"purchaseId\",\"htmlType\":\"input\",\"edit\":true,\"query\":true,\"columnComment\":\"采购订单\",\"isQuery\":\"1\",\"updateTime\":1614930811000,\"sort\":3,\"list\":true,\"params\":{},\"javaType\":\"Long\",\"queryType\":\"EQ\",\"columnType\":\"int(11)\",\"createBy\":\"admin\",\"isPk\":\"0\",\"createTime\":1614930723000,\"isEdit\":\"1\",\"tableId\":17,\"pk\":false,\"columnName\":\"purchase_id\"},{\"capJavaField\":\"HouseId\",\"usableColumn\":false,\"columnId\":215,\"isIncrement\":\"0\",\"increment\":false,\"insert\":true,\"isList\":\"1\",\"dictType\":\"\",\"required\":false,\"superColumn\":false,\"updateBy\":\"\",\"isInsert\":\"1\",\"javaField\":\"houseId\",\"htmlType\":\"input\",\"edit\":true,\"query\":true,\"columnComment\":\"仓库\",\"isQuery\":\"1\",\"updateTime\":1614930811000,\"sort\":4,\"', '{\"msg\":\"操作成功\",\"code\":200}', 0, NULL, '2021-03-05 16:14:14');
INSERT INTO `sys_oper_log` VALUES (303, '代码生成', 8, 'com.ruoyi.generator.controller.GenController.batchGenCode()', 'GET', 1, 'admin', NULL, '/tool/gen/batchGenCode', '127.0.0.1', '内网IP', '{}', 'null', 0, NULL, '2021-03-05 16:14:19');
INSERT INTO `sys_oper_log` VALUES (304, '菜单管理', 2, 'com.ruoyi.web.controller.system.SysMenuController.edit()', 'PUT', 1, 'admin', NULL, '/system/menu', '127.0.0.1', '内网IP', '{\"visible\":\"0\",\"icon\":\"#\",\"orderNum\":\"1\",\"menuName\":\"入库管理\",\"params\":{},\"parentId\":2042,\"isCache\":\"0\",\"path\":\"entering\",\"component\":\"asset/entering/index\",\"children\":[],\"createTime\":1614930858000,\"updateBy\":\"admin\",\"isFrame\":\"1\",\"menuId\":2112,\"menuType\":\"C\",\"perms\":\"asset:entering:list\",\"status\":\"0\"}', '{\"msg\":\"操作成功\",\"code\":200}', 0, NULL, '2021-03-05 16:16:45');
INSERT INTO `sys_oper_log` VALUES (305, '上传文件', 1, 'com.ruoyi.sys.controller.SysFilesController.upload()', 'POST', 1, 'admin', NULL, '/sys/files/upload', '127.0.0.1', '内网IP', '', '{\"msg\":\"\\r\\n### Error querying database.  Cause: java.sql.SQLSyntaxErrorException: Table \'java_assets.sys_files\' doesn\'t exist\\r\\n### The error may exist in file [D:\\\\work-assets\\\\assets\\\\ext\\\\target\\\\classes\\\\mapper\\\\sys\\\\SysFilesMapper.xml]\\r\\n### The error may involve com.ruoyi.sys.mapper.SysFilesMapper.selectSysFiles-Inline\\r\\n### The error occurred while setting parameters\\r\\n### SQL: select id, title, path, md5, create_by, create_time from sys_files                WHERE  md5 = ?          limit 1\\r\\n### Cause: java.sql.SQLSyntaxErrorException: Table \'java_assets.sys_files\' doesn\'t exist\\n; bad SQL grammar []; nested exception is java.sql.SQLSyntaxErrorException: Table \'java_assets.sys_files\' doesn\'t exist\",\"code\":500}', 0, NULL, '2021-03-06 10:47:00');
INSERT INTO `sys_oper_log` VALUES (306, '上传文件', 1, 'com.ruoyi.sys.controller.SysFilesController.upload()', 'POST', 1, 'admin', NULL, '/sys/files/upload', '127.0.0.1', '内网IP', '', '{\"msg\":\"\\r\\n### Error querying database.  Cause: java.sql.SQLSyntaxErrorException: Table \'java_assets.sys_files\' doesn\'t exist\\r\\n### The error may exist in file [D:\\\\work-assets\\\\assets\\\\ext\\\\target\\\\classes\\\\mapper\\\\sys\\\\SysFilesMapper.xml]\\r\\n### The error may involve com.ruoyi.sys.mapper.SysFilesMapper.selectSysFiles-Inline\\r\\n### The error occurred while setting parameters\\r\\n### SQL: select id, title, path, md5, create_by, create_time from sys_files                WHERE  md5 = ?          limit 1\\r\\n### Cause: java.sql.SQLSyntaxErrorException: Table \'java_assets.sys_files\' doesn\'t exist\\n; bad SQL grammar []; nested exception is java.sql.SQLSyntaxErrorException: Table \'java_assets.sys_files\' doesn\'t exist\",\"code\":500}', 0, NULL, '2021-03-06 10:48:00');
INSERT INTO `sys_oper_log` VALUES (307, '上传文件', 1, 'com.ruoyi.sys.controller.SysFilesController.upload()', 'POST', 1, 'admin', NULL, '/sys/files/upload', '127.0.0.1', '内网IP', '', '{\"msg\":\"操作成功\",\"code\":200,\"data\":{\"createBy\":\"admin\",\"createTime\":1614998937781,\"id\":7,\"md5\":\"7fdf17648fa2cf8112d09c7deed80f25\",\"params\":{},\"path\":\"/profile/upload/2021/03/06/95a43e86-69f1-49ec-946b-5510cab62ec6.png\",\"title\":\"微信截图_20210305150659.png\"}}', 0, NULL, '2021-03-06 10:48:57');
INSERT INTO `sys_oper_log` VALUES (308, '上传文件', 1, 'com.ruoyi.sys.controller.SysFilesController.upload()', 'POST', 1, 'admin', NULL, '/sys/files/upload', '127.0.0.1', '内网IP', '', '{\"msg\":\"操作成功\",\"code\":200,\"data\":{\"createBy\":\"admin\",\"createTime\":1614998938000,\"id\":7,\"md5\":\"7fdf17648fa2cf8112d09c7deed80f25\",\"params\":{},\"path\":\"/profile/upload/2021/03/06/95a43e86-69f1-49ec-946b-5510cab62ec6.png\",\"title\":\"微信截图_20210305150659.png\"}}', 0, NULL, '2021-03-06 10:49:38');
INSERT INTO `sys_oper_log` VALUES (309, '上传文件', 1, 'com.ruoyi.sys.controller.SysFilesController.upload()', 'POST', 1, 'admin', NULL, '/sys/files/upload', '127.0.0.1', '内网IP', '', '{\"msg\":\"操作成功\",\"code\":200,\"data\":{\"createBy\":\"admin\",\"createTime\":1614998938000,\"id\":7,\"md5\":\"7fdf17648fa2cf8112d09c7deed80f25\",\"params\":{},\"path\":\"/profile/upload/2021/03/06/95a43e86-69f1-49ec-946b-5510cab62ec6.png\",\"title\":\"微信截图_20210305150659.png\"}}', 0, NULL, '2021-03-06 10:50:29');
INSERT INTO `sys_oper_log` VALUES (310, '上传文件', 1, 'com.ruoyi.sys.controller.SysFilesController.upload()', 'POST', 1, 'admin', NULL, '/sys/files/upload', '127.0.0.1', '内网IP', '', '{\"msg\":\"操作成功\",\"code\":200,\"data\":{\"createBy\":\"admin\",\"createTime\":1614998938000,\"id\":7,\"md5\":\"7fdf17648fa2cf8112d09c7deed80f25\",\"params\":{},\"path\":\"/profile/upload/2021/03/06/95a43e86-69f1-49ec-946b-5510cab62ec6.png\",\"title\":\"微信截图_20210305150659.png\"}}', 0, NULL, '2021-03-06 10:51:26');
INSERT INTO `sys_oper_log` VALUES (311, '上传文件', 1, 'com.ruoyi.sys.controller.SysFilesController.upload()', 'POST', 1, 'admin', NULL, '/sys/files/upload', '127.0.0.1', '内网IP', '', '{\"msg\":\"操作成功\",\"code\":200,\"data\":{\"createBy\":\"admin\",\"createTime\":1614998938000,\"id\":7,\"md5\":\"7fdf17648fa2cf8112d09c7deed80f25\",\"params\":{},\"path\":\"/profile/upload/2021/03/06/95a43e86-69f1-49ec-946b-5510cab62ec6.png\",\"title\":\"微信截图_20210305150659.png\"}}', 0, NULL, '2021-03-06 10:52:18');
INSERT INTO `sys_oper_log` VALUES (312, '上传文件', 1, 'com.ruoyi.sys.controller.SysFilesController.upload()', 'POST', 1, 'admin', NULL, '/sys/files/upload', '127.0.0.1', '内网IP', '', '{\"msg\":\"操作成功\",\"code\":200,\"data\":{\"createBy\":\"admin\",\"createTime\":1614999143649,\"id\":8,\"md5\":\"973d725bdbf173bc4b0a7eaab7e70dee\",\"params\":{},\"path\":\"/profile/upload/2021/03/06/ac035064-5f54-40e5-bdf3-a72f406268e6.jpg\",\"title\":\"微信图片_20210121160752.jpg\"}}', 0, NULL, '2021-03-06 10:52:23');
INSERT INTO `sys_oper_log` VALUES (313, '上传文件', 1, 'com.ruoyi.sys.controller.SysFilesController.upload()', 'POST', 1, 'admin', NULL, '/sys/files/upload', '127.0.0.1', '内网IP', '', '{\"msg\":\"操作成功\",\"code\":200,\"data\":{\"createBy\":\"admin\",\"createTime\":1614998938000,\"id\":7,\"md5\":\"7fdf17648fa2cf8112d09c7deed80f25\",\"params\":{},\"path\":\"/profile/upload/2021/03/06/95a43e86-69f1-49ec-946b-5510cab62ec6.png\",\"title\":\"微信截图_20210305150659.png\"}}', 0, NULL, '2021-03-06 10:52:29');
INSERT INTO `sys_oper_log` VALUES (314, '入库管理', 1, 'com.ruoyi.asset.controller.AssetEnteringController.add()', 'POST', 1, 'admin', NULL, '/asset/entering', '127.0.0.1', '内网IP', '{\"amount\":2,\"recvTime\":1615132800000,\"houseId\":1,\"purchaseId\":1,\"params\":{},\"param\":\"I5 8G 500SSD\",\"cateId\":6,\"name\":\"开发电脑\",\"nums\":\"3242314\\n2342343\"}', 'null', 1, '\r\n### Error updating database.  Cause: java.sql.SQLException: Field \'price\' doesn\'t have a default value\r\n### The error may exist in file [D:\\work-assets\\assets\\asset\\target\\classes\\mapper\\asset\\AssetInfoMapper.xml]\r\n### The error may involve com.ruoyi.asset.mapper.AssetInfoMapper.insertAssetInfo-Inline\r\n### The error occurred while setting parameters\r\n### SQL: insert into asset_info          ( cate_id,             num,             name,             param,                                                                              house_id,                                       status,                                       create_by,             create_time )           values ( ?,             ?,             ?,             ?,                                                                              ?,                                       ?,                                       ?,             ? )\r\n### Cause: java.sql.SQLException: Field \'price\' doesn\'t have a default value\n; Field \'price\' doesn\'t have a default value; nested exception is java.sql.SQLException: Field \'price\' doesn\'t have a default value', '2021-03-08 09:45:03');
INSERT INTO `sys_oper_log` VALUES (315, '入库管理', 1, 'com.ruoyi.asset.controller.AssetEnteringController.add()', 'POST', 1, 'admin', NULL, '/asset/entering', '127.0.0.1', '内网IP', '{\"amount\":2,\"recvTime\":1615132800000,\"houseId\":1,\"purchaseId\":1,\"params\":{},\"param\":\"I5 8G 500SSD\",\"cateId\":6,\"name\":\"开发电脑\",\"nums\":\"3242314\\n2342343\"}', 'null', 1, '\r\n### Error updating database.  Cause: java.sql.SQLException: Field \'price\' doesn\'t have a default value\r\n### The error may exist in file [D:\\work-assets\\assets\\asset\\target\\classes\\mapper\\asset\\AssetInfoMapper.xml]\r\n### The error may involve com.ruoyi.asset.mapper.AssetInfoMapper.insertAssetInfo-Inline\r\n### The error occurred while setting parameters\r\n### SQL: insert into asset_info          ( cate_id,             num,             name,             param,                                                                              house_id,                                       status,                                       create_by,             create_time )           values ( ?,             ?,             ?,             ?,                                                                              ?,                                       ?,                                       ?,             ? )\r\n### Cause: java.sql.SQLException: Field \'price\' doesn\'t have a default value\n; Field \'price\' doesn\'t have a default value; nested exception is java.sql.SQLException: Field \'price\' doesn\'t have a default value', '2021-03-08 09:48:20');
INSERT INTO `sys_oper_log` VALUES (316, '入库管理', 1, 'com.ruoyi.asset.controller.AssetEnteringController.add()', 'POST', 1, 'admin', NULL, '/asset/entering', '127.0.0.1', '内网IP', '{\"amount\":2,\"recvTime\":1615132800000,\"houseId\":1,\"purchaseId\":1,\"params\":{},\"param\":\"I5 8G 500SSD\",\"cateId\":6,\"name\":\"开发电脑\",\"nums\":\"3242314\\n2342343\"}', 'null', 1, '\r\n### Error updating database.  Cause: java.sql.SQLException: Field \'price\' doesn\'t have a default value\r\n### The error may exist in file [D:\\work-assets\\assets\\asset\\target\\classes\\mapper\\asset\\AssetInfoMapper.xml]\r\n### The error may involve com.ruoyi.asset.mapper.AssetInfoMapper.insertAssetInfo-Inline\r\n### The error occurred while setting parameters\r\n### SQL: insert into asset_info          ( cate_id,             num,             name,             param,                                                                              house_id,                                       status,                                       create_by,             create_time )           values ( ?,             ?,             ?,             ?,                                                                              ?,                                       ?,                                       ?,             ? )\r\n### Cause: java.sql.SQLException: Field \'price\' doesn\'t have a default value\n; Field \'price\' doesn\'t have a default value; nested exception is java.sql.SQLException: Field \'price\' doesn\'t have a default value', '2021-03-08 09:48:24');
INSERT INTO `sys_oper_log` VALUES (317, '入库管理', 1, 'com.ruoyi.asset.controller.AssetEnteringController.add()', 'POST', 1, 'admin', NULL, '/asset/entering', '127.0.0.1', '内网IP', '{\"amount\":2,\"recvTime\":1615132800000,\"houseId\":1,\"purchaseId\":1,\"params\":{},\"param\":\"I5 8G 500SSD\",\"cateId\":6,\"name\":\"开发电脑\",\"nums\":\"3242314\\n2342343\",\"price1\":6000,\"price2\":5600}', 'null', 1, '\r\n### Error updating database.  Cause: java.sql.SQLException: Field \'update_by\' doesn\'t have a default value\r\n### The error may exist in file [D:\\work-assets\\assets\\asset\\target\\classes\\mapper\\asset\\AssetInfoMapper.xml]\r\n### The error may involve com.ruoyi.asset.mapper.AssetInfoMapper.insertAssetInfo-Inline\r\n### The error occurred while setting parameters\r\n### SQL: insert into asset_info          ( cate_id,             num,             name,             param,                                       price,             price1,             price2,             house_id,                                       status,                                       create_by,             create_time )           values ( ?,             ?,             ?,             ?,                                       ?,             ?,             ?,             ?,                                       ?,                                       ?,             ? )\r\n### Cause: java.sql.SQLException: Field \'update_by\' doesn\'t have a default value\n; Field \'update_by\' doesn\'t have a default value; nested exception is java.sql.SQLException: Field \'update_by\' doesn\'t have a default value', '2021-03-08 09:48:43');
INSERT INTO `sys_oper_log` VALUES (318, '入库管理', 1, 'com.ruoyi.asset.controller.AssetEnteringController.add()', 'POST', 1, 'admin', NULL, '/asset/entering', '127.0.0.1', '内网IP', '{\"amount\":2,\"recvTime\":1615132800000,\"houseId\":1,\"purchaseId\":1,\"params\":{},\"createBy\":\"admin\",\"createTime\":1615168134979,\"param\":\"I5 8G 500SSD\",\"cateId\":6,\"name\":\"开发电脑\",\"recvUserId\":1,\"nums\":\"3242314\\n2342343\",\"price1\":6000,\"price2\":5600}', 'null', 1, '\r\n### Error updating database.  Cause: java.sql.SQLException: Field \'update_by\' doesn\'t have a default value\r\n### The error may exist in file [D:\\work-assets\\assets\\asset\\target\\classes\\mapper\\asset\\AssetEnteringMapper.xml]\r\n### The error may involve com.ruoyi.asset.mapper.AssetEnteringMapper.insertAssetEntering-Inline\r\n### The error occurred while setting parameters\r\n### SQL: insert into asset_entering          ( cate_id,             purchase_id,             house_id,             name,             param,                                       amount,             price1,             price2,             recv_user_id,             recv_time,                          nums,             create_by,             create_time )           values ( ?,             ?,             ?,             ?,             ?,                                       ?,             ?,             ?,             ?,             ?,                          ?,             ?,             ? )\r\n### Cause: java.sql.SQLException: Field \'update_by\' doesn\'t have a default value\n; Field \'update_by\' doesn\'t have a default value; nested exception is java.sql.SQLException: Field \'update_by\' doesn\'t have a default value', '2021-03-08 09:48:54');
INSERT INTO `sys_oper_log` VALUES (319, '入库管理', 1, 'com.ruoyi.asset.controller.AssetEnteringController.add()', 'POST', 1, 'admin', NULL, '/asset/entering', '127.0.0.1', '内网IP', '{\"amount\":2,\"recvTime\":1615132800000,\"houseId\":1,\"purchaseId\":1,\"params\":{},\"createBy\":\"admin\",\"createTime\":1615168139467,\"param\":\"I5 8G 500SSD\",\"cateId\":6,\"name\":\"开发电脑\",\"recvUserId\":1,\"nums\":\"3242314\\n2342343\",\"price1\":6000,\"price2\":5600}', 'null', 1, '\r\n### Error updating database.  Cause: java.sql.SQLException: Field \'update_by\' doesn\'t have a default value\r\n### The error may exist in file [D:\\work-assets\\assets\\asset\\target\\classes\\mapper\\asset\\AssetEnteringMapper.xml]\r\n### The error may involve com.ruoyi.asset.mapper.AssetEnteringMapper.insertAssetEntering-Inline\r\n### The error occurred while setting parameters\r\n### SQL: insert into asset_entering          ( cate_id,             purchase_id,             house_id,             name,             param,                                       amount,             price1,             price2,             recv_user_id,             recv_time,                          nums,             create_by,             create_time )           values ( ?,             ?,             ?,             ?,             ?,                                       ?,             ?,             ?,             ?,             ?,                          ?,             ?,             ? )\r\n### Cause: java.sql.SQLException: Field \'update_by\' doesn\'t have a default value\n; Field \'update_by\' doesn\'t have a default value; nested exception is java.sql.SQLException: Field \'update_by\' doesn\'t have a default value', '2021-03-08 09:48:59');
INSERT INTO `sys_oper_log` VALUES (320, '入库管理', 1, 'com.ruoyi.asset.controller.AssetEnteringController.add()', 'POST', 1, 'admin', NULL, '/asset/entering', '127.0.0.1', '内网IP', '{\"amount\":2,\"recvTime\":1615132800000,\"houseId\":1,\"purchaseId\":1,\"params\":{},\"createBy\":\"admin\",\"createTime\":1615168153024,\"param\":\"I5 8G 500SSD\",\"cateId\":6,\"name\":\"开发电脑\",\"id\":1,\"recvUserId\":1,\"nums\":\"3242314\\n2342343\",\"price1\":6000,\"price2\":5600}', 'null', 1, '\r\n### Error updating database.  Cause: java.sql.SQLSyntaxErrorException: You have an error in your SQL syntax; check the manual that corresponds to your MySQL server version for the right syntax to use near \'where id=1 and amount <= (select sum(amount) from asset_entering where purchase_\' at line 1\r\n### The error may exist in file [D:\\work-assets\\assets\\asset\\target\\classes\\mapper\\asset\\AssetPurchaseMapper.xml]\r\n### The error may involve com.ruoyi.asset.mapper.AssetPurchaseMapper.updateAssetPurchaseComplete-Inline\r\n### The error occurred while setting parameters\r\n### SQL: update asset_purchase set is_complete where id=? and amount <= (select sum(amount) from asset_entering where purchase_id=?)\r\n### Cause: java.sql.SQLSyntaxErrorException: You have an error in your SQL syntax; check the manual that corresponds to your MySQL server version for the right syntax to use near \'where id=1 and amount <= (select sum(amount) from asset_entering where purchase_\' at line 1\n; bad SQL grammar []; nested exception is java.sql.SQLSyntaxErrorException: You have an error in your SQL syntax; check the manual that corresponds to your MySQL server version for the right syntax to use near \'where id=1 and amount <= (select sum(amount) from asset_entering where purchase_\' at line 1', '2021-03-08 09:49:13');
INSERT INTO `sys_oper_log` VALUES (321, '入库管理', 1, 'com.ruoyi.asset.controller.AssetEnteringController.add()', 'POST', 1, 'admin', NULL, '/asset/entering', '127.0.0.1', '内网IP', '{\"amount\":2,\"recvTime\":1615132800000,\"houseId\":1,\"purchaseId\":1,\"params\":{},\"createBy\":\"admin\",\"createTime\":1615168209380,\"param\":\"I5 8G 500SSD\",\"cateId\":6,\"name\":\"开发电脑\",\"id\":2,\"recvUserId\":1,\"nums\":\"3242314\\n2342343\",\"price1\":6000,\"price2\":5600}', 'null', 1, '\r\n### Error updating database.  Cause: java.sql.SQLSyntaxErrorException: You have an error in your SQL syntax; check the manual that corresponds to your MySQL server version for the right syntax to use near \'where id=1 and (amount <= (select sum(amount) from asset_entering where purchase\' at line 1\r\n### The error may exist in file [D:\\work-assets\\assets\\asset\\target\\classes\\mapper\\asset\\AssetPurchaseMapper.xml]\r\n### The error may involve com.ruoyi.asset.mapper.AssetPurchaseMapper.updateAssetPurchaseComplete-Inline\r\n### The error occurred while setting parameters\r\n### SQL: update asset_purchase set is_complete where id=? and (amount <= (select sum(amount) from asset_entering where purchase_id=?))\r\n### Cause: java.sql.SQLSyntaxErrorException: You have an error in your SQL syntax; check the manual that corresponds to your MySQL server version for the right syntax to use near \'where id=1 and (amount <= (select sum(amount) from asset_entering where purchase\' at line 1\n; bad SQL grammar []; nested exception is java.sql.SQLSyntaxErrorException: You have an error in your SQL syntax; check the manual that corresponds to your MySQL server version for the right syntax to use near \'where id=1 and (amount <= (select sum(amount) from asset_entering where purchase\' at line 1', '2021-03-08 09:50:09');
INSERT INTO `sys_oper_log` VALUES (322, '入库管理', 1, 'com.ruoyi.asset.controller.AssetEnteringController.add()', 'POST', 1, 'admin', NULL, '/asset/entering', '127.0.0.1', '内网IP', '{\"amount\":2,\"recvTime\":1615132800000,\"houseId\":1,\"purchaseId\":1,\"params\":{},\"createBy\":\"admin\",\"createTime\":1615168299816,\"param\":\"I5 8G 500SSD\",\"cateId\":6,\"name\":\"开发电脑\",\"id\":3,\"recvUserId\":1,\"nums\":\"3242314\\n2342343\",\"price1\":6000,\"price2\":5600}', '{\"msg\":\"操作成功\",\"code\":200}', 0, NULL, '2021-03-08 09:51:39');
INSERT INTO `sys_oper_log` VALUES (323, '入库管理', 1, 'com.ruoyi.asset.controller.AssetEnteringController.add()', 'POST', 1, 'admin', NULL, '/asset/entering', '127.0.0.1', '内网IP', '{\"amount\":3,\"recvTime\":1614441600000,\"houseId\":2,\"purchaseId\":1,\"params\":{},\"createBy\":\"admin\",\"createTime\":1615168387213,\"param\":\"I5 8G 500SSD\",\"cateId\":6,\"name\":\"开发电脑\",\"id\":4,\"recvUserId\":1,\"nums\":\"234123\\n234\\n124\",\"price1\":6000,\"price2\":5500}', '{\"msg\":\"操作成功\",\"code\":200}', 0, NULL, '2021-03-08 09:53:07');
INSERT INTO `sys_oper_log` VALUES (324, '入库管理', 1, 'com.ruoyi.asset.controller.AssetEnteringController.add()', 'POST', 1, 'admin', NULL, '/asset/entering', '127.0.0.1', '内网IP', '{\"amount\":3,\"recvTime\":1614441600000,\"houseId\":2,\"purchaseId\":1,\"params\":{},\"createBy\":\"admin\",\"createTime\":1615168389554,\"param\":\"I5 8G 500SSD\",\"cateId\":6,\"name\":\"开发电脑\",\"id\":5,\"recvUserId\":1,\"nums\":\"234123\\n234\\n124\",\"price1\":6000,\"price2\":5500}', '{\"msg\":\"操作成功\",\"code\":200}', 0, NULL, '2021-03-08 09:53:09');
INSERT INTO `sys_oper_log` VALUES (325, '入库管理', 1, 'com.ruoyi.asset.controller.AssetEnteringController.add()', 'POST', 1, 'admin', NULL, '/asset/entering', '127.0.0.1', '内网IP', '{\"amount\":3,\"recvTime\":1615132800000,\"houseId\":2,\"purchaseId\":1,\"params\":{},\"createBy\":\"admin\",\"createTime\":1615168456106,\"param\":\"I5 8G 500SSD\",\"cateId\":6,\"name\":\"开发电脑\",\"id\":6,\"recvUserId\":1,\"nums\":\"2341\\n1234213\\n2341\",\"price1\":6000,\"price2\":5400}', '{\"msg\":\"操作成功\",\"code\":200}', 0, NULL, '2021-03-08 09:54:16');
INSERT INTO `sys_oper_log` VALUES (326, '入库管理', 1, 'com.ruoyi.asset.controller.AssetEnteringController.add()', 'POST', 1, 'admin', NULL, '/asset/entering', '127.0.0.1', '内网IP', '{\"amount\":3,\"recvTime\":1615132800000,\"houseId\":2,\"purchaseId\":1,\"params\":{},\"createBy\":\"admin\",\"createTime\":1615168470099,\"param\":\"I5 8G 500SSD\",\"cateId\":6,\"name\":\"开发电脑\",\"id\":7,\"recvUserId\":1,\"nums\":\"2341\\n1234213\\n2341\",\"price1\":6000,\"price2\":5400}', '{\"msg\":\"操作成功\",\"code\":200}', 0, NULL, '2021-03-08 09:54:30');
INSERT INTO `sys_oper_log` VALUES (327, '入库管理', 1, 'com.ruoyi.asset.controller.AssetEnteringController.add()', 'POST', 1, 'admin', NULL, '/asset/entering', '127.0.0.1', '内网IP', '{\"amount\":3,\"recvTime\":1615132800000,\"houseId\":2,\"purchaseId\":1,\"params\":{},\"createBy\":\"admin\",\"createTime\":1615168482976,\"param\":\"I5 8G 500SSD\",\"cateId\":6,\"name\":\"开发电脑\",\"id\":8,\"recvUserId\":1,\"nums\":\"2341\\n1234213\\n2341\",\"price1\":6000,\"price2\":5400}', '{\"msg\":\"操作成功\",\"code\":200}', 0, NULL, '2021-03-08 09:54:43');
INSERT INTO `sys_oper_log` VALUES (328, '入库管理', 1, 'com.ruoyi.asset.controller.AssetEnteringController.add()', 'POST', 1, 'admin', NULL, '/asset/entering', '127.0.0.1', '内网IP', '{\"amount\":3,\"recvTime\":1615132800000,\"houseId\":2,\"purchaseId\":1,\"params\":{},\"createBy\":\"admin\",\"createTime\":1615168490842,\"param\":\"I5 8G 500SSD\",\"cateId\":6,\"name\":\"开发电脑\",\"id\":9,\"recvUserId\":1,\"nums\":\"2341\\n1234213\\n2341\",\"price1\":6000,\"price2\":5400}', '{\"msg\":\"操作成功\",\"code\":200}', 0, NULL, '2021-03-08 09:54:50');
INSERT INTO `sys_oper_log` VALUES (329, '入库管理', 1, 'com.ruoyi.asset.controller.AssetEnteringController.add()', 'POST', 1, 'admin', NULL, '/asset/entering', '127.0.0.1', '内网IP', '{\"amount\":3,\"recvTime\":1615132800000,\"houseId\":2,\"purchaseId\":1,\"params\":{},\"createBy\":\"admin\",\"createTime\":1615168493481,\"param\":\"I5 8G 500SSD\",\"cateId\":6,\"name\":\"开发电脑\",\"id\":10,\"recvUserId\":1,\"nums\":\"2341\\n1234213\\n2341\",\"price1\":6000,\"price2\":5400}', '{\"msg\":\"操作成功\",\"code\":200}', 0, NULL, '2021-03-08 09:54:53');
INSERT INTO `sys_oper_log` VALUES (330, '入库管理', 1, 'com.ruoyi.asset.controller.AssetEnteringController.add()', 'POST', 1, 'admin', NULL, '/asset/entering', '127.0.0.1', '内网IP', '{\"amount\":1,\"recvTime\":1615132800000,\"houseId\":2,\"purchaseId\":1,\"params\":{},\"createBy\":\"admin\",\"createTime\":1615168687540,\"param\":\"I5 8G 500SSD\",\"cateId\":6,\"name\":\"开发电脑\",\"id\":11,\"recvUserId\":1,\"nums\":\"42134\",\"price1\":5000,\"price2\":1500}', '{\"msg\":\"操作成功\",\"code\":200}', 0, NULL, '2021-03-08 09:58:07');
INSERT INTO `sys_oper_log` VALUES (331, '入库管理', 1, 'com.ruoyi.asset.controller.AssetEnteringController.add()', 'POST', 1, 'admin', NULL, '/asset/entering', '127.0.0.1', '内网IP', '{\"amount\":1,\"recvTime\":1615132800000,\"houseId\":2,\"purchaseId\":1,\"params\":{},\"createBy\":\"admin\",\"createTime\":1615169254963,\"param\":\"I5 8G 500SSD\",\"cateId\":6,\"name\":\"开发电脑\",\"id\":12,\"recvUserId\":1,\"nums\":\"2134324\\n12421343\",\"price1\":6000,\"price2\":4000}', '{\"msg\":\"操作成功\",\"code\":200}', 0, NULL, '2021-03-08 10:07:34');
INSERT INTO `sys_oper_log` VALUES (332, '采购申请', 1, 'com.ruoyi.asset.controller.AssetPurchaseController.add()', 'POST', 1, 'admin', NULL, '/asset/purchase', '127.0.0.1', '内网IP', '{\"reason\":\"234234\",\"checkStatus\":\"0\",\"param\":\"无\",\"id\":2,\"price1\":3,\"price2\":2,\"amount\":100,\"params\":{},\"createBy\":\"admin\",\"createTime\":1615170211884,\"cateId\":11,\"name\":\"圆珠笔\"}', '{\"msg\":\"操作成功\",\"code\":200}', 0, NULL, '2021-03-08 10:23:31');
INSERT INTO `sys_oper_log` VALUES (333, '审核采购申请', 2, 'com.ruoyi.asset.controller.AssetPurchaseController.check()', 'PUT', 1, 'admin', NULL, '/asset/purchase/check', '127.0.0.1', '内网IP', '{\"reason\":\"234234\",\"applyUser\":{\"admin\":true,\"nickName\":\"超级管理员\",\"params\":{},\"userId\":1},\"checkStatus\":\"1\",\"param\":\"无\",\"id\":2,\"price1\":3,\"price2\":2,\"cate\":{\"params\":{},\"title\":\"圆珠笔\",\"type\":\"2\",\"children\":[],\"id\":11},\"amount\":100,\"finishTime\":1615305600000,\"params\":{},\"masterUserId\":1,\"createBy\":\"admin\",\"createTime\":1615170212000,\"cateId\":11,\"name\":\"圆珠笔\",\"isComplete\":\"N\"}', 'null', 1, '必须选择采购负责人', '2021-03-08 10:25:01');
INSERT INTO `sys_oper_log` VALUES (334, '审核采购申请', 2, 'com.ruoyi.asset.controller.AssetPurchaseController.check()', 'PUT', 1, 'admin', NULL, '/asset/purchase/check', '127.0.0.1', '内网IP', '{\"reason\":\"234234\",\"applyUser\":{\"admin\":true,\"nickName\":\"超级管理员\",\"params\":{},\"userId\":1},\"checkStatus\":\"1\",\"param\":\"无\",\"id\":2,\"price1\":3,\"price2\":2,\"cate\":{\"params\":{},\"title\":\"圆珠笔\",\"type\":\"2\",\"children\":[],\"id\":11},\"amount\":100,\"finishTime\":1615305600000,\"params\":{},\"masterUserId\":1,\"createBy\":\"admin\",\"createTime\":1615170212000,\"cateId\":11,\"name\":\"圆珠笔\",\"isComplete\":\"N\"}', 'null', 1, '必须选择采购负责人', '2021-03-08 10:25:04');
INSERT INTO `sys_oper_log` VALUES (335, '审核采购申请', 2, 'com.ruoyi.asset.controller.AssetPurchaseController.check()', 'PUT', 1, 'admin', NULL, '/asset/purchase/check', '127.0.0.1', '内网IP', '{\"reason\":\"234234\",\"checkUserId\":1,\"applyUser\":{\"admin\":true,\"nickName\":\"超级管理员\",\"params\":{},\"userId\":1},\"checkStatus\":\"1\",\"param\":\"无\",\"id\":2,\"price1\":3,\"price2\":2,\"cate\":{\"params\":{},\"title\":\"圆珠笔\",\"type\":\"2\",\"children\":[],\"id\":11},\"amount\":100,\"finishTime\":1615305600000,\"params\":{},\"masterUserId\":1,\"createBy\":\"admin\",\"createTime\":1615170212000,\"cateId\":11,\"name\":\"圆珠笔\",\"isComplete\":\"N\"}', '{\"msg\":\"操作成功\",\"code\":200}', 0, NULL, '2021-03-08 10:26:40');
INSERT INTO `sys_oper_log` VALUES (336, '入库管理', 1, 'com.ruoyi.asset.controller.AssetEnteringController.add()', 'POST', 1, 'admin', NULL, '/asset/entering', '127.0.0.1', '内网IP', '{\"amount\":50,\"recvTime\":1615132800000,\"houseId\":2,\"purchaseId\":2,\"params\":{},\"param\":\"无\",\"cateId\":11,\"name\":\"圆珠笔\",\"price1\":3,\"price2\":2}', 'null', 1, '\r\n### Error updating database.  Cause: java.sql.SQLException: Field \'unit\' doesn\'t have a default value\r\n### The error may exist in file [D:\\work-assets\\assets\\asset\\target\\classes\\mapper\\asset\\AssetMaterialMapper.xml]\r\n### The error may involve com.ruoyi.asset.mapper.AssetMaterialMapper.insertAssetMaterial-Inline\r\n### The error occurred while setting parameters\r\n### SQL: insert into asset_material          ( cate_id,             name,             param,                                                    amount,             price1,             price2,             house_id,                          status,             create_by,             create_time )           values ( ?,             ?,             ?,                                                    ?,             ?,             ?,             ?,                          ?,             ?,             ? )\r\n### Cause: java.sql.SQLException: Field \'unit\' doesn\'t have a default value\n; Field \'unit\' doesn\'t have a default value; nested exception is java.sql.SQLException: Field \'unit\' doesn\'t have a default value', '2021-03-08 10:27:00');
INSERT INTO `sys_oper_log` VALUES (337, '入库管理', 1, 'com.ruoyi.asset.controller.AssetEnteringController.add()', 'POST', 1, 'admin', NULL, '/asset/entering', '127.0.0.1', '内网IP', '{\"amount\":50,\"recvTime\":1615132800000,\"houseId\":2,\"purchaseId\":2,\"params\":{},\"createBy\":\"admin\",\"createTime\":1615170490651,\"param\":\"无\",\"cateId\":11,\"name\":\"圆珠笔\",\"id\":13,\"recvUserId\":1,\"price1\":3,\"price2\":2}', '{\"msg\":\"操作成功\",\"code\":200}', 0, NULL, '2021-03-08 10:28:10');
INSERT INTO `sys_oper_log` VALUES (338, '消息', 2, 'com.ruoyi.sys.controller.SysMsgController.read()', 'GET', 1, 'admin', NULL, '/sys/msg/read/14', '127.0.0.1', '内网IP', '{ids=14}', '{\"msg\":\"操作成功\",\"code\":200}', 0, NULL, '2021-03-08 11:09:20');
INSERT INTO `sys_oper_log` VALUES (339, '耗材信息', 2, 'com.ruoyi.asset.controller.AssetMaterialController.edit()', 'PUT', 1, 'admin', NULL, '/asset/material', '127.0.0.1', '内网IP', '{\"amount\":50,\"houseId\":2,\"updateTime\":1615173074435,\"params\":{},\"createBy\":\"admin\",\"unit\":\"只\",\"createTime\":1615170491000,\"param\":\"无\",\"updateBy\":\"admin\",\"cateId\":11,\"name\":\"圆珠笔\",\"id\":1,\"price1\":3,\"price2\":2,\"status\":\"1\"}', '{\"msg\":\"操作成功\",\"code\":200}', 0, NULL, '2021-03-08 11:11:14');
INSERT INTO `sys_oper_log` VALUES (340, '字典数据', 1, 'com.ruoyi.web.controller.system.SysDictDataController.add()', 'POST', 1, 'admin', NULL, '/system/dict/data', '127.0.0.1', '内网IP', '{\"dictValue\":\"1\",\"dictSort\":1,\"params\":{},\"dictType\":\"asset_status\",\"dictLabel\":\"闲置\",\"createBy\":\"admin\",\"default\":false,\"status\":\"0\"}', '{\"msg\":\"操作成功\",\"code\":200}', 0, NULL, '2021-03-08 11:26:08');
INSERT INTO `sys_oper_log` VALUES (341, '字典数据', 1, 'com.ruoyi.web.controller.system.SysDictDataController.add()', 'POST', 1, 'admin', NULL, '/system/dict/data', '127.0.0.1', '内网IP', '{\"dictValue\":\"2\",\"dictSort\":2,\"params\":{},\"dictType\":\"asset_status\",\"dictLabel\":\"在用\",\"createBy\":\"admin\",\"default\":false,\"status\":\"0\"}', '{\"msg\":\"操作成功\",\"code\":200}', 0, NULL, '2021-03-08 11:26:16');
INSERT INTO `sys_oper_log` VALUES (342, '字典数据', 1, 'com.ruoyi.web.controller.system.SysDictDataController.add()', 'POST', 1, 'admin', NULL, '/system/dict/data', '127.0.0.1', '内网IP', '{\"dictValue\":\"3\",\"dictSort\":3,\"params\":{},\"dictType\":\"asset_status\",\"dictLabel\":\"损坏\",\"createBy\":\"admin\",\"default\":false,\"status\":\"0\"}', '{\"msg\":\"操作成功\",\"code\":200}', 0, NULL, '2021-03-08 11:26:23');
INSERT INTO `sys_oper_log` VALUES (343, '字典数据', 1, 'com.ruoyi.web.controller.system.SysDictDataController.add()', 'POST', 1, 'admin', NULL, '/system/dict/data', '127.0.0.1', '内网IP', '{\"dictValue\":\"4\",\"dictSort\":4,\"params\":{},\"dictType\":\"asset_status\",\"dictLabel\":\"维修\",\"createBy\":\"admin\",\"default\":false,\"status\":\"0\"}', '{\"msg\":\"操作成功\",\"code\":200}', 0, NULL, '2021-03-08 11:26:32');
INSERT INTO `sys_oper_log` VALUES (344, '字典数据', 1, 'com.ruoyi.web.controller.system.SysDictDataController.add()', 'POST', 1, 'admin', NULL, '/system/dict/data', '127.0.0.1', '内网IP', '{\"dictValue\":\"5\",\"dictSort\":5,\"params\":{},\"dictType\":\"asset_status\",\"dictLabel\":\"报废\",\"createBy\":\"admin\",\"default\":false,\"status\":\"0\"}', '{\"msg\":\"操作成功\",\"code\":200}', 0, NULL, '2021-03-08 11:26:40');
INSERT INTO `sys_oper_log` VALUES (345, '字典数据', 1, 'com.ruoyi.web.controller.system.SysDictDataController.add()', 'POST', 1, 'admin', NULL, '/system/dict/data', '127.0.0.1', '内网IP', '{\"dictValue\":\"9\",\"dictSort\":9,\"params\":{},\"dictType\":\"asset_status\",\"dictLabel\":\"丢失\",\"createBy\":\"admin\",\"default\":false,\"status\":\"0\"}', '{\"msg\":\"操作成功\",\"code\":200}', 0, NULL, '2021-03-08 11:26:50');
INSERT INTO `sys_oper_log` VALUES (346, '字典类型', 1, 'com.ruoyi.web.controller.system.SysDictTypeController.add()', 'POST', 1, 'admin', NULL, '/system/dict/type', '127.0.0.1', '内网IP', '{\"createBy\":\"admin\",\"dictName\":\"耗材状态\",\"params\":{},\"dictType\":\"material_status\",\"status\":\"0\"}', '{\"msg\":\"操作成功\",\"code\":200}', 0, NULL, '2021-03-08 11:27:42');
INSERT INTO `sys_oper_log` VALUES (347, '字典数据', 1, 'com.ruoyi.web.controller.system.SysDictDataController.add()', 'POST', 1, 'admin', NULL, '/system/dict/data', '127.0.0.1', '内网IP', '{\"dictValue\":\"1\",\"dictSort\":1,\"params\":{},\"dictType\":\"material_status\",\"dictLabel\":\"正常\",\"createBy\":\"admin\",\"default\":false,\"status\":\"0\"}', '{\"msg\":\"操作成功\",\"code\":200}', 0, NULL, '2021-03-08 11:27:58');
INSERT INTO `sys_oper_log` VALUES (348, '字典数据', 1, 'com.ruoyi.web.controller.system.SysDictDataController.add()', 'POST', 1, 'admin', NULL, '/system/dict/data', '127.0.0.1', '内网IP', '{\"dictValue\":\"2\",\"dictSort\":2,\"params\":{},\"dictType\":\"material_status\",\"dictLabel\":\"库存不足\",\"createBy\":\"admin\",\"default\":false,\"status\":\"0\"}', '{\"msg\":\"操作成功\",\"code\":200}', 0, NULL, '2021-03-08 11:28:10');
INSERT INTO `sys_oper_log` VALUES (349, '字典数据', 1, 'com.ruoyi.web.controller.system.SysDictDataController.add()', 'POST', 1, 'admin', NULL, '/system/dict/data', '127.0.0.1', '内网IP', '{\"dictValue\":\"3\",\"dictSort\":3,\"params\":{},\"dictType\":\"material_status\",\"dictLabel\":\"空仓\",\"createBy\":\"admin\",\"default\":false,\"status\":\"0\"}', '{\"msg\":\"操作成功\",\"code\":200}', 0, NULL, '2021-03-08 11:28:27');
INSERT INTO `sys_oper_log` VALUES (350, '字典数据', 1, 'com.ruoyi.web.controller.system.SysDictDataController.add()', 'POST', 1, 'admin', NULL, '/system/dict/data', '127.0.0.1', '内网IP', '{\"dictValue\":\"4\",\"dictSort\":4,\"params\":{},\"dictType\":\"material_status\",\"dictLabel\":\"报废\",\"createBy\":\"admin\",\"default\":false,\"status\":\"0\"}', '{\"msg\":\"操作成功\",\"code\":200}', 0, NULL, '2021-03-08 11:28:41');
INSERT INTO `sys_oper_log` VALUES (351, '耗材信息', 2, 'com.ruoyi.asset.controller.AssetMaterialController.edit()', 'PUT', 1, 'admin', NULL, '/asset/material', '127.0.0.1', '内网IP', '{\"cate\":{\"params\":{},\"title\":\"圆珠笔\",\"type\":\"2\",\"children\":[],\"id\":11},\"factory\":\"4324\",\"amount\":50,\"houseId\":2,\"updateTime\":1615182056745,\"params\":{},\"house\":{\"params\":{},\"title\":\"杂物间\",\"id\":2},\"proxy\":\"2343\",\"createBy\":\"admin\",\"unit\":\"只\",\"createTime\":1615170491000,\"param\":\"无\",\"updateBy\":\"admin\",\"cateId\":11,\"name\":\"圆珠笔\",\"id\":1,\"price1\":3,\"price2\":2,\"status\":\"1\"}', '{\"msg\":\"操作成功\",\"code\":200}', 0, NULL, '2021-03-08 13:40:56');
INSERT INTO `sys_oper_log` VALUES (352, '资产信息', 5, 'com.ruoyi.asset.controller.AssetInfoController.export()', 'GET', 1, 'admin', NULL, '/asset/info/export', '127.0.0.1', '内网IP', '{}', '{\"msg\":\"a11b410f-7e0a-4cb9-98cf-9e1835c44cb2_info.xlsx\",\"code\":200}', 0, NULL, '2021-03-08 14:30:53');
INSERT INTO `sys_oper_log` VALUES (353, '导入资产信息', 6, 'com.ruoyi.asset.controller.AssetInfoController.importData()', 'POST', 1, 'admin', NULL, '/asset/info/importData', '127.0.0.1', '内网IP', 'false', 'null', 1, '很抱歉，导入失败！共 25 条数据格式不正确，错误如下：<br/>1、资产 开发电脑 已存在<br/>2、资产 开发电脑 已存在<br/>3、资产 开发电脑 导入失败：nested exception is org.apache.ibatis.exceptions.TooManyResultsException: Expected one result (or null) to be returned by selectOne(), but found: 2<br/>4、资产 开发电脑 导入失败：nested exception is org.apache.ibatis.exceptions.TooManyResultsException: Expected one result (or null) to be returned by selectOne(), but found: 2<br/>5、资产 开发电脑 导入失败：nested exception is org.apache.ibatis.exceptions.TooManyResultsException: Expected one result (or null) to be returned by selectOne(), but found: 2<br/>6、资产 开发电脑 导入失败：nested exception is org.apache.ibatis.exceptions.TooManyResultsException: Expected one result (or null) to be returned by selectOne(), but found: 2<br/>7、资产 开发电脑 导入失败：nested exception is org.apache.ibatis.exceptions.TooManyResultsException: Expected one result (or null) to be returned by selectOne(), but found: 2<br/>8、资产 开发电脑 导入失败：nested exception is org.apache.ibatis.exceptions.TooManyResultsException: Expected one result (or null) to be returned by selectOne(), but found: 2<br/>9、资产 开发电脑 导入失败：nested exception is org.apache.ibatis.exceptions.TooManyResultsException: Expected one result (or null) to be returned by selectOne(), but found: 10<br/>10、资产 开发电脑 导入失败：nested exception is org.apache.ibatis.exceptions.TooManyResultsException: Expected one result (or null) to be returned by selectOne(), but found: 5<br/>11、资产 开发电脑 导入失败：nested exception is org.apache.ibatis.exceptions.TooManyResultsException: Expected one result (or null) to be returned by selectOne(), but found: 10<br/>12、资产 开发电脑 导入失败：nested exception is org.apache.ibatis.exceptions.TooManyResultsException: Expected one result (or null) to be returned by selectOne(), but found: 10<br/>13、资产 开发电脑 导入失败：nested exception is org.apache.ibatis.exceptions.TooManyResultsException: Expected one result (or null) to be returned by selectOne(), but found: 5<br/>14、资产 开发电脑 导入失败：nested exception is org.apache.ibatis.exceptions.TooManyResultsExceptio', '2021-03-08 14:31:37');
INSERT INTO `sys_oper_log` VALUES (354, '导入资产信息', 6, 'com.ruoyi.asset.controller.AssetInfoController.importData()', 'POST', 1, 'admin', NULL, '/asset/info/importData', '127.0.0.1', '内网IP', 'true', 'null', 1, '很抱歉，导入失败！共 25 条数据格式不正确，错误如下：<br/>1、资产 开发电脑 导入失败：\r\n### Error updating database.  Cause: java.sql.SQLException: Field \'param\' doesn\'t have a default value\r\n### The error may exist in file [D:\\work-assets\\assets\\asset\\target\\classes\\mapper\\asset\\AssetInfoMapper.xml]\r\n### The error may involve com.ruoyi.asset.mapper.AssetInfoMapper.insertAssetInfo-Inline\r\n### The error occurred while setting parameters\r\n### SQL: insert into asset_info          ( cate_id,             num,             name,                          factory,             proxy,             price,             price1,             price2,             house_id,                          comment,             status,                                       create_by,             create_time )           values ( ?,             ?,             ?,                          ?,             ?,             ?,             ?,             ?,             ?,                          ?,             ?,                                       ?,             ? )\r\n### Cause: java.sql.SQLException: Field \'param\' doesn\'t have a default value\n; Field \'param\' doesn\'t have a default value; nested exception is java.sql.SQLException: Field \'param\' doesn\'t have a default value<br/>2、资产 开发电脑 导入失败：\r\n### Error updating database.  Cause: java.sql.SQLException: Field \'param\' doesn\'t have a default value\r\n### The error may exist in file [D:\\work-assets\\assets\\asset\\target\\classes\\mapper\\asset\\AssetInfoMapper.xml]\r\n### The error may involve com.ruoyi.asset.mapper.AssetInfoMapper.insertAssetInfo-Inline\r\n### The error occurred while setting parameters\r\n### Cause: java.sql.SQLException: Field \'param\' doesn\'t have a default value\n; Field \'param\' doesn\'t have a default value; nested exception is java.sql.SQLException: Field \'param\' doesn\'t have a default value<br/>3、资产 开发电脑 导入失败：\r\n### Error updating database.  Cause: java.sql.SQLException: Field \'param\' doesn\'t have a default value\r\n### The error may exist in file [D:\\work-assets\\assets\\asset\\target\\classe', '2021-03-08 14:32:03');
INSERT INTO `sys_oper_log` VALUES (355, '导入资产信息', 6, 'com.ruoyi.asset.controller.AssetInfoController.importData()', 'POST', 1, 'admin', NULL, '/asset/info/importData', '127.0.0.1', '内网IP', 'true', '{\"msg\":\"恭喜您，数据已全部导入成功！共 25 条，数据如下：<br/>1、资产 开发电脑 导入成功<br/>2、资产 开发电脑 导入成功<br/>3、资产 开发电脑 导入成功<br/>4、资产 开发电脑 导入成功<br/>5、资产 开发电脑 导入成功<br/>6、资产 开发电脑 更新成功<br/>7、资产 开发电脑 更新成功<br/>8、资产 开发电脑 更新成功<br/>9、资产 开发电脑 导入成功<br/>10、资产 开发电脑 导入成功<br/>11、资产 开发电脑 更新成功<br/>12、资产 开发电脑 更新成功<br/>13、资产 开发电脑 更新成功<br/>14、资产 开发电脑 更新成功<br/>15、资产 开发电脑 更新成功<br/>16、资产 开发电脑 更新成功<br/>17、资产 开发电脑 更新成功<br/>18、资产 开发电脑 更新成功<br/>19、资产 开发电脑 更新成功<br/>20、资产 开发电脑 更新成功<br/>21、资产 开发电脑 更新成功<br/>22、资产 开发电脑 更新成功<br/>23、资产 开发电脑 更新成功<br/>24、资产 开发电脑 导入成功<br/>25、资产 开发电脑 导入成功\",\"code\":200}', 0, NULL, '2021-03-08 14:32:32');
INSERT INTO `sys_oper_log` VALUES (356, '导入资产信息', 6, 'com.ruoyi.asset.controller.AssetInfoController.importData()', 'POST', 1, 'admin', NULL, '/asset/info/importData', '127.0.0.1', '内网IP', 'true', '{\"msg\":\"恭喜您，数据已全部导入成功！共 25 条，数据如下：<br/>1、资产 开发电脑 更新成功<br/>2、资产 开发电脑 更新成功<br/>3、资产 开发电脑 更新成功<br/>4、资产 开发电脑 更新成功<br/>5、资产 开发电脑 更新成功<br/>6、资产 开发电脑 更新成功<br/>7、资产 开发电脑 更新成功<br/>8、资产 开发电脑 更新成功<br/>9、资产 开发电脑 更新成功<br/>10、资产 开发电脑 更新成功<br/>11、资产 开发电脑 更新成功<br/>12、资产 开发电脑 更新成功<br/>13、资产 开发电脑 更新成功<br/>14、资产 开发电脑 更新成功<br/>15、资产 开发电脑 更新成功<br/>16、资产 开发电脑 更新成功<br/>17、资产 开发电脑 更新成功<br/>18、资产 开发电脑 更新成功<br/>19、资产 开发电脑 更新成功<br/>20、资产 开发电脑 更新成功<br/>21、资产 开发电脑 更新成功<br/>22、资产 开发电脑 更新成功<br/>23、资产 开发电脑 更新成功<br/>24、资产 开发电脑 更新成功<br/>25、资产 开发电脑 导入成功\",\"code\":200}', 0, NULL, '2021-03-08 14:34:17');
INSERT INTO `sys_oper_log` VALUES (357, '资产信息', 1, 'com.ruoyi.asset.controller.AssetInfoController.add()', 'POST', 1, 'admin', NULL, '/asset/info', '127.0.0.1', '内网IP', '{\"houseId\":1,\"num\":\"dyj-023414\",\"param\":\"激光打印机\",\"price\":6500,\"id\":44,\"price1\":24,\"price2\":234,\"params\":{},\"createBy\":\"admin\",\"createTime\":1615186096913,\"cateId\":8,\"name\":\"激光打印机\",\"comment\":\"234\",\"status\":\"1\"}', '{\"msg\":\"操作成功\",\"code\":200}', 0, NULL, '2021-03-08 14:48:16');
INSERT INTO `sys_oper_log` VALUES (358, '资产信息', 2, 'com.ruoyi.asset.controller.AssetInfoController.edit()', 'PUT', 1, 'admin', NULL, '/asset/info', '127.0.0.1', '内网IP', '{\"houseId\":1,\"num\":\"dyj-023414\",\"cateName\":\"打印机\",\"house\":{\"params\":{},\"title\":\"大仓库\",\"id\":1},\"houseName\":\"大仓库\",\"param\":\"激光打印机\",\"updateBy\":\"admin\",\"price\":6500,\"id\":44,\"price1\":24,\"price2\":234,\"cate\":{\"params\":{},\"title\":\"打印机\",\"type\":\"1\",\"children\":[],\"id\":8},\"finishTime\":1617120000000,\"updateTime\":1615186147143,\"params\":{},\"createBy\":\"admin\",\"createTime\":1615186097000,\"cateId\":8,\"name\":\"激光打印机\",\"comment\":\"234\",\"useUserId\":1,\"status\":\"2\"}', '{\"msg\":\"操作成功\",\"code\":200}', 0, NULL, '2021-03-08 14:49:07');
INSERT INTO `sys_oper_log` VALUES (359, '上传文件', 1, 'com.ruoyi.sys.controller.SysFilesController.upload()', 'POST', 1, 'admin', NULL, '/sys/files/upload', '127.0.0.1', '内网IP', '', '{\"msg\":\"操作成功\",\"code\":200,\"data\":{\"createBy\":\"admin\",\"createTime\":1615186466136,\"id\":9,\"md5\":\"908106d5fe57762e2b45f9310f39c45d\",\"params\":{},\"path\":\"/profile/upload/2021/03/08/cf8fdbeb-52bd-4fd5-b4de-cf4eef3cc811.jpg\",\"title\":\"e824b899a9014c083e64d6f5097b02087bf4f407.jpg\"}}', 0, NULL, '2021-03-08 14:54:26');
INSERT INTO `sys_oper_log` VALUES (360, '资产信息', 2, 'com.ruoyi.asset.controller.AssetInfoController.edit()', 'PUT', 1, 'admin', NULL, '/asset/info', '127.0.0.1', '内网IP', '{\"houseId\":1,\"imgId\":9,\"num\":\"dyj-023414\",\"cateName\":\"打印机\",\"house\":{\"params\":{},\"title\":\"大仓库\",\"id\":1},\"houseName\":\"大仓库\",\"param\":\"激光打印机\",\"updateBy\":\"admin\",\"price\":6500,\"id\":44,\"useUser\":{\"admin\":true,\"nickName\":\"超级管理员\",\"params\":{},\"userId\":1},\"price1\":24,\"price2\":234,\"cate\":{\"params\":{},\"title\":\"打印机\",\"type\":\"1\",\"children\":[],\"id\":8},\"finishTime\":1617120000000,\"updateTime\":1615186467939,\"params\":{},\"userName\":\"超级管理员\",\"createBy\":\"admin\",\"createTime\":1615186097000,\"cateId\":8,\"name\":\"激光打印机\",\"comment\":\"234\",\"useUserId\":1,\"status\":\"2\"}', '{\"msg\":\"操作成功\",\"code\":200}', 0, NULL, '2021-03-08 14:54:27');
INSERT INTO `sys_oper_log` VALUES (361, '上传文件', 1, 'com.ruoyi.sys.controller.SysFilesController.upload()', 'POST', 1, 'admin', NULL, '/sys/files/upload', '127.0.0.1', '内网IP', '', '{\"msg\":\"操作成功\",\"code\":200,\"data\":{\"createBy\":\"admin\",\"createTime\":1607651379000,\"id\":1,\"md5\":\"844e256bc1c53be11313befc50665866\",\"params\":{},\"path\":\"/profile/upload/2020/12/11/c78f8796-18fa-417b-bdf7-8bccdce46a4b.jpg\",\"title\":\"微信图片_20201128210814.jpg\"}}', 0, NULL, '2021-03-08 15:05:54');
INSERT INTO `sys_oper_log` VALUES (362, '上传文件', 1, 'com.ruoyi.sys.controller.SysFilesController.upload()', 'POST', 1, 'admin', NULL, '/sys/files/upload', '127.0.0.1', '内网IP', '', '{\"msg\":\"操作成功\",\"code\":200,\"data\":{\"createBy\":\"201903001\",\"createTime\":1610701375000,\"id\":6,\"md5\":\"6851d7f3ea489ea61d41108fdced3134\",\"params\":{},\"path\":\"/profile/upload/2021/01/15/7850be46-c497-41da-bcd0-93a2d940cba3.jpg\",\"title\":\"青鸟消防无线局域智慧消防系统.jpg\"}}', 0, NULL, '2021-03-08 15:06:09');
INSERT INTO `sys_oper_log` VALUES (363, '上传文件', 1, 'com.ruoyi.sys.controller.SysFilesController.upload()', 'POST', 1, 'admin', NULL, '/sys/files/upload', '127.0.0.1', '内网IP', '', '{\"msg\":\"操作成功\",\"code\":200,\"data\":{\"createBy\":\"201903001\",\"createTime\":1610701375000,\"id\":6,\"md5\":\"6851d7f3ea489ea61d41108fdced3134\",\"params\":{},\"path\":\"/profile/upload/2021/01/15/7850be46-c497-41da-bcd0-93a2d940cba3.jpg\",\"title\":\"青鸟消防无线局域智慧消防系统.jpg\"}}', 0, NULL, '2021-03-08 15:06:17');
INSERT INTO `sys_oper_log` VALUES (364, '上传文件', 1, 'com.ruoyi.sys.controller.SysFilesController.upload()', 'POST', 1, 'admin', NULL, '/sys/files/upload', '127.0.0.1', '内网IP', '', '{\"msg\":\"操作成功\",\"code\":200,\"data\":{\"createBy\":\"admin\",\"createTime\":1607651379000,\"id\":1,\"md5\":\"844e256bc1c53be11313befc50665866\",\"params\":{},\"path\":\"/profile/upload/2020/12/11/c78f8796-18fa-417b-bdf7-8bccdce46a4b.jpg\",\"title\":\"微信图片_20201128210814.jpg\"}}', 0, NULL, '2021-03-08 15:06:30');
INSERT INTO `sys_oper_log` VALUES (365, '上传文件', 1, 'com.ruoyi.sys.controller.SysFilesController.upload()', 'POST', 1, 'admin', NULL, '/sys/files/upload', '127.0.0.1', '内网IP', '', '{\"msg\":\"操作成功\",\"code\":200,\"data\":{\"createBy\":\"admin\",\"createTime\":1614998938000,\"id\":7,\"md5\":\"7fdf17648fa2cf8112d09c7deed80f25\",\"params\":{},\"path\":\"/profile/upload/2021/03/06/95a43e86-69f1-49ec-946b-5510cab62ec6.png\",\"title\":\"微信截图_20210305150659.png\"}}', 0, NULL, '2021-03-08 15:06:34');
INSERT INTO `sys_oper_log` VALUES (366, '资产信息', 2, 'com.ruoyi.asset.controller.AssetInfoController.edit()', 'PUT', 1, 'admin', NULL, '/asset/info', '127.0.0.1', '内网IP', '{\"houseId\":1,\"imgId\":7,\"num\":\"3242314\",\"cateName\":\"笔记本电脑\",\"house\":{\"params\":{},\"title\":\"大仓库\",\"id\":1},\"houseName\":\"大仓库\",\"updateBy\":\"admin\",\"price\":5200,\"id\":34,\"price1\":6000,\"price2\":5600,\"cate\":{\"params\":{},\"title\":\"笔记本电脑\",\"type\":\"1\",\"children\":[],\"id\":6},\"factory\":\"\",\"updateTime\":1615187195855,\"params\":{},\"proxy\":\"\",\"createBy\":\"admin\",\"createTime\":1615185152000,\"cateId\":6,\"name\":\"开发电脑\",\"comment\":\"\",\"status\":\"1\"}', '{\"msg\":\"操作成功\",\"code\":200}', 0, NULL, '2021-03-08 15:06:35');
INSERT INTO `sys_oper_log` VALUES (367, '耗材信息', 5, 'com.ruoyi.asset.controller.AssetMaterialController.export()', 'GET', 1, 'admin', NULL, '/asset/material/export', '127.0.0.1', '内网IP', '{}', '{\"msg\":\"750d2e04-f1a6-4b5b-92ab-b764eff391fc_material.xlsx\",\"code\":200}', 0, NULL, '2021-03-08 15:26:42');
INSERT INTO `sys_oper_log` VALUES (368, '耗材信息', 5, 'com.ruoyi.asset.controller.AssetMaterialController.export()', 'GET', 1, 'admin', NULL, '/asset/material/export', '127.0.0.1', '内网IP', '{}', '{\"msg\":\"a7c40da9-e1e5-48d4-94b8-e3627132c37b_material.xlsx\",\"code\":200}', 0, NULL, '2021-03-08 15:27:44');
INSERT INTO `sys_oper_log` VALUES (369, '导入耗材信息', 6, 'com.ruoyi.asset.controller.AssetMaterialController.importData()', 'POST', 1, 'admin', NULL, '/asset/material/importData', '127.0.0.1', '内网IP', 'false', 'null', 1, '很抱歉，导入失败！共 1 条数据格式不正确，错误如下：<br/>1、耗材 中性笔 数据不完整：产品参数不能为空', '2021-03-08 15:28:25');
INSERT INTO `sys_oper_log` VALUES (370, '导入耗材信息', 6, 'com.ruoyi.asset.controller.AssetMaterialController.importData()', 'POST', 1, 'admin', NULL, '/asset/material/importData', '127.0.0.1', '内网IP', 'false', '{\"msg\":\"恭喜您，数据已全部导入成功！共 1 条，数据如下：<br/>1、耗材 中性笔 导入成功\",\"code\":200}', 0, NULL, '2021-03-08 15:29:09');
INSERT INTO `sys_oper_log` VALUES (371, '上传文件', 1, 'com.ruoyi.sys.controller.SysFilesController.upload()', 'POST', 1, 'admin', NULL, '/sys/files/upload', '127.0.0.1', '内网IP', '', '{\"msg\":\"操作成功\",\"code\":200,\"data\":{\"createBy\":\"admin\",\"createTime\":1615188902020,\"id\":10,\"md5\":\"844e256bc1c53be11313befc50665866\",\"params\":{},\"path\":\"/profile/upload/2021/03/08/83c03a65-8c8d-432a-88da-70e48aed0167.jpg\",\"title\":\"微信图片_20201128210814.jpg\"}}', 0, NULL, '2021-03-08 15:35:02');
INSERT INTO `sys_oper_log` VALUES (372, '无形资产', 1, 'com.ruoyi.asset.controller.AssetAptitudeController.add()', 'POST', 1, 'admin', NULL, '/asset/aptitude', '127.0.0.1', '内网IP', '{\"imgId\":10,\"getTime\":1606665600000,\"params\":{},\"createBy\":\"admin\",\"createTime\":1615188904348,\"cateId\":13,\"name\":\"专利1\"}', 'null', 1, '\r\n### Error updating database.  Cause: java.sql.SQLException: Field \'update_by\' doesn\'t have a default value\r\n### The error may exist in file [D:\\work-assets\\assets\\asset\\target\\classes\\mapper\\asset\\AssetAptitudeMapper.xml]\r\n### The error may involve com.ruoyi.asset.mapper.AssetAptitudeMapper.insertAssetAptitude-Inline\r\n### The error occurred while setting parameters\r\n### SQL: insert into asset_aptitude          ( name,             img_id,             cate_id,             get_time,                          create_by,             create_time )           values ( ?,             ?,             ?,             ?,                          ?,             ? )\r\n### Cause: java.sql.SQLException: Field \'update_by\' doesn\'t have a default value\n; Field \'update_by\' doesn\'t have a default value; nested exception is java.sql.SQLException: Field \'update_by\' doesn\'t have a default value', '2021-03-08 15:35:04');
INSERT INTO `sys_oper_log` VALUES (373, '无形资产', 1, 'com.ruoyi.asset.controller.AssetAptitudeController.add()', 'POST', 1, 'admin', NULL, '/asset/aptitude', '127.0.0.1', '内网IP', '{\"imgId\":10,\"getTime\":1606665600000,\"params\":{},\"createBy\":\"admin\",\"createTime\":1615188922732,\"cateId\":13,\"name\":\"专利1\",\"id\":1}', '{\"msg\":\"操作成功\",\"code\":200}', 0, NULL, '2021-03-08 15:35:22');
INSERT INTO `sys_oper_log` VALUES (374, '下载文件', 0, 'com.ruoyi.sys.controller.SysFilesController.download()', 'GET', 1, NULL, NULL, '/sys/files/download/10', '127.0.0.1', '内网IP', '{id=10}', 'null', 0, NULL, '2021-03-08 15:44:36');
INSERT INTO `sys_oper_log` VALUES (375, '无形资产', 5, 'com.ruoyi.asset.controller.AssetAptitudeController.export()', 'GET', 1, 'admin', NULL, '/asset/aptitude/export', '127.0.0.1', '内网IP', '{}', '{\"msg\":\"f99f63ee-d06e-418c-a886-824331d74fcf_aptitude.xlsx\",\"code\":200}', 0, NULL, '2021-03-08 15:45:38');
INSERT INTO `sys_oper_log` VALUES (376, '无形资产', 5, 'com.ruoyi.asset.controller.AssetAptitudeController.export()', 'GET', 1, 'admin', NULL, '/asset/aptitude/export', '127.0.0.1', '内网IP', '{}', '{\"msg\":\"e8a4499e-b62c-4f71-ae79-afd7fb29fb0d_aptitude.xlsx\",\"code\":200}', 0, NULL, '2021-03-08 15:46:42');
INSERT INTO `sys_oper_log` VALUES (377, '无形资产', 5, 'com.ruoyi.asset.controller.AssetAptitudeController.export()', 'GET', 1, 'admin', NULL, '/asset/aptitude/export', '127.0.0.1', '内网IP', '{}', '{\"msg\":\"f2882fb8-7122-4715-a87d-62a50821552c_aptitude.xlsx\",\"code\":200}', 0, NULL, '2021-03-08 15:48:33');
INSERT INTO `sys_oper_log` VALUES (378, '菜单管理', 2, 'com.ruoyi.web.controller.system.SysMenuController.edit()', 'PUT', 1, 'admin', NULL, '/system/menu', '127.0.0.1', '内网IP', '{\"visible\":\"0\",\"icon\":\"tree\",\"orderNum\":\"1\",\"menuName\":\"资产分类\",\"params\":{},\"parentId\":2042,\"isCache\":\"0\",\"path\":\"category\",\"component\":\"asset/category/index\",\"children\":[],\"createTime\":1614906051000,\"updateBy\":\"admin\",\"isFrame\":\"1\",\"menuId\":2049,\"menuType\":\"C\",\"perms\":\"asset:category:list\",\"status\":\"0\"}', '{\"msg\":\"操作成功\",\"code\":200}', 0, NULL, '2021-03-08 15:49:13');
INSERT INTO `sys_oper_log` VALUES (379, '菜单管理', 2, 'com.ruoyi.web.controller.system.SysMenuController.edit()', 'PUT', 1, 'admin', NULL, '/system/menu', '127.0.0.1', '内网IP', '{\"visible\":\"0\",\"icon\":\"nested\",\"orderNum\":\"1\",\"menuName\":\"资产分类\",\"params\":{},\"parentId\":2042,\"isCache\":\"0\",\"path\":\"category\",\"component\":\"asset/category/index\",\"children\":[],\"createTime\":1614906051000,\"updateBy\":\"admin\",\"isFrame\":\"1\",\"menuId\":2049,\"menuType\":\"C\",\"perms\":\"asset:category:list\",\"status\":\"0\"}', '{\"msg\":\"操作成功\",\"code\":200}', 0, NULL, '2021-03-08 15:49:25');
INSERT INTO `sys_oper_log` VALUES (380, '菜单管理', 2, 'com.ruoyi.web.controller.system.SysMenuController.edit()', 'PUT', 1, 'admin', NULL, '/system/menu', '127.0.0.1', '内网IP', '{\"visible\":\"0\",\"icon\":\"redis\",\"orderNum\":\"1\",\"menuName\":\"资产信息\",\"params\":{},\"parentId\":2042,\"isCache\":\"0\",\"path\":\"info\",\"component\":\"asset/info/index\",\"children\":[],\"createTime\":1614906064000,\"updateBy\":\"admin\",\"isFrame\":\"1\",\"menuId\":2055,\"menuType\":\"C\",\"perms\":\"asset:info:list\",\"status\":\"0\"}', '{\"msg\":\"操作成功\",\"code\":200}', 0, NULL, '2021-03-08 15:49:44');
INSERT INTO `sys_oper_log` VALUES (381, '菜单管理', 2, 'com.ruoyi.web.controller.system.SysMenuController.edit()', 'PUT', 1, 'admin', NULL, '/system/menu', '127.0.0.1', '内网IP', '{\"visible\":\"0\",\"icon\":\"post\",\"orderNum\":\"1\",\"menuName\":\"耗材信息\",\"params\":{},\"parentId\":2042,\"isCache\":\"0\",\"path\":\"material\",\"component\":\"asset/material/index\",\"children\":[],\"createTime\":1614906151000,\"updateBy\":\"admin\",\"isFrame\":\"1\",\"menuId\":2085,\"menuType\":\"C\",\"perms\":\"asset:material:list\",\"status\":\"0\"}', '{\"msg\":\"操作成功\",\"code\":200}', 0, NULL, '2021-03-08 15:50:10');
INSERT INTO `sys_oper_log` VALUES (382, '菜单管理', 2, 'com.ruoyi.web.controller.system.SysMenuController.edit()', 'PUT', 1, 'admin', NULL, '/system/menu', '127.0.0.1', '内网IP', '{\"visible\":\"0\",\"icon\":\"star\",\"orderNum\":\"1\",\"menuName\":\"无形资产\",\"params\":{},\"parentId\":2042,\"isCache\":\"0\",\"path\":\"aptitude\",\"component\":\"asset/aptitude/index\",\"children\":[],\"createTime\":1614906143000,\"updateBy\":\"admin\",\"isFrame\":\"1\",\"menuId\":2079,\"menuType\":\"C\",\"perms\":\"asset:aptitude:list\",\"status\":\"0\"}', '{\"msg\":\"操作成功\",\"code\":200}', 0, NULL, '2021-03-08 15:50:20');
INSERT INTO `sys_oper_log` VALUES (383, '入库管理', 5, 'com.ruoyi.asset.controller.AssetEnteringController.export()', 'GET', 1, 'admin', NULL, '/asset/entering/export', '127.0.0.1', '内网IP', '{}', '{\"msg\":\"5b46d775-d7db-4b53-8684-96b985580396_entering.xlsx\",\"code\":200}', 0, NULL, '2021-03-08 16:04:08');
INSERT INTO `sys_oper_log` VALUES (384, '菜单管理', 2, 'com.ruoyi.web.controller.system.SysMenuController.edit()', 'PUT', 1, 'admin', NULL, '/system/menu', '127.0.0.1', '内网IP', '{\"visible\":\"0\",\"icon\":\"edit\",\"orderNum\":\"1\",\"menuName\":\"入库管理\",\"params\":{},\"parentId\":2042,\"isCache\":\"0\",\"path\":\"entering\",\"component\":\"asset/entering/index\",\"children\":[],\"createTime\":1614930858000,\"updateBy\":\"admin\",\"isFrame\":\"1\",\"menuId\":2112,\"menuType\":\"C\",\"perms\":\"asset:entering:list\",\"status\":\"0\"}', '{\"msg\":\"操作成功\",\"code\":200}', 0, NULL, '2021-03-08 16:05:33');
INSERT INTO `sys_oper_log` VALUES (385, '入库管理', 2, 'com.ruoyi.asset.controller.AssetEnteringController.edit()', 'PUT', 1, 'admin', NULL, '/asset/entering', '127.0.0.1', '内网IP', '{\"houseId\":2,\"purchaseId\":1,\"house\":{\"params\":{},\"title\":\"杂物间\",\"id\":2},\"param\":\"I5 8G 500SSD\",\"updateBy\":\"admin\",\"id\":9,\"nums\":\"2341\\n1234213\\n2341\",\"price1\":6000,\"price2\":5400,\"cate\":{\"params\":{},\"title\":\"笔记本电脑\",\"type\":\"1\",\"children\":[],\"id\":6},\"amount\":3,\"recvTime\":1615132800000,\"recvUser\":{\"admin\":true,\"nickName\":\"超级管理员\",\"params\":{},\"userId\":1},\"updateTime\":1615191031376,\"params\":{},\"createBy\":\"admin\",\"createTime\":1615168491000,\"cateId\":6,\"name\":\"开发电脑\",\"recvUserId\":1}', '{\"msg\":\"操作成功\",\"code\":200}', 0, NULL, '2021-03-08 16:10:31');
INSERT INTO `sys_oper_log` VALUES (386, '入库管理', 2, 'com.ruoyi.asset.controller.AssetEnteringController.edit()', 'PUT', 1, 'admin', NULL, '/asset/entering', '127.0.0.1', '内网IP', '{\"houseId\":1,\"purchaseId\":1,\"house\":{\"params\":{},\"title\":\"大仓库\",\"id\":1},\"param\":\"I5 8G 500SSD\",\"updateBy\":\"admin\",\"id\":3,\"nums\":\"3242314\\n2342343\",\"price1\":6000,\"price2\":5600,\"cate\":{\"params\":{},\"title\":\"笔记本电脑\",\"type\":\"1\",\"children\":[],\"id\":6},\"amount\":2,\"recvTime\":1615132800000,\"recvUser\":{\"admin\":true,\"nickName\":\"超级管理员\",\"params\":{},\"userId\":1},\"updateTime\":1615191095504,\"params\":{},\"createBy\":\"admin\",\"createTime\":1615168300000,\"cateId\":6,\"name\":\"开发电脑\",\"recvUserId\":1}', '{\"msg\":\"操作成功\",\"code\":200}', 0, NULL, '2021-03-08 16:11:35');
INSERT INTO `sys_oper_log` VALUES (387, '上传文件', 1, 'com.ruoyi.sys.controller.SysFilesController.upload()', 'POST', 1, 'admin', NULL, '/sys/files/upload', '127.0.0.1', '内网IP', '', '{\"msg\":\"操作成功\",\"code\":200,\"data\":{\"createBy\":\"admin\",\"createTime\":1615188902000,\"id\":10,\"md5\":\"844e256bc1c53be11313befc50665866\",\"params\":{},\"path\":\"/profile/upload/2021/03/08/83c03a65-8c8d-432a-88da-70e48aed0167.jpg\",\"title\":\"微信图片_20201128210814.jpg\"}}', 0, NULL, '2021-03-08 16:12:22');
INSERT INTO `sys_oper_log` VALUES (388, '入库管理', 2, 'com.ruoyi.asset.controller.AssetEnteringController.edit()', 'PUT', 1, 'admin', NULL, '/asset/entering', '127.0.0.1', '内网IP', '{\"houseId\":1,\"imgId\":10,\"purchaseId\":1,\"house\":{\"params\":{},\"title\":\"大仓库\",\"id\":1},\"param\":\"I5 8G 500SSD\",\"updateBy\":\"admin\",\"id\":3,\"nums\":\"3242314\\n2342343\",\"price1\":6000,\"price2\":5600,\"cate\":{\"params\":{},\"title\":\"笔记本电脑\",\"type\":\"1\",\"children\":[],\"id\":6},\"amount\":2,\"recvTime\":1615132800000,\"recvUser\":{\"admin\":true,\"nickName\":\"超级管理员\",\"params\":{},\"userId\":1},\"updateTime\":1615191143750,\"params\":{},\"createBy\":\"admin\",\"createTime\":1615168300000,\"cateId\":6,\"name\":\"开发电脑\",\"recvUserId\":1}', '{\"msg\":\"操作成功\",\"code\":200}', 0, NULL, '2021-03-08 16:12:23');
INSERT INTO `sys_oper_log` VALUES (389, '上传文件', 1, 'com.ruoyi.sys.controller.SysFilesController.upload()', 'POST', 1, 'admin', NULL, '/sys/files/upload', '127.0.0.1', '内网IP', '', '{\"msg\":\"操作成功\",\"code\":200,\"data\":{\"createBy\":\"admin\",\"createTime\":1615188902000,\"id\":10,\"md5\":\"844e256bc1c53be11313befc50665866\",\"params\":{},\"path\":\"/profile/upload/2021/03/08/83c03a65-8c8d-432a-88da-70e48aed0167.jpg\",\"title\":\"微信图片_20201128210814.jpg\"}}', 0, NULL, '2021-03-08 16:13:19');
INSERT INTO `sys_oper_log` VALUES (390, '入库管理', 2, 'com.ruoyi.asset.controller.AssetEnteringController.edit()', 'PUT', 1, 'admin', NULL, '/asset/entering', '127.0.0.1', '内网IP', '{\"houseId\":1,\"imgId\":10,\"purchaseId\":1,\"house\":{\"params\":{},\"title\":\"大仓库\",\"id\":1},\"param\":\"I5 8G 500SSD\",\"updateBy\":\"admin\",\"id\":3,\"nums\":\"3242314\\n2342343\",\"price1\":6000,\"price2\":5600,\"cate\":{\"params\":{},\"title\":\"笔记本电脑\",\"type\":\"1\",\"children\":[],\"id\":6},\"amount\":2,\"recvTime\":1615132800000,\"recvUser\":{\"admin\":true,\"nickName\":\"超级管理员\",\"params\":{},\"userId\":1},\"updateTime\":1615191200498,\"params\":{},\"createBy\":\"admin\",\"createTime\":1615168300000,\"cateId\":6,\"name\":\"开发电脑\",\"recvUserId\":1}', '{\"msg\":\"操作成功\",\"code\":200}', 0, NULL, '2021-03-08 16:13:20');
INSERT INTO `sys_oper_log` VALUES (391, '下载文件', 0, 'com.ruoyi.sys.controller.SysFilesController.download()', 'GET', 1, NULL, NULL, '/sys/files/download/10', '127.0.0.1', '内网IP', '{id=10}', 'null', 0, NULL, '2021-03-08 16:14:36');
INSERT INTO `sys_oper_log` VALUES (392, '菜单管理', 1, 'com.ruoyi.web.controller.system.SysMenuController.add()', 'POST', 1, 'admin', NULL, '/system/menu', '127.0.0.1', '内网IP', '{\"visible\":\"0\",\"icon\":\"button\",\"orderNum\":\"2\",\"menuName\":\"使用申请\",\"params\":{},\"parentId\":2039,\"isCache\":\"0\",\"path\":\"asset/use/my\",\"component\":\"asset/use/my\",\"createBy\":\"admin\",\"children\":[],\"isFrame\":\"1\",\"menuType\":\"C\",\"perms\":\"asset:use:my\",\"status\":\"0\"}', '{\"msg\":\"操作成功\",\"code\":200}', 0, NULL, '2021-03-08 16:25:13');
INSERT INTO `sys_oper_log` VALUES (393, '菜单管理', 1, 'com.ruoyi.web.controller.system.SysMenuController.add()', 'POST', 1, 'admin', NULL, '/system/menu', '127.0.0.1', '内网IP', '{\"visible\":\"0\",\"orderNum\":\"1\",\"menuName\":\"新增\",\"params\":{},\"parentId\":2118,\"isCache\":\"0\",\"createBy\":\"admin\",\"children\":[],\"isFrame\":\"1\",\"menuType\":\"F\",\"perms\":\"asset:use:add\",\"status\":\"0\"}', '{\"msg\":\"操作成功\",\"code\":200}', 0, NULL, '2021-03-08 16:25:38');
INSERT INTO `sys_oper_log` VALUES (394, '菜单管理', 1, 'com.ruoyi.web.controller.system.SysMenuController.add()', 'POST', 1, 'admin', NULL, '/system/menu', '127.0.0.1', '内网IP', '{\"visible\":\"0\",\"orderNum\":\"2\",\"menuName\":\"编辑\",\"params\":{},\"parentId\":2118,\"isCache\":\"0\",\"createBy\":\"admin\",\"children\":[],\"isFrame\":\"1\",\"menuType\":\"F\",\"perms\":\"asset:use:edit\",\"status\":\"0\"}', '{\"msg\":\"操作成功\",\"code\":200}', 0, NULL, '2021-03-08 16:26:05');
INSERT INTO `sys_oper_log` VALUES (395, '菜单管理', 1, 'com.ruoyi.web.controller.system.SysMenuController.add()', 'POST', 1, 'admin', NULL, '/system/menu', '127.0.0.1', '内网IP', '{\"visible\":\"0\",\"orderNum\":\"3\",\"menuName\":\"删除\",\"params\":{},\"parentId\":2118,\"isCache\":\"0\",\"createBy\":\"admin\",\"children\":[],\"isFrame\":\"1\",\"menuType\":\"F\",\"perms\":\"asset:use:delete\",\"status\":\"0\"}', '{\"msg\":\"操作成功\",\"code\":200}', 0, NULL, '2021-03-08 16:26:26');
INSERT INTO `sys_oper_log` VALUES (396, '菜单管理', 1, 'com.ruoyi.web.controller.system.SysMenuController.add()', 'POST', 1, 'admin', NULL, '/system/menu', '127.0.0.1', '内网IP', '{\"visible\":\"0\",\"orderNum\":\"4\",\"menuName\":\"查询\",\"params\":{},\"parentId\":2118,\"isCache\":\"0\",\"createBy\":\"admin\",\"children\":[],\"isFrame\":\"1\",\"menuType\":\"F\",\"perms\":\"asset:use:query\",\"status\":\"0\"}', '{\"msg\":\"操作成功\",\"code\":200}', 0, NULL, '2021-03-08 16:26:42');
INSERT INTO `sys_oper_log` VALUES (397, '使用申请', 1, 'com.ruoyi.asset.controller.AssetUseController.add()', 'POST', 1, 'admin', NULL, '/asset/use', '127.0.0.1', '内网IP', '{\"reason\":\"32443214\",\"finishTime\":1616601600000,\"params\":{},\"checkStatus\":\"0\",\"createBy\":\"admin\",\"createTime\":1615192443954,\"param\":\"I5\",\"cateId\":6,\"startTime\":1614614400000,\"id\":1}', '{\"msg\":\"操作成功\",\"code\":200}', 0, NULL, '2021-03-08 16:34:03');
INSERT INTO `sys_oper_log` VALUES (398, '使用申请', 2, 'com.ruoyi.asset.controller.AssetUseController.edit()', 'PUT', 1, 'admin', NULL, '/asset/use', '127.0.0.1', '内网IP', '{\"reason\":\"32443214\",\"applyUser\":{\"admin\":true,\"nickName\":\"超级管理员\",\"params\":{},\"userId\":1},\"checkStatus\":\"1\",\"isRevert\":\"N\",\"param\":\"I5\",\"updateBy\":\"admin\",\"assetId\":40,\"startTime\":1614614400000,\"id\":1,\"cate\":{\"params\":{},\"title\":\"笔记本电脑\",\"type\":\"1\",\"children\":[],\"id\":6},\"finishTime\":1616601600000,\"updateTime\":1615194666352,\"params\":{},\"createBy\":\"admin\",\"createTime\":1615192444000,\"cateId\":6}', '{\"msg\":\"操作成功\",\"code\":200}', 0, NULL, '2021-03-08 17:11:06');
INSERT INTO `sys_oper_log` VALUES (399, '使用申请', 2, 'com.ruoyi.asset.controller.AssetUseController.edit()', 'PUT', 1, 'admin', NULL, '/asset/use', '127.0.0.1', '内网IP', '{\"reason\":\"32443214\",\"applyUser\":{\"admin\":true,\"nickName\":\"超级管理员\",\"params\":{},\"userId\":1},\"checkStatus\":\"1\",\"isRevert\":\"N\",\"param\":\"I5\",\"updateBy\":\"admin\",\"assetId\":41,\"startTime\":1614614400000,\"id\":1,\"cate\":{\"params\":{},\"title\":\"笔记本电脑\",\"type\":\"1\",\"children\":[],\"id\":6},\"finishTime\":1616601600000,\"updateTime\":1615194901672,\"params\":{},\"createBy\":\"admin\",\"createTime\":1615192444000,\"cateId\":6,\"asset\":{\"num\":\"1234213\",\"id\":40,\"params\":{},\"name\":\"开发电脑\"}}', '{\"msg\":\"操作成功\",\"code\":200}', 0, NULL, '2021-03-08 17:15:01');
INSERT INTO `sys_oper_log` VALUES (400, '审核使用申请', 2, 'com.ruoyi.asset.controller.AssetUseController.check()', 'PUT', 1, 'admin', NULL, '/asset/use/check', '127.0.0.1', '内网IP', '{\"reason\":\"32443214\",\"checkUserId\":1,\"applyUser\":{\"admin\":true,\"nickName\":\"超级管理员\",\"params\":{},\"userId\":1},\"checkStatus\":\"1\",\"isRevert\":\"N\",\"param\":\"I5\",\"updateBy\":\"admin\",\"assetId\":41,\"startTime\":1614614400000,\"id\":1,\"cate\":{\"params\":{},\"title\":\"笔记本电脑\",\"type\":\"1\",\"children\":[],\"id\":6},\"finishTime\":1616601600000,\"updateTime\":1615194902000,\"params\":{},\"createBy\":\"admin\",\"checkTime\":1615194954518,\"createTime\":1615192444000,\"cateId\":6,\"asset\":{\"num\":\"42134\",\"id\":41,\"params\":{},\"name\":\"开发电脑\"}}', '{\"msg\":\"操作成功\",\"code\":200}', 0, NULL, '2021-03-08 17:15:54');
INSERT INTO `sys_oper_log` VALUES (401, '使用申请', 5, 'com.ruoyi.asset.controller.AssetUseController.export()', 'GET', 1, 'admin', NULL, '/asset/use/export', '127.0.0.1', '内网IP', '{}', '{\"msg\":\"5f742a15-6949-415e-b0f2-24564a894915_use.xlsx\",\"code\":200}', 0, NULL, '2021-03-08 17:19:02');
INSERT INTO `sys_oper_log` VALUES (402, '使用申请', 5, 'com.ruoyi.asset.controller.AssetUseController.export()', 'GET', 1, 'admin', NULL, '/asset/use/export', '127.0.0.1', '内网IP', '{}', '{\"msg\":\"425cd8a1-27b0-4d5c-a345-a189c81053a4_use.xlsx\",\"code\":200}', 0, NULL, '2021-03-08 17:21:36');
INSERT INTO `sys_oper_log` VALUES (403, '使用申请', 5, 'com.ruoyi.asset.controller.AssetUseController.export()', 'GET', 1, 'admin', NULL, '/asset/use/export', '127.0.0.1', '内网IP', '{}', '{\"msg\":\"699220c8-a0c1-43c3-8572-4f256fd43dd4_use.xlsx\",\"code\":200}', 0, NULL, '2021-03-08 17:23:50');
INSERT INTO `sys_oper_log` VALUES (404, '使用申请', 5, 'com.ruoyi.asset.controller.AssetUseController.export()', 'GET', 1, 'admin', NULL, '/asset/use/export', '127.0.0.1', '内网IP', '{}', '{\"msg\":\"8aef529a-0bdf-4493-bcd9-098ef948bec9_use.xlsx\",\"code\":200}', 0, NULL, '2021-03-08 17:25:02');
INSERT INTO `sys_oper_log` VALUES (405, '上传文件', 1, 'com.ruoyi.sys.controller.SysFilesController.upload()', 'POST', 1, 'admin', NULL, '/sys/files/upload', '127.0.0.1', '内网IP', '', '{\"msg\":\"操作成功\",\"code\":200,\"data\":{\"createBy\":\"admin\",\"createTime\":1615188902000,\"id\":10,\"md5\":\"844e256bc1c53be11313befc50665866\",\"params\":{},\"path\":\"/profile/upload/2021/03/08/83c03a65-8c8d-432a-88da-70e48aed0167.jpg\",\"title\":\"微信图片_20201128210814.jpg\"}}', 0, NULL, '2021-03-08 17:58:34');
INSERT INTO `sys_oper_log` VALUES (406, '上传文件', 1, 'com.ruoyi.sys.controller.SysFilesController.upload()', 'POST', 1, 'admin', NULL, '/sys/files/upload', '127.0.0.1', '内网IP', '', '{\"msg\":\"操作成功\",\"code\":200,\"data\":{\"createBy\":\"admin\",\"createTime\":1615188902000,\"id\":10,\"md5\":\"844e256bc1c53be11313befc50665866\",\"params\":{},\"path\":\"/profile/upload/2021/03/08/83c03a65-8c8d-432a-88da-70e48aed0167.jpg\",\"title\":\"微信图片_20201128210814.jpg\"}}', 0, NULL, '2021-03-08 18:11:31');
INSERT INTO `sys_oper_log` VALUES (407, '出库管理', 1, 'com.ruoyi.asset.controller.AssetDeliveryController.add()', 'POST', 1, 'admin', NULL, '/asset/delivery', '127.0.0.1', '内网IP', '{\"amount\":1,\"params\":{},\"createBy\":\"admin\",\"createTime\":1615198293413}', 'null', 1, '\r\n### Error updating database.  Cause: java.sql.SQLException: Field \'cate_id\' doesn\'t have a default value\r\n### The error may exist in file [D:\\work-assets\\assets\\asset\\target\\classes\\mapper\\asset\\AssetDeliveryMapper.xml]\r\n### The error may involve com.ruoyi.asset.mapper.AssetDeliveryMapper.insertAssetDelivery-Inline\r\n### The error occurred while setting parameters\r\n### SQL: insert into asset_delivery          ( amount,                                                    create_by,             create_time )           values ( ?,                                                    ?,             ? )\r\n### Cause: java.sql.SQLException: Field \'cate_id\' doesn\'t have a default value\n; Field \'cate_id\' doesn\'t have a default value; nested exception is java.sql.SQLException: Field \'cate_id\' doesn\'t have a default value', '2021-03-08 18:11:33');
INSERT INTO `sys_oper_log` VALUES (408, '出库管理', 1, 'com.ruoyi.asset.controller.AssetDeliveryController.add()', 'POST', 1, 'admin', NULL, '/asset/delivery', '127.0.0.1', '内网IP', '{\"amount\":1,\"params\":{},\"createBy\":\"admin\",\"createTime\":1615200609897}', 'null', 1, '\r\n### Error updating database.  Cause: java.sql.SQLException: Field \'cate_id\' doesn\'t have a default value\r\n### The error may exist in file [D:\\work-assets\\assets\\asset\\target\\classes\\mapper\\asset\\AssetDeliveryMapper.xml]\r\n### The error may involve com.ruoyi.asset.mapper.AssetDeliveryMapper.insertAssetDelivery-Inline\r\n### The error occurred while setting parameters\r\n### SQL: insert into asset_delivery          ( amount,                                                    create_by,             create_time )           values ( ?,                                                    ?,             ? )\r\n### Cause: java.sql.SQLException: Field \'cate_id\' doesn\'t have a default value\n; Field \'cate_id\' doesn\'t have a default value; nested exception is java.sql.SQLException: Field \'cate_id\' doesn\'t have a default value', '2021-03-08 18:50:09');
INSERT INTO `sys_oper_log` VALUES (409, '出库管理', 1, 'com.ruoyi.asset.controller.AssetDeliveryController.add()', 'POST', 1, 'admin', NULL, '/asset/delivery', '127.0.0.1', '内网IP', '{\"amount\":1,\"params\":{},\"createBy\":\"admin\",\"createTime\":1615200744798}', 'null', 1, '\r\n### Error updating database.  Cause: java.sql.SQLException: Field \'cate_id\' doesn\'t have a default value\r\n### The error may exist in file [D:\\work-assets\\assets\\asset\\target\\classes\\mapper\\asset\\AssetDeliveryMapper.xml]\r\n### The error may involve com.ruoyi.asset.mapper.AssetDeliveryMapper.insertAssetDelivery-Inline\r\n### The error occurred while setting parameters\r\n### SQL: insert into asset_delivery          ( amount,                                                    create_by,             create_time )           values ( ?,                                                    ?,             ? )\r\n### Cause: java.sql.SQLException: Field \'cate_id\' doesn\'t have a default value\n; Field \'cate_id\' doesn\'t have a default value; nested exception is java.sql.SQLException: Field \'cate_id\' doesn\'t have a default value', '2021-03-08 18:52:24');
INSERT INTO `sys_oper_log` VALUES (410, '出库管理', 1, 'com.ruoyi.asset.controller.AssetDeliveryController.add()', 'POST', 1, 'admin', NULL, '/asset/delivery', '127.0.0.1', '内网IP', '{\"amount\":1,\"params\":{},\"createBy\":\"admin\",\"createTime\":1615200750341}', 'null', 1, '\r\n### Error updating database.  Cause: java.sql.SQLException: Field \'cate_id\' doesn\'t have a default value\r\n### The error may exist in file [D:\\work-assets\\assets\\asset\\target\\classes\\mapper\\asset\\AssetDeliveryMapper.xml]\r\n### The error may involve com.ruoyi.asset.mapper.AssetDeliveryMapper.insertAssetDelivery-Inline\r\n### The error occurred while setting parameters\r\n### SQL: insert into asset_delivery          ( amount,                                                    create_by,             create_time )           values ( ?,                                                    ?,             ? )\r\n### Cause: java.sql.SQLException: Field \'cate_id\' doesn\'t have a default value\n; Field \'cate_id\' doesn\'t have a default value; nested exception is java.sql.SQLException: Field \'cate_id\' doesn\'t have a default value', '2021-03-08 18:52:30');
INSERT INTO `sys_oper_log` VALUES (411, '上传文件', 1, 'com.ruoyi.sys.controller.SysFilesController.upload()', 'POST', 1, 'admin', NULL, '/sys/files/upload', '127.0.0.1', '内网IP', '', '{\"msg\":\"操作成功\",\"code\":200,\"data\":{\"createBy\":\"admin\",\"createTime\":1615188902000,\"id\":10,\"md5\":\"844e256bc1c53be11313befc50665866\",\"params\":{},\"path\":\"/profile/upload/2021/03/08/83c03a65-8c8d-432a-88da-70e48aed0167.jpg\",\"title\":\"微信图片_20201128210814.jpg\"}}', 0, NULL, '2021-03-08 18:52:41');
INSERT INTO `sys_oper_log` VALUES (412, '出库管理', 1, 'com.ruoyi.asset.controller.AssetDeliveryController.add()', 'POST', 1, 'admin', NULL, '/asset/delivery', '127.0.0.1', '内网IP', '{\"amount\":1,\"params\":{},\"createBy\":\"admin\",\"createTime\":1615200762540}', 'null', 1, '\r\n### Error updating database.  Cause: java.sql.SQLException: Field \'cate_id\' doesn\'t have a default value\r\n### The error may exist in file [D:\\work-assets\\assets\\asset\\target\\classes\\mapper\\asset\\AssetDeliveryMapper.xml]\r\n### The error may involve com.ruoyi.asset.mapper.AssetDeliveryMapper.insertAssetDelivery-Inline\r\n### The error occurred while setting parameters\r\n### SQL: insert into asset_delivery          ( amount,                                                    create_by,             create_time )           values ( ?,                                                    ?,             ? )\r\n### Cause: java.sql.SQLException: Field \'cate_id\' doesn\'t have a default value\n; Field \'cate_id\' doesn\'t have a default value; nested exception is java.sql.SQLException: Field \'cate_id\' doesn\'t have a default value', '2021-03-08 18:52:42');
INSERT INTO `sys_oper_log` VALUES (413, '出库管理', 1, 'com.ruoyi.asset.controller.AssetDeliveryController.add()', 'POST', 1, 'admin', NULL, '/asset/delivery', '127.0.0.1', '内网IP', '{\"amount\":1,\"params\":{},\"createBy\":\"admin\",\"createTime\":1615200801780}', 'null', 1, '\r\n### Error updating database.  Cause: java.sql.SQLException: Field \'cate_id\' doesn\'t have a default value\r\n### The error may exist in file [D:\\work-assets\\assets\\asset\\target\\classes\\mapper\\asset\\AssetDeliveryMapper.xml]\r\n### The error may involve com.ruoyi.asset.mapper.AssetDeliveryMapper.insertAssetDelivery-Inline\r\n### The error occurred while setting parameters\r\n### SQL: insert into asset_delivery          ( amount,                                                    create_by,             create_time )           values ( ?,                                                    ?,             ? )\r\n### Cause: java.sql.SQLException: Field \'cate_id\' doesn\'t have a default value\n; Field \'cate_id\' doesn\'t have a default value; nested exception is java.sql.SQLException: Field \'cate_id\' doesn\'t have a default value', '2021-03-08 18:53:21');
INSERT INTO `sys_oper_log` VALUES (414, '出库管理', 1, 'com.ruoyi.asset.controller.AssetDeliveryController.add()', 'POST', 1, 'admin', NULL, '/asset/delivery', '127.0.0.1', '内网IP', '{\"amount\":1,\"params\":{},\"createBy\":\"admin\",\"createTime\":1615200811446}', 'null', 1, '\r\n### Error updating database.  Cause: java.sql.SQLException: Field \'cate_id\' doesn\'t have a default value\r\n### The error may exist in file [D:\\work-assets\\assets\\asset\\target\\classes\\mapper\\asset\\AssetDeliveryMapper.xml]\r\n### The error may involve com.ruoyi.asset.mapper.AssetDeliveryMapper.insertAssetDelivery-Inline\r\n### The error occurred while setting parameters\r\n### SQL: insert into asset_delivery          ( amount,                                                    create_by,             create_time )           values ( ?,                                                    ?,             ? )\r\n### Cause: java.sql.SQLException: Field \'cate_id\' doesn\'t have a default value\n; Field \'cate_id\' doesn\'t have a default value; nested exception is java.sql.SQLException: Field \'cate_id\' doesn\'t have a default value', '2021-03-08 18:53:31');
INSERT INTO `sys_oper_log` VALUES (415, '出库管理', 1, 'com.ruoyi.asset.controller.AssetDeliveryController.add()', 'POST', 1, 'admin', NULL, '/asset/delivery', '127.0.0.1', '内网IP', '{\"amount\":1,\"params\":{},\"createBy\":\"admin\",\"createTime\":1615200848830}', 'null', 1, '\r\n### Error updating database.  Cause: java.sql.SQLException: Field \'cate_id\' doesn\'t have a default value\r\n### The error may exist in file [D:\\work-assets\\assets\\asset\\target\\classes\\mapper\\asset\\AssetDeliveryMapper.xml]\r\n### The error may involve com.ruoyi.asset.mapper.AssetDeliveryMapper.insertAssetDelivery-Inline\r\n### The error occurred while setting parameters\r\n### SQL: insert into asset_delivery          ( amount,                                                    create_by,             create_time )           values ( ?,                                                    ?,             ? )\r\n### Cause: java.sql.SQLException: Field \'cate_id\' doesn\'t have a default value\n; Field \'cate_id\' doesn\'t have a default value; nested exception is java.sql.SQLException: Field \'cate_id\' doesn\'t have a default value', '2021-03-08 18:54:08');
INSERT INTO `sys_oper_log` VALUES (416, '出库管理', 1, 'com.ruoyi.asset.controller.AssetDeliveryController.add()', 'POST', 1, 'admin', NULL, '/asset/delivery', '127.0.0.1', '内网IP', '{\"amount\":1,\"params\":{},\"createBy\":\"admin\",\"createTime\":1615200853903}', 'null', 1, '\r\n### Error updating database.  Cause: java.sql.SQLException: Field \'cate_id\' doesn\'t have a default value\r\n### The error may exist in file [D:\\work-assets\\assets\\asset\\target\\classes\\mapper\\asset\\AssetDeliveryMapper.xml]\r\n### The error may involve com.ruoyi.asset.mapper.AssetDeliveryMapper.insertAssetDelivery-Inline\r\n### The error occurred while setting parameters\r\n### SQL: insert into asset_delivery          ( amount,                                                    create_by,             create_time )           values ( ?,                                                    ?,             ? )\r\n### Cause: java.sql.SQLException: Field \'cate_id\' doesn\'t have a default value\n; Field \'cate_id\' doesn\'t have a default value; nested exception is java.sql.SQLException: Field \'cate_id\' doesn\'t have a default value', '2021-03-08 18:54:13');
INSERT INTO `sys_oper_log` VALUES (417, '出库管理', 1, 'com.ruoyi.asset.controller.AssetDeliveryController.add()', 'POST', 1, 'admin', NULL, '/asset/delivery', '127.0.0.1', '内网IP', '{\"amount\":1,\"params\":{},\"createBy\":\"admin\",\"createTime\":1615200865596,\"recvUserId\":1}', 'null', 1, '\r\n### Error updating database.  Cause: java.sql.SQLException: Field \'cate_id\' doesn\'t have a default value\r\n### The error may exist in file [D:\\work-assets\\assets\\asset\\target\\classes\\mapper\\asset\\AssetDeliveryMapper.xml]\r\n### The error may involve com.ruoyi.asset.mapper.AssetDeliveryMapper.insertAssetDelivery-Inline\r\n### The error occurred while setting parameters\r\n### SQL: insert into asset_delivery          ( amount,                          recv_user_id,                          create_by,             create_time )           values ( ?,                          ?,                          ?,             ? )\r\n### Cause: java.sql.SQLException: Field \'cate_id\' doesn\'t have a default value\n; Field \'cate_id\' doesn\'t have a default value; nested exception is java.sql.SQLException: Field \'cate_id\' doesn\'t have a default value', '2021-03-08 18:54:25');
INSERT INTO `sys_oper_log` VALUES (418, '上传文件', 1, 'com.ruoyi.sys.controller.SysFilesController.upload()', 'POST', 1, 'admin', NULL, '/sys/files/upload', '127.0.0.1', '内网IP', '', '{\"msg\":\"操作成功\",\"code\":200,\"data\":{\"createBy\":\"admin\",\"createTime\":1615188902000,\"id\":10,\"md5\":\"844e256bc1c53be11313befc50665866\",\"params\":{},\"path\":\"/profile/upload/2021/03/08/83c03a65-8c8d-432a-88da-70e48aed0167.jpg\",\"title\":\"微信图片_20201128210814.jpg\"}}', 0, NULL, '2021-03-08 18:55:05');
INSERT INTO `sys_oper_log` VALUES (419, '出库管理', 1, 'com.ruoyi.asset.controller.AssetDeliveryController.add()', 'POST', 1, 'admin', NULL, '/asset/delivery', '127.0.0.1', '内网IP', '{\"amount\":1,\"houseId\":2,\"imgId\":10,\"params\":{},\"createBy\":\"admin\",\"createTime\":1615200907910,\"assetId\":41,\"cateId\":6,\"recvUserId\":1}', 'null', 1, '\r\n### Error updating database.  Cause: java.sql.SQLException: Field \'update_by\' doesn\'t have a default value\r\n### The error may exist in file [D:\\work-assets\\assets\\asset\\target\\classes\\mapper\\asset\\AssetDeliveryMapper.xml]\r\n### The error may involve com.ruoyi.asset.mapper.AssetDeliveryMapper.insertAssetDelivery-Inline\r\n### The error occurred while setting parameters\r\n### SQL: insert into asset_delivery          ( cate_id,                          asset_id,             amount,             house_id,             recv_user_id,             img_id,             create_by,             create_time )           values ( ?,                          ?,             ?,             ?,             ?,             ?,             ?,             ? )\r\n### Cause: java.sql.SQLException: Field \'update_by\' doesn\'t have a default value\n; Field \'update_by\' doesn\'t have a default value; nested exception is java.sql.SQLException: Field \'update_by\' doesn\'t have a default value', '2021-03-08 18:55:07');
INSERT INTO `sys_oper_log` VALUES (420, '出库管理', 1, 'com.ruoyi.asset.controller.AssetDeliveryController.add()', 'POST', 1, 'admin', NULL, '/asset/delivery', '127.0.0.1', '内网IP', '{\"amount\":1,\"houseId\":2,\"imgId\":10,\"params\":{},\"createBy\":\"admin\",\"createTime\":1615200934295,\"assetId\":41,\"cateId\":6,\"id\":1,\"recvUserId\":1}', '{\"msg\":\"操作成功\",\"code\":200}', 0, NULL, '2021-03-08 18:55:34');
INSERT INTO `sys_oper_log` VALUES (421, '上传文件', 1, 'com.ruoyi.sys.controller.SysFilesController.upload()', 'POST', 1, 'admin', NULL, '/sys/files/upload', '127.0.0.1', '内网IP', '', '{\"msg\":\"操作成功\",\"code\":200,\"data\":{\"createBy\":\"admin\",\"createTime\":1615188902000,\"id\":10,\"md5\":\"844e256bc1c53be11313befc50665866\",\"params\":{},\"path\":\"/profile/upload/2021/03/08/83c03a65-8c8d-432a-88da-70e48aed0167.jpg\",\"title\":\"微信图片_20201128210814.jpg\"}}', 0, NULL, '2021-03-08 19:07:16');
INSERT INTO `sys_oper_log` VALUES (422, '出库管理', 1, 'com.ruoyi.asset.controller.AssetDeliveryController.add()', 'POST', 1, 'admin', NULL, '/asset/delivery', '127.0.0.1', '内网IP', '{\"amount\":1,\"houseId\":2,\"imgId\":10,\"params\":{},\"applyId\":1,\"createBy\":\"admin\",\"createTime\":1615201639268,\"assetId\":41,\"cateId\":6,\"id\":2,\"recvUserId\":1}', '{\"msg\":\"操作成功\",\"code\":200}', 0, NULL, '2021-03-08 19:07:19');
INSERT INTO `sys_oper_log` VALUES (423, '归还使用', 2, 'com.ruoyi.asset.controller.AssetUseController.check()', 'GET', 1, 'admin', NULL, '/asset/use/revert/1', '127.0.0.1', '内网IP', '{id=1}', '{\"msg\":\"操作成功\",\"code\":200}', 0, NULL, '2021-03-08 19:08:50');
INSERT INTO `sys_oper_log` VALUES (424, '使用申请', 5, 'com.ruoyi.asset.controller.AssetUseController.export()', 'GET', 1, 'admin', NULL, '/asset/use/export', '127.0.0.1', '内网IP', '{}', '{\"msg\":\"f96a6041-b00c-40b2-81d5-47adc2accc59_use.xlsx\",\"code\":200}', 0, NULL, '2021-03-08 19:08:55');
INSERT INTO `sys_oper_log` VALUES (425, '出库管理', 5, 'com.ruoyi.asset.controller.AssetDeliveryController.export()', 'GET', 1, 'admin', NULL, '/asset/delivery/export', '127.0.0.1', '内网IP', '{}', '{\"msg\":\"323ff179-cdc0-4c74-8ee1-6cb424ed19b5_delivery.xlsx\",\"code\":200}', 0, NULL, '2021-03-08 19:28:17');
INSERT INTO `sys_oper_log` VALUES (426, '菜单管理', 2, 'com.ruoyi.web.controller.system.SysMenuController.edit()', 'PUT', 1, 'admin', NULL, '/system/menu', '127.0.0.1', '内网IP', '{\"visible\":\"0\",\"icon\":\"form\",\"orderNum\":\"1\",\"menuName\":\"出库管理\",\"params\":{},\"parentId\":2042,\"isCache\":\"0\",\"path\":\"delivery\",\"component\":\"asset/delivery/index\",\"children\":[],\"createTime\":1614906132000,\"updateBy\":\"admin\",\"isFrame\":\"1\",\"menuId\":2073,\"menuType\":\"C\",\"perms\":\"asset:delivery:list\",\"status\":\"0\"}', '{\"msg\":\"操作成功\",\"code\":200}', 0, NULL, '2021-03-08 19:33:58');
INSERT INTO `sys_oper_log` VALUES (427, '菜单管理', 2, 'com.ruoyi.web.controller.system.SysMenuController.edit()', 'PUT', 1, 'admin', NULL, '/system/menu', '127.0.0.1', '内网IP', '{\"visible\":\"0\",\"icon\":\"button\",\"orderNum\":\"1\",\"menuName\":\"使用申请\",\"params\":{},\"parentId\":2042,\"isCache\":\"0\",\"path\":\"use\",\"component\":\"asset/use/index\",\"children\":[],\"createTime\":1614906125000,\"updateBy\":\"admin\",\"isFrame\":\"1\",\"menuId\":2067,\"menuType\":\"C\",\"perms\":\"asset:use:list\",\"status\":\"0\"}', '{\"msg\":\"操作成功\",\"code\":200}', 0, NULL, '2021-03-08 19:34:07');
INSERT INTO `sys_oper_log` VALUES (428, '菜单管理', 2, 'com.ruoyi.web.controller.system.SysMenuController.edit()', 'PUT', 1, 'admin', NULL, '/system/menu', '127.0.0.1', '内网IP', '{\"visible\":\"0\",\"icon\":\"checkbox\",\"orderNum\":\"1\",\"menuName\":\"耗材领用\",\"params\":{},\"parentId\":2042,\"isCache\":\"0\",\"path\":\"pickup\",\"component\":\"asset/pickup/index\",\"children\":[],\"createTime\":1614906214000,\"updateBy\":\"admin\",\"isFrame\":\"1\",\"menuId\":2097,\"menuType\":\"C\",\"perms\":\"asset:pickup:list\",\"status\":\"0\"}', '{\"msg\":\"操作成功\",\"code\":200}', 0, NULL, '2021-03-08 19:34:19');
INSERT INTO `sys_oper_log` VALUES (429, '菜单管理', 2, 'com.ruoyi.web.controller.system.SysMenuController.edit()', 'PUT', 1, 'admin', NULL, '/system/menu', '127.0.0.1', '内网IP', '{\"visible\":\"0\",\"icon\":\"money\",\"orderNum\":\"1\",\"menuName\":\"资产租售\",\"params\":{},\"parentId\":2042,\"isCache\":\"0\",\"path\":\"sales\",\"component\":\"asset/sales/index\",\"children\":[],\"createTime\":1614906160000,\"updateBy\":\"admin\",\"isFrame\":\"1\",\"menuId\":2091,\"menuType\":\"C\",\"perms\":\"asset:sales:list\",\"status\":\"0\"}', '{\"msg\":\"操作成功\",\"code\":200}', 0, NULL, '2021-03-08 19:34:37');
INSERT INTO `sys_oper_log` VALUES (430, '菜单管理', 1, 'com.ruoyi.web.controller.system.SysMenuController.add()', 'POST', 1, 'admin', NULL, '/system/menu', '127.0.0.1', '内网IP', '{\"visible\":\"0\",\"icon\":\"checkbox\",\"orderNum\":\"3\",\"menuName\":\"领用申请\",\"params\":{},\"parentId\":2039,\"isCache\":\"0\",\"path\":\"asset/pickup/my\",\"component\":\"asset/pickup/my\",\"createBy\":\"admin\",\"children\":[],\"isFrame\":\"1\",\"menuType\":\"C\",\"perms\":\"asset:pickup:my\",\"status\":\"0\"}', '{\"msg\":\"操作成功\",\"code\":200}', 0, NULL, '2021-03-08 19:43:25');
INSERT INTO `sys_oper_log` VALUES (431, '菜单管理', 1, 'com.ruoyi.web.controller.system.SysMenuController.add()', 'POST', 1, 'admin', NULL, '/system/menu', '127.0.0.1', '内网IP', '{\"visible\":\"0\",\"orderNum\":\"1\",\"menuName\":\"新增\",\"params\":{},\"parentId\":2123,\"isCache\":\"0\",\"createBy\":\"admin\",\"children\":[],\"isFrame\":\"1\",\"menuType\":\"F\",\"perms\":\"asset:pickup:add\",\"status\":\"0\"}', '{\"msg\":\"操作成功\",\"code\":200}', 0, NULL, '2021-03-08 19:43:48');
INSERT INTO `sys_oper_log` VALUES (432, '菜单管理', 1, 'com.ruoyi.web.controller.system.SysMenuController.add()', 'POST', 1, 'admin', NULL, '/system/menu', '127.0.0.1', '内网IP', '{\"visible\":\"0\",\"orderNum\":\"2\",\"menuName\":\"编辑\",\"params\":{},\"parentId\":2123,\"isCache\":\"0\",\"createBy\":\"admin\",\"children\":[],\"isFrame\":\"1\",\"menuType\":\"F\",\"perms\":\"asset:pickup:edit\",\"status\":\"0\"}', '{\"msg\":\"操作成功\",\"code\":200}', 0, NULL, '2021-03-08 19:44:11');
INSERT INTO `sys_oper_log` VALUES (433, '菜单管理', 1, 'com.ruoyi.web.controller.system.SysMenuController.add()', 'POST', 1, 'admin', NULL, '/system/menu', '127.0.0.1', '内网IP', '{\"visible\":\"0\",\"orderNum\":\"3\",\"menuName\":\"删除\",\"params\":{},\"parentId\":2123,\"isCache\":\"0\",\"createBy\":\"admin\",\"children\":[],\"isFrame\":\"1\",\"menuType\":\"F\",\"perms\":\"asset:pickup:delete\",\"status\":\"0\"}', '{\"msg\":\"操作成功\",\"code\":200}', 0, NULL, '2021-03-08 19:44:23');
INSERT INTO `sys_oper_log` VALUES (434, '菜单管理', 1, 'com.ruoyi.web.controller.system.SysMenuController.add()', 'POST', 1, 'admin', NULL, '/system/menu', '127.0.0.1', '内网IP', '{\"visible\":\"0\",\"orderNum\":\"4\",\"menuName\":\"查询\",\"params\":{},\"parentId\":2123,\"isCache\":\"0\",\"createBy\":\"admin\",\"children\":[],\"isFrame\":\"1\",\"menuType\":\"F\",\"perms\":\"asset:pickup:query\",\"status\":\"0\"}', '{\"msg\":\"操作成功\",\"code\":200}', 0, NULL, '2021-03-08 19:44:39');
INSERT INTO `sys_oper_log` VALUES (435, '耗材领用', 1, 'com.ruoyi.asset.controller.AssetPickupController.add()', 'POST', 1, 'admin', NULL, '/asset/pickup', '127.0.0.1', '内网IP', '{\"reason\":\"1\",\"amount\":1,\"materialId\":1,\"params\":{},\"checkStatus\":\"0\",\"createBy\":\"admin\",\"createTime\":1615204438939,\"cateId\":11,\"id\":1}', '{\"msg\":\"操作成功\",\"code\":200}', 0, NULL, '2021-03-08 19:53:58');
INSERT INTO `sys_oper_log` VALUES (436, '审核耗材领用', 2, 'com.ruoyi.asset.controller.AssetPickupController.check()', 'PUT', 1, 'admin', NULL, '/asset/pickup/check', '127.0.0.1', '内网IP', '{\"cate\":{\"params\":{},\"title\":\"圆珠笔\",\"type\":\"2\",\"children\":[],\"id\":11},\"reason\":\"1\",\"amount\":1,\"checkUserId\":1,\"materialId\":1,\"params\":{},\"applyUser\":{\"admin\":true,\"nickName\":\"超级管理员\",\"params\":{},\"userId\":1},\"checkStatus\":\"1\",\"createBy\":\"admin\",\"isDelivery\":\"N\",\"checkTime\":1615253612405,\"material\":{\"params\":{},\"cateId\":11,\"name\":\"圆珠笔\",\"id\":1},\"createTime\":1615204439000,\"cateId\":11,\"id\":1}', '{\"msg\":\"操作成功\",\"code\":200}', 0, NULL, '2021-03-09 09:33:32');
INSERT INTO `sys_oper_log` VALUES (437, '上传文件', 1, 'com.ruoyi.sys.controller.SysFilesController.upload()', 'POST', 1, 'admin', NULL, '/sys/files/upload', '127.0.0.1', '内网IP', '', '{\"msg\":\"操作成功\",\"code\":200,\"data\":{\"createBy\":\"admin\",\"createTime\":1615188902000,\"id\":10,\"md5\":\"844e256bc1c53be11313befc50665866\",\"params\":{},\"path\":\"/profile/upload/2021/03/08/83c03a65-8c8d-432a-88da-70e48aed0167.jpg\",\"title\":\"微信图片_20201128210814.jpg\"}}', 0, NULL, '2021-03-09 09:34:46');
INSERT INTO `sys_oper_log` VALUES (438, '出库管理', 1, 'com.ruoyi.asset.controller.AssetDeliveryController.add()', 'POST', 1, 'admin', NULL, '/asset/delivery', '127.0.0.1', '内网IP', '{\"amount\":1,\"houseId\":2,\"imgId\":10,\"materialId\":1,\"params\":{},\"applyId\":1,\"createBy\":\"admin\",\"createTime\":1615253688969,\"cateId\":11,\"id\":3,\"recvUserId\":1}', '{\"msg\":\"操作成功\",\"code\":200}', 0, NULL, '2021-03-09 09:34:48');
INSERT INTO `sys_oper_log` VALUES (439, '出库管理', 5, 'com.ruoyi.asset.controller.AssetDeliveryController.export()', 'GET', 1, 'admin', NULL, '/asset/delivery/export', '127.0.0.1', '内网IP', '{}', '{\"msg\":\"0e413bed-8a14-4828-8711-329ae35f38ac_delivery.xlsx\",\"code\":200}', 0, NULL, '2021-03-09 09:37:43');
INSERT INTO `sys_oper_log` VALUES (440, '字典数据', 1, 'com.ruoyi.web.controller.system.SysDictDataController.add()', 'POST', 1, 'admin', NULL, '/system/dict/data', '127.0.0.1', '内网IP', '{\"dictValue\":\"6\",\"dictSort\":6,\"params\":{},\"dictType\":\"asset_status\",\"dictLabel\":\"售出\",\"createBy\":\"admin\",\"default\":false,\"status\":\"0\"}', '{\"msg\":\"操作成功\",\"code\":200}', 0, NULL, '2021-03-09 11:33:46');
INSERT INTO `sys_oper_log` VALUES (441, '字典数据', 1, 'com.ruoyi.web.controller.system.SysDictDataController.add()', 'POST', 1, 'admin', NULL, '/system/dict/data', '127.0.0.1', '内网IP', '{\"dictValue\":\"7\",\"dictSort\":7,\"params\":{},\"dictType\":\"asset_status\",\"dictLabel\":\"出租\",\"createBy\":\"admin\",\"default\":false,\"status\":\"0\"}', '{\"msg\":\"操作成功\",\"code\":200}', 0, NULL, '2021-03-09 11:34:00');
INSERT INTO `sys_oper_log` VALUES (442, '资产租售', 1, 'com.ruoyi.asset.controller.AssetSalesController.add()', 'POST', 1, 'admin', NULL, '/asset/sales', '127.0.0.1', '内网IP', '{\"reason\":\"234234\",\"amount\":1,\"params\":{},\"type\":\"1\",\"masterUserId\":1,\"createBy\":\"admin\",\"createTime\":1615261167183,\"assetId\":34,\"cateId\":6,\"price\":340,\"isComplete\":\"Y\"}', 'null', 1, '\r\n### Error updating database.  Cause: java.sql.SQLException: Field \'update_by\' doesn\'t have a default value\r\n### The error may exist in file [D:\\work-assets\\assets\\asset\\target\\classes\\mapper\\asset\\AssetSalesMapper.xml]\r\n### The error may involve com.ruoyi.asset.mapper.AssetSalesMapper.insertAssetSales-Inline\r\n### The error occurred while setting parameters\r\n### SQL: insert into asset_sales          ( cate_id,                          asset_id,             type,             amount,             price,             reason,             master_user_id,                                       create_by,             is_complete,             create_time )           values ( ?,                          ?,             ?,             ?,             ?,             ?,             ?,                                       ?,             ?,             ? )\r\n### Cause: java.sql.SQLException: Field \'update_by\' doesn\'t have a default value\n; Field \'update_by\' doesn\'t have a default value; nested exception is java.sql.SQLException: Field \'update_by\' doesn\'t have a default value', '2021-03-09 11:39:27');
INSERT INTO `sys_oper_log` VALUES (443, '资产租售', 1, 'com.ruoyi.asset.controller.AssetSalesController.add()', 'POST', 1, 'admin', NULL, '/asset/sales', '127.0.0.1', '内网IP', '{\"reason\":\"234234\",\"amount\":1,\"params\":{},\"type\":\"1\",\"masterUserId\":1,\"createBy\":\"admin\",\"createTime\":1615261200518,\"assetId\":34,\"cateId\":6,\"price\":340,\"id\":1,\"isComplete\":\"Y\"}', '{\"msg\":\"操作成功\",\"code\":200}', 0, NULL, '2021-03-09 11:40:00');
INSERT INTO `sys_oper_log` VALUES (444, '资产租售', 1, 'com.ruoyi.asset.controller.AssetSalesController.add()', 'POST', 1, 'admin', NULL, '/asset/sales', '127.0.0.1', '内网IP', '{\"reason\":\"34214324\",\"amount\":50,\"materialId\":1,\"params\":{},\"type\":\"2\",\"cateId\":11,\"price\":600}', 'null', 1, '库存不足', '2021-03-09 11:40:46');
INSERT INTO `sys_oper_log` VALUES (445, '资产租售', 1, 'com.ruoyi.asset.controller.AssetSalesController.add()', 'POST', 1, 'admin', NULL, '/asset/sales', '127.0.0.1', '内网IP', '{\"reason\":\"34214324\",\"amount\":50,\"materialId\":1,\"params\":{},\"type\":\"2\",\"cateId\":11,\"price\":600}', 'null', 1, '库存不足', '2021-03-09 11:41:55');
INSERT INTO `sys_oper_log` VALUES (446, '资产租售', 1, 'com.ruoyi.asset.controller.AssetSalesController.add()', 'POST', 1, 'admin', NULL, '/asset/sales', '127.0.0.1', '内网IP', '{\"reason\":\"34214324\",\"amount\":40,\"materialId\":1,\"params\":{},\"type\":\"2\",\"createBy\":\"admin\",\"createTime\":1615261320878,\"cateId\":11,\"price\":600,\"id\":2}', '{\"msg\":\"操作成功\",\"code\":200}', 0, NULL, '2021-03-09 11:42:00');
INSERT INTO `sys_oper_log` VALUES (447, '资产租售', 1, 'com.ruoyi.asset.controller.AssetSalesController.add()', 'POST', 1, 'admin', NULL, '/asset/sales', '127.0.0.1', '内网IP', '{\"reason\":\"2342314\",\"amount\":1,\"params\":{},\"type\":\"1\",\"aptitudeId\":1,\"createBy\":\"admin\",\"createTime\":1615268237454,\"cateId\":13,\"price\":341,\"id\":3,\"isComplete\":\"N\"}', '{\"msg\":\"操作成功\",\"code\":200}', 0, NULL, '2021-03-09 13:37:17');
INSERT INTO `sys_oper_log` VALUES (448, '资产租售', 2, 'com.ruoyi.asset.controller.AssetSalesController.edit()', 'PUT', 1, 'admin', NULL, '/asset/sales', '127.0.0.1', '内网IP', '{\"reason\":\"2342314\",\"type\":\"1\",\"updateBy\":\"admin\",\"price\":341,\"id\":3,\"cate\":{\"params\":{},\"title\":\"发名专利\",\"type\":\"3\",\"children\":[],\"id\":13},\"amount\":1,\"updateTime\":1615268933658,\"params\":{},\"aptitudeId\":1,\"createBy\":\"admin\",\"material\":{\"params\":{},\"cateId\":13},\"createTime\":1615268237000,\"cateId\":13,\"isComplete\":\"N\"}', '{\"msg\":\"操作成功\",\"code\":200}', 0, NULL, '2021-03-09 13:48:53');
INSERT INTO `sys_oper_log` VALUES (449, '资产租售', 2, 'com.ruoyi.asset.controller.AssetSalesController.edit()', 'PUT', 1, 'admin', NULL, '/asset/sales', '127.0.0.1', '内网IP', '{\"reason\":\"2342314\",\"type\":\"1\",\"updateBy\":\"admin\",\"price\":341,\"aptitude\":{\"params\":{},\"name\":\"专利1\",\"id\":1},\"startTime\":1615132800000,\"id\":3,\"cate\":{\"params\":{},\"title\":\"发名专利\",\"type\":\"3\",\"children\":[],\"id\":13},\"amount\":1,\"finishTime\":1615478400000,\"updateTime\":1615268946565,\"params\":{},\"aptitudeId\":1,\"masterUserId\":1,\"createBy\":\"admin\",\"material\":{\"params\":{},\"cateId\":13},\"createTime\":1615268237000,\"cateId\":13,\"isComplete\":\"N\"}', '{\"msg\":\"操作成功\",\"code\":200}', 0, NULL, '2021-03-09 13:49:06');
INSERT INTO `sys_oper_log` VALUES (450, '资产租售', 5, 'com.ruoyi.asset.controller.AssetSalesController.export()', 'GET', 1, 'admin', NULL, '/asset/sales/export', '127.0.0.1', '内网IP', '{}', '{\"msg\":\"b7633c97-5609-4646-b17a-65f8b1bf879e_sales.xlsx\",\"code\":200}', 0, NULL, '2021-03-09 13:49:22');
INSERT INTO `sys_oper_log` VALUES (451, '资产租售', 5, 'com.ruoyi.asset.controller.AssetSalesController.export()', 'GET', 1, 'admin', NULL, '/asset/sales/export', '127.0.0.1', '内网IP', '{}', '{\"msg\":\"23829000-b1e0-47a7-8770-8a49d81f5f99_sales.xlsx\",\"code\":200}', 0, NULL, '2021-03-09 13:50:11');
INSERT INTO `sys_oper_log` VALUES (452, '代码生成', 6, 'com.ruoyi.generator.controller.GenController.importTableSave()', 'POST', 1, 'admin', NULL, '/tool/gen/importTable', '127.0.0.1', '内网IP', 'asset_maintain', '{\"msg\":\"操作成功\",\"code\":200}', 0, NULL, '2021-03-09 14:02:14');
INSERT INTO `sys_oper_log` VALUES (453, '代码生成', 2, 'com.ruoyi.generator.controller.GenController.synchDb()', 'GET', 1, 'admin', NULL, '/tool/gen/synchDb/asset_maintain', '127.0.0.1', '内网IP', '{tableName=asset_maintain}', '{\"msg\":\"操作成功\",\"code\":200}', 0, NULL, '2021-03-09 14:03:59');
INSERT INTO `sys_oper_log` VALUES (454, '代码生成', 2, 'com.ruoyi.generator.controller.GenController.editSave()', 'PUT', 1, 'admin', NULL, '/tool/gen', '127.0.0.1', '内网IP', '{\"sub\":false,\"functionAuthor\":\"yepanpan\",\"columns\":[{\"capJavaField\":\"Id\",\"usableColumn\":false,\"columnId\":231,\"isIncrement\":\"1\",\"increment\":true,\"insert\":true,\"dictType\":\"\",\"required\":false,\"superColumn\":false,\"updateBy\":\"\",\"isInsert\":\"1\",\"javaField\":\"id\",\"htmlType\":\"input\",\"edit\":false,\"query\":false,\"columnComment\":\"自增长主键ID\",\"sort\":1,\"list\":false,\"params\":{},\"javaType\":\"Long\",\"queryType\":\"EQ\",\"columnType\":\"int(11)\",\"createBy\":\"admin\",\"isPk\":\"1\",\"createTime\":1615269734000,\"tableId\":18,\"pk\":true,\"columnName\":\"id\"},{\"capJavaField\":\"CateId\",\"usableColumn\":false,\"columnId\":232,\"isIncrement\":\"0\",\"increment\":false,\"insert\":true,\"isList\":\"1\",\"dictType\":\"\",\"required\":true,\"superColumn\":false,\"updateBy\":\"\",\"isInsert\":\"1\",\"isRequired\":\"1\",\"javaField\":\"cateId\",\"htmlType\":\"input\",\"edit\":true,\"query\":true,\"columnComment\":\"资产分类\",\"isQuery\":\"1\",\"sort\":2,\"list\":true,\"params\":{},\"javaType\":\"Long\",\"queryType\":\"EQ\",\"columnType\":\"int(11)\",\"createBy\":\"admin\",\"isPk\":\"0\",\"createTime\":1615269734000,\"isEdit\":\"1\",\"tableId\":18,\"pk\":false,\"columnName\":\"cate_id\"},{\"capJavaField\":\"AssetId\",\"usableColumn\":false,\"columnId\":233,\"isIncrement\":\"0\",\"increment\":false,\"insert\":true,\"isList\":\"1\",\"dictType\":\"\",\"required\":false,\"superColumn\":false,\"updateBy\":\"\",\"isInsert\":\"1\",\"javaField\":\"assetId\",\"htmlType\":\"input\",\"edit\":true,\"query\":true,\"columnComment\":\"资产ID\",\"isQuery\":\"1\",\"sort\":3,\"list\":true,\"params\":{},\"javaType\":\"Long\",\"queryType\":\"EQ\",\"columnType\":\"int(11)\",\"createBy\":\"admin\",\"isPk\":\"0\",\"createTime\":1615269734000,\"isEdit\":\"1\",\"tableId\":18,\"pk\":false,\"columnName\":\"asset_id\"},{\"capJavaField\":\"Type\",\"usableColumn\":false,\"columnId\":234,\"isIncrement\":\"0\",\"increment\":false,\"insert\":true,\"isList\":\"1\",\"dictType\":\"\",\"required\":false,\"superColumn\":false,\"updateBy\":\"\",\"isInsert\":\"1\",\"javaField\":\"type\",\"htmlType\":\"select\",\"edit\":true,\"query\":true,\"columnComment\":\"维护类型\",\"isQuery\":\"1\",\"sort\":4,\"list\":true,\"params\":{},\"javaType\":\"String\",\"queryType\":\"EQ\",\"columnType\":\"char(1)\",\"createBy\":\"admin\",\"isPk\":\"0\",\"create', '{\"msg\":\"操作成功\",\"code\":200}', 0, NULL, '2021-03-09 14:04:47');
INSERT INTO `sys_oper_log` VALUES (455, '字典类型', 1, 'com.ruoyi.web.controller.system.SysDictTypeController.add()', 'POST', 1, 'admin', NULL, '/system/dict/type', '127.0.0.1', '内网IP', '{\"createBy\":\"admin\",\"dictName\":\"维护类型\",\"params\":{},\"dictType\":\"maintain_type\",\"status\":\"0\"}', '{\"msg\":\"操作成功\",\"code\":200}', 0, NULL, '2021-03-09 14:05:20');
INSERT INTO `sys_oper_log` VALUES (456, '字典数据', 1, 'com.ruoyi.web.controller.system.SysDictDataController.add()', 'POST', 1, 'admin', NULL, '/system/dict/data', '127.0.0.1', '内网IP', '{\"dictValue\":\"1\",\"dictSort\":1,\"params\":{},\"dictType\":\"maintain_type\",\"dictLabel\":\"维护\",\"createBy\":\"admin\",\"default\":false,\"status\":\"0\"}', '{\"msg\":\"操作成功\",\"code\":200}', 0, NULL, '2021-03-09 14:05:32');
INSERT INTO `sys_oper_log` VALUES (457, '字典数据', 1, 'com.ruoyi.web.controller.system.SysDictDataController.add()', 'POST', 1, 'admin', NULL, '/system/dict/data', '127.0.0.1', '内网IP', '{\"dictValue\":\"2\",\"dictSort\":2,\"params\":{},\"dictType\":\"maintain_type\",\"dictLabel\":\"维修\",\"createBy\":\"admin\",\"default\":false,\"status\":\"0\"}', '{\"msg\":\"操作成功\",\"code\":200}', 0, NULL, '2021-03-09 14:05:37');
INSERT INTO `sys_oper_log` VALUES (458, '字典类型', 1, 'com.ruoyi.web.controller.system.SysDictTypeController.add()', 'POST', 1, 'admin', NULL, '/system/dict/type', '127.0.0.1', '内网IP', '{\"createBy\":\"admin\",\"dictName\":\"维护结果\",\"params\":{},\"dictType\":\"maintain_result\",\"status\":\"0\"}', '{\"msg\":\"操作成功\",\"code\":200}', 0, NULL, '2021-03-09 14:05:52');
INSERT INTO `sys_oper_log` VALUES (459, '字典数据', 1, 'com.ruoyi.web.controller.system.SysDictDataController.add()', 'POST', 1, 'admin', NULL, '/system/dict/data', '127.0.0.1', '内网IP', '{\"dictValue\":\"1\",\"dictSort\":1,\"params\":{},\"dictType\":\"maintain_result\",\"dictLabel\":\"恢复正常\",\"createBy\":\"admin\",\"default\":false,\"status\":\"0\"}', '{\"msg\":\"操作成功\",\"code\":200}', 0, NULL, '2021-03-09 14:06:01');
INSERT INTO `sys_oper_log` VALUES (460, '字典数据', 1, 'com.ruoyi.web.controller.system.SysDictDataController.add()', 'POST', 1, 'admin', NULL, '/system/dict/data', '127.0.0.1', '内网IP', '{\"dictValue\":\"2\",\"dictSort\":2,\"params\":{},\"dictType\":\"maintain_result\",\"dictLabel\":\"继续维修\",\"createBy\":\"admin\",\"default\":false,\"status\":\"0\"}', '{\"msg\":\"操作成功\",\"code\":200}', 0, NULL, '2021-03-09 14:06:21');
INSERT INTO `sys_oper_log` VALUES (461, '字典数据', 1, 'com.ruoyi.web.controller.system.SysDictDataController.add()', 'POST', 1, 'admin', NULL, '/system/dict/data', '127.0.0.1', '内网IP', '{\"dictValue\":\"5\",\"dictSort\":5,\"params\":{},\"dictType\":\"maintain_result\",\"dictLabel\":\"报废\",\"createBy\":\"admin\",\"default\":false,\"status\":\"0\"}', '{\"msg\":\"操作成功\",\"code\":200}', 0, NULL, '2021-03-09 14:06:34');
INSERT INTO `sys_oper_log` VALUES (462, '代码生成', 2, 'com.ruoyi.generator.controller.GenController.editSave()', 'PUT', 1, 'admin', NULL, '/tool/gen', '127.0.0.1', '内网IP', '{\"sub\":false,\"functionAuthor\":\"yepanpan\",\"columns\":[{\"capJavaField\":\"Id\",\"usableColumn\":false,\"columnId\":231,\"isIncrement\":\"1\",\"increment\":true,\"insert\":true,\"dictType\":\"\",\"required\":false,\"superColumn\":false,\"updateBy\":\"\",\"isInsert\":\"1\",\"javaField\":\"id\",\"htmlType\":\"input\",\"edit\":false,\"query\":false,\"columnComment\":\"自增长主键ID\",\"updateTime\":1615269887000,\"sort\":1,\"list\":false,\"params\":{},\"javaType\":\"Long\",\"queryType\":\"EQ\",\"columnType\":\"int(11)\",\"createBy\":\"admin\",\"isPk\":\"1\",\"createTime\":1615269734000,\"tableId\":18,\"pk\":true,\"columnName\":\"id\"},{\"capJavaField\":\"CateId\",\"usableColumn\":false,\"columnId\":232,\"isIncrement\":\"0\",\"increment\":false,\"insert\":true,\"isList\":\"1\",\"dictType\":\"\",\"required\":true,\"superColumn\":false,\"updateBy\":\"\",\"isInsert\":\"1\",\"isRequired\":\"1\",\"javaField\":\"cateId\",\"htmlType\":\"input\",\"edit\":true,\"query\":true,\"columnComment\":\"资产分类\",\"isQuery\":\"1\",\"updateTime\":1615269887000,\"sort\":2,\"list\":true,\"params\":{},\"javaType\":\"Long\",\"queryType\":\"EQ\",\"columnType\":\"int(11)\",\"createBy\":\"admin\",\"isPk\":\"0\",\"createTime\":1615269734000,\"isEdit\":\"1\",\"tableId\":18,\"pk\":false,\"columnName\":\"cate_id\"},{\"capJavaField\":\"AssetId\",\"usableColumn\":false,\"columnId\":233,\"isIncrement\":\"0\",\"increment\":false,\"insert\":true,\"isList\":\"1\",\"dictType\":\"\",\"required\":false,\"superColumn\":false,\"updateBy\":\"\",\"isInsert\":\"1\",\"javaField\":\"assetId\",\"htmlType\":\"input\",\"edit\":true,\"query\":true,\"columnComment\":\"资产ID\",\"isQuery\":\"1\",\"updateTime\":1615269887000,\"sort\":3,\"list\":true,\"params\":{},\"javaType\":\"Long\",\"queryType\":\"EQ\",\"columnType\":\"int(11)\",\"createBy\":\"admin\",\"isPk\":\"0\",\"createTime\":1615269734000,\"isEdit\":\"1\",\"tableId\":18,\"pk\":false,\"columnName\":\"asset_id\"},{\"capJavaField\":\"Type\",\"usableColumn\":false,\"columnId\":234,\"isIncrement\":\"0\",\"increment\":false,\"insert\":true,\"isList\":\"1\",\"dictType\":\"maintain_type\",\"required\":false,\"superColumn\":false,\"updateBy\":\"\",\"isInsert\":\"1\",\"javaField\":\"type\",\"htmlType\":\"select\",\"edit\":true,\"query\":true,\"columnComment\":\"维护类型\",\"isQuery\":\"1\",\"updateTime\":1615269887000,\"sort\":4,', '{\"msg\":\"操作成功\",\"code\":200}', 0, NULL, '2021-03-09 14:07:18');
INSERT INTO `sys_oper_log` VALUES (463, '代码生成', 8, 'com.ruoyi.generator.controller.GenController.batchGenCode()', 'GET', 1, 'admin', NULL, '/tool/gen/batchGenCode', '127.0.0.1', '内网IP', '{}', 'null', 0, NULL, '2021-03-09 14:07:35');
INSERT INTO `sys_oper_log` VALUES (464, '菜单管理', 2, 'com.ruoyi.web.controller.system.SysMenuController.edit()', 'PUT', 1, 'admin', NULL, '/system/menu', '127.0.0.1', '内网IP', '{\"visible\":\"0\",\"icon\":\"tool\",\"orderNum\":\"1\",\"menuName\":\"资产维护\",\"params\":{},\"parentId\":2042,\"isCache\":\"0\",\"path\":\"maintain\",\"component\":\"asset/maintain/index\",\"children\":[],\"createTime\":1615270104000,\"updateBy\":\"admin\",\"isFrame\":\"1\",\"menuId\":2128,\"menuType\":\"C\",\"perms\":\"asset:maintain:list\",\"status\":\"0\"}', '{\"msg\":\"操作成功\",\"code\":200}', 0, NULL, '2021-03-09 14:09:18');
INSERT INTO `sys_oper_log` VALUES (465, '菜单管理', 1, 'com.ruoyi.web.controller.system.SysMenuController.add()', 'POST', 1, 'admin', NULL, '/system/menu', '127.0.0.1', '内网IP', '{\"visible\":\"0\",\"icon\":\"tool\",\"orderNum\":\"4\",\"menuName\":\"维护申请\",\"params\":{},\"parentId\":2039,\"isCache\":\"0\",\"path\":\"asset/maintain/my\",\"component\":\"asset/maintain/my\",\"createBy\":\"admin\",\"children\":[],\"isFrame\":\"1\",\"menuType\":\"C\",\"perms\":\"asset:maintain:my\",\"status\":\"0\"}', '{\"msg\":\"操作成功\",\"code\":200}', 0, NULL, '2021-03-09 14:09:56');
INSERT INTO `sys_oper_log` VALUES (466, '菜单管理', 1, 'com.ruoyi.web.controller.system.SysMenuController.add()', 'POST', 1, 'admin', NULL, '/system/menu', '127.0.0.1', '内网IP', '{\"visible\":\"0\",\"orderNum\":\"1\",\"menuName\":\"新增\",\"params\":{},\"parentId\":2134,\"isCache\":\"0\",\"createBy\":\"admin\",\"children\":[],\"isFrame\":\"1\",\"menuType\":\"F\",\"perms\":\"asset:maintain:add\",\"status\":\"0\"}', '{\"msg\":\"操作成功\",\"code\":200}', 0, NULL, '2021-03-09 14:10:10');
INSERT INTO `sys_oper_log` VALUES (467, '菜单管理', 1, 'com.ruoyi.web.controller.system.SysMenuController.add()', 'POST', 1, 'admin', NULL, '/system/menu', '127.0.0.1', '内网IP', '{\"visible\":\"0\",\"orderNum\":\"2\",\"menuName\":\"编辑\",\"params\":{},\"parentId\":2134,\"isCache\":\"0\",\"createBy\":\"admin\",\"children\":[],\"isFrame\":\"1\",\"menuType\":\"F\",\"perms\":\"asset:maintain:edit\",\"status\":\"0\"}', '{\"msg\":\"操作成功\",\"code\":200}', 0, NULL, '2021-03-09 14:10:25');
INSERT INTO `sys_oper_log` VALUES (468, '菜单管理', 1, 'com.ruoyi.web.controller.system.SysMenuController.add()', 'POST', 1, 'admin', NULL, '/system/menu', '127.0.0.1', '内网IP', '{\"visible\":\"0\",\"orderNum\":\"3\",\"menuName\":\"删除\",\"params\":{},\"parentId\":2134,\"isCache\":\"0\",\"createBy\":\"admin\",\"children\":[],\"isFrame\":\"1\",\"menuType\":\"F\",\"perms\":\"asset:maintain:delete\",\"status\":\"0\"}', '{\"msg\":\"操作成功\",\"code\":200}', 0, NULL, '2021-03-09 14:10:39');
INSERT INTO `sys_oper_log` VALUES (469, '菜单管理', 1, 'com.ruoyi.web.controller.system.SysMenuController.add()', 'POST', 1, 'admin', NULL, '/system/menu', '127.0.0.1', '内网IP', '{\"visible\":\"0\",\"orderNum\":\"4\",\"menuName\":\"查询\",\"params\":{},\"parentId\":2134,\"isCache\":\"0\",\"createBy\":\"admin\",\"children\":[],\"isFrame\":\"1\",\"menuType\":\"F\",\"perms\":\"asset:maintain:query\",\"status\":\"0\"}', '{\"msg\":\"操作成功\",\"code\":200}', 0, NULL, '2021-03-09 14:10:55');
INSERT INTO `sys_oper_log` VALUES (470, '资产维护', 1, 'com.ruoyi.asset.controller.AssetMaintainController.add()', 'POST', 1, 'admin', NULL, '/asset/maintain', '127.0.0.1', '内网IP', '{\"reason\":\"543523454\",\"type\":\"1\",\"checkStatus\":\"0\",\"assetId\":39,\"params\":{},\"createBy\":\"admin\",\"createTime\":1615271541029,\"cateId\":6}', 'null', 1, '\r\n### Error updating database.  Cause: java.sql.SQLException: Field \'update_by\' doesn\'t have a default value\r\n### The error may exist in file [D:\\work-assets\\assets\\asset\\target\\classes\\mapper\\asset\\AssetMaintainMapper.xml]\r\n### The error may involve com.ruoyi.asset.mapper.AssetMaintainMapper.insertAssetMaintain-Inline\r\n### The error occurred while setting parameters\r\n### SQL: insert into asset_maintain          ( cate_id,             asset_id,             type,             reason,                                                    check_status,                                                    create_by,                                                    create_time )           values ( ?,             ?,             ?,             ?,                                                    ?,                                                    ?,                                                    ? )\r\n### Cause: java.sql.SQLException: Field \'update_by\' doesn\'t have a default value\n; Field \'update_by\' doesn\'t have a default value; nested exception is java.sql.SQLException: Field \'update_by\' doesn\'t have a default value', '2021-03-09 14:32:21');
INSERT INTO `sys_oper_log` VALUES (471, '资产维护', 1, 'com.ruoyi.asset.controller.AssetMaintainController.add()', 'POST', 1, 'admin', NULL, '/asset/maintain', '127.0.0.1', '内网IP', '{\"reason\":\"543523454\",\"type\":\"1\",\"checkStatus\":\"0\",\"assetId\":39,\"id\":1,\"params\":{},\"createBy\":\"admin\",\"createTime\":1615271569230,\"cateId\":6}', '{\"msg\":\"操作成功\",\"code\":200}', 0, NULL, '2021-03-09 14:32:49');
INSERT INTO `sys_oper_log` VALUES (472, '资产维护', 5, 'com.ruoyi.asset.controller.AssetMaintainController.export()', 'GET', 1, 'admin', NULL, '/asset/maintain/export', '127.0.0.1', '内网IP', '{}', '{\"msg\":\"52dab838-5cc6-434e-aadb-cfefa8850245_maintain.xlsx\",\"code\":200}', 0, NULL, '2021-03-09 15:01:32');
INSERT INTO `sys_oper_log` VALUES (473, '菜单管理', 1, 'com.ruoyi.web.controller.system.SysMenuController.add()', 'POST', 1, 'admin', NULL, '/system/menu', '127.0.0.1', '内网IP', '{\"visible\":\"0\",\"icon\":\"skill\",\"orderNum\":\"3\",\"menuName\":\"维护任务\",\"params\":{},\"parentId\":2039,\"isCache\":\"0\",\"path\":\"asset/maintain/task\",\"component\":\"asset/maintain/task\",\"createBy\":\"admin\",\"children\":[],\"isFrame\":\"1\",\"menuType\":\"C\",\"perms\":\"asset:maintain:task\",\"status\":\"0\"}', '{\"msg\":\"操作成功\",\"code\":200}', 0, NULL, '2021-03-09 15:23:54');
INSERT INTO `sys_oper_log` VALUES (474, '菜单管理', 1, 'com.ruoyi.web.controller.system.SysMenuController.add()', 'POST', 1, 'admin', NULL, '/system/menu', '127.0.0.1', '内网IP', '{\"visible\":\"0\",\"orderNum\":\"1\",\"menuName\":\"编辑\",\"params\":{},\"parentId\":2139,\"isCache\":\"0\",\"createBy\":\"admin\",\"children\":[],\"isFrame\":\"1\",\"menuType\":\"F\",\"perms\":\"asset:maintain:edit\",\"status\":\"0\"}', '{\"msg\":\"操作成功\",\"code\":200}', 0, NULL, '2021-03-09 15:24:09');
INSERT INTO `sys_oper_log` VALUES (475, '菜单管理', 1, 'com.ruoyi.web.controller.system.SysMenuController.add()', 'POST', 1, 'admin', NULL, '/system/menu', '127.0.0.1', '内网IP', '{\"visible\":\"0\",\"orderNum\":\"2\",\"menuName\":\"查询\",\"params\":{},\"parentId\":2139,\"isCache\":\"0\",\"createBy\":\"admin\",\"children\":[],\"isFrame\":\"1\",\"menuType\":\"F\",\"perms\":\"asset:maintain:query\",\"status\":\"0\"}', '{\"msg\":\"操作成功\",\"code\":200}', 0, NULL, '2021-03-09 15:24:29');
INSERT INTO `sys_oper_log` VALUES (476, '审核资产维护申请', 2, 'com.ruoyi.asset.controller.AssetMaintainController.check()', 'PUT', 1, 'admin', NULL, '/asset/maintain/check', '127.0.0.1', '内网IP', '{\"reason\":\"543523454\",\"checkUserId\":1,\"type\":\"1\",\"applyUser\":{\"admin\":true,\"nickName\":\"超级管理员\",\"params\":{},\"userId\":1},\"checkStatus\":\"1\",\"assetId\":39,\"startTime\":1615219200000,\"id\":1,\"cate\":{\"params\":{},\"title\":\"笔记本电脑\",\"type\":\"1\",\"children\":[],\"id\":6},\"finishTime\":1615392000000,\"params\":{},\"masterUserId\":1,\"createBy\":\"admin\",\"createTime\":1615271569000,\"cateId\":6,\"asset\":{\"num\":\"2341\",\"id\":39,\"params\":{},\"name\":\"开发电脑\"},\"isComplete\":\"N\"}', '{\"msg\":\"操作成功\",\"code\":200}', 0, NULL, '2021-03-09 15:41:20');
INSERT INTO `sys_oper_log` VALUES (477, '资产维护', 2, 'com.ruoyi.asset.controller.AssetMaintainController.edit()', 'PUT', 1, 'admin', NULL, '/asset/maintain', '127.0.0.1', '内网IP', '{\"reason\":\"543523454\",\"checkUserId\":1,\"type\":\"1\",\"result\":\"2\",\"applyUser\":{\"admin\":true,\"nickName\":\"超级管理员\",\"params\":{},\"userId\":1},\"checkStatus\":\"1\",\"updateBy\":\"admin\",\"assetId\":39,\"startTime\":1615219200000,\"id\":1,\"cate\":{\"params\":{},\"title\":\"笔记本电脑\",\"type\":\"1\",\"children\":[],\"id\":6},\"finishTime\":1615392000000,\"updateTime\":1615277114785,\"params\":{},\"masterUserId\":1,\"checkUser\":{\"admin\":true,\"nickName\":\"超级管理员\",\"params\":{},\"userId\":1},\"createBy\":\"admin\",\"createTime\":1615271569000,\"cateId\":6,\"masterUser\":{\"admin\":true,\"nickName\":\"超级管理员\",\"params\":{},\"userId\":1},\"comment\":\"<p>asdfasdfdsaf</p>\",\"asset\":{\"num\":\"2341\",\"id\":39,\"params\":{},\"name\":\"开发电脑\"},\"isComplete\":\"N\"}', '{\"msg\":\"操作成功\",\"code\":200}', 0, NULL, '2021-03-09 16:05:14');
INSERT INTO `sys_oper_log` VALUES (478, '资产维护', 5, 'com.ruoyi.asset.controller.AssetMaintainController.export()', 'GET', 1, 'admin', NULL, '/asset/maintain/export', '127.0.0.1', '内网IP', '{}', '{\"msg\":\"a88d3db9-5b3b-4f34-9ccb-220baf448de6_maintain.xlsx\",\"code\":200}', 0, NULL, '2021-03-09 16:17:57');
INSERT INTO `sys_oper_log` VALUES (479, '资产维护', 5, 'com.ruoyi.asset.controller.AssetMaintainController.export()', 'GET', 1, 'admin', NULL, '/asset/maintain/export', '127.0.0.1', '内网IP', '{}', '{\"msg\":\"0d36d2be-8ef2-445a-a08e-ca585a6a8ddc_maintain.xlsx\",\"code\":200}', 0, NULL, '2021-03-09 16:20:17');
INSERT INTO `sys_oper_log` VALUES (480, '资产维护', 2, 'com.ruoyi.asset.controller.AssetMaintainController.edit()', 'PUT', 1, 'admin', NULL, '/asset/maintain', '127.0.0.1', '内网IP', '{\"reason\":\"543523454\",\"checkUserId\":1,\"type\":\"1\",\"result\":\"5\",\"applyUser\":{\"admin\":true,\"nickName\":\"超级管理员\",\"params\":{},\"userId\":1},\"checkStatus\":\"1\",\"updateBy\":\"admin\",\"assetId\":39,\"startTime\":1615219200000,\"id\":1,\"cate\":{\"params\":{},\"title\":\"笔记本电脑\",\"type\":\"1\",\"children\":[],\"id\":6},\"finishTime\":1615392000000,\"updateTime\":1615278298693,\"params\":{},\"masterUserId\":1,\"checkUser\":{\"admin\":true,\"nickName\":\"超级管理员\",\"params\":{},\"userId\":1},\"createBy\":\"admin\",\"createTime\":1615271569000,\"cateId\":6,\"masterUser\":{\"admin\":true,\"nickName\":\"超级管理员\",\"params\":{},\"userId\":1},\"comment\":\"<p>asdfasdfdsaf</p>\",\"asset\":{\"num\":\"2341\",\"id\":39,\"params\":{},\"name\":\"开发电脑\"},\"isComplete\":\"Y\"}', '{\"msg\":\"操作成功\",\"code\":200}', 0, NULL, '2021-03-09 16:24:58');
INSERT INTO `sys_oper_log` VALUES (481, '审核资产维护申请', 2, 'com.ruoyi.asset.controller.AssetMaintainController.check()', 'PUT', 1, 'admin', NULL, '/asset/maintain/check', '127.0.0.1', '内网IP', '{\"reason\":\"543523454\",\"checkUserId\":1,\"type\":\"1\",\"result\":\"5\",\"applyUser\":{\"admin\":true,\"nickName\":\"超级管理员\",\"params\":{},\"userId\":1},\"checkStatus\":\"1\",\"updateBy\":\"admin\",\"assetId\":39,\"startTime\":1615219200000,\"id\":1,\"cate\":{\"params\":{},\"title\":\"笔记本电脑\",\"type\":\"1\",\"children\":[],\"id\":6},\"finishTime\":1615392000000,\"updateTime\":1615278299000,\"params\":{},\"masterUserId\":1,\"checkUser\":{\"admin\":true,\"nickName\":\"超级管理员\",\"params\":{},\"userId\":1},\"createBy\":\"admin\",\"checkTime\":1615278616131,\"createTime\":1615271569000,\"cateId\":6,\"masterUser\":{\"admin\":true,\"nickName\":\"超级管理员\",\"params\":{},\"userId\":1},\"comment\":\"<p>asdfasdfdsaf</p>\",\"asset\":{\"num\":\"2341\",\"id\":39,\"params\":{},\"name\":\"开发电脑\"},\"isComplete\":\"N\"}', '{\"msg\":\"操作成功\",\"code\":200}', 0, NULL, '2021-03-09 16:30:16');
INSERT INTO `sys_oper_log` VALUES (482, '菜单管理', 1, 'com.ruoyi.web.controller.system.SysMenuController.add()', 'POST', 1, 'admin', NULL, '/system/menu', '127.0.0.1', '内网IP', '{\"visible\":\"0\",\"orderNum\":\"6\",\"menuName\":\"审核\",\"params\":{},\"parentId\":2067,\"isCache\":\"0\",\"createBy\":\"admin\",\"children\":[],\"isFrame\":\"1\",\"menuType\":\"F\",\"perms\":\"asset:use:check\",\"status\":\"0\"}', '{\"msg\":\"操作成功\",\"code\":200}', 0, NULL, '2021-03-09 16:34:45');
INSERT INTO `sys_oper_log` VALUES (483, '菜单管理', 1, 'com.ruoyi.web.controller.system.SysMenuController.add()', 'POST', 1, 'admin', NULL, '/system/menu', '127.0.0.1', '内网IP', '{\"visible\":\"0\",\"orderNum\":\"6\",\"menuName\":\"审核\",\"params\":{},\"parentId\":2061,\"isCache\":\"0\",\"children\":[],\"isFrame\":\"1\",\"menuType\":\"F\",\"perms\":\"asset:purchase:check\",\"status\":\"0\"}', '{\"msg\":\"新增菜单\'审核\'失败，菜单名称已存在\",\"code\":500}', 0, NULL, '2021-03-09 16:35:10');
INSERT INTO `sys_oper_log` VALUES (484, '菜单管理', 1, 'com.ruoyi.web.controller.system.SysMenuController.add()', 'POST', 1, 'admin', NULL, '/system/menu', '127.0.0.1', '内网IP', '{\"visible\":\"0\",\"orderNum\":\"6\",\"menuName\":\"审核\",\"params\":{},\"parentId\":2097,\"isCache\":\"0\",\"createBy\":\"admin\",\"children\":[],\"isFrame\":\"1\",\"menuType\":\"F\",\"perms\":\"asset:pickup:check\",\"status\":\"0\"}', '{\"msg\":\"操作成功\",\"code\":200}', 0, NULL, '2021-03-09 16:35:40');
INSERT INTO `sys_oper_log` VALUES (485, '菜单管理', 1, 'com.ruoyi.web.controller.system.SysMenuController.add()', 'POST', 1, 'admin', NULL, '/system/menu', '127.0.0.1', '内网IP', '{\"visible\":\"0\",\"orderNum\":\"6\",\"menuName\":\"审核\",\"params\":{},\"parentId\":2128,\"isCache\":\"0\",\"createBy\":\"admin\",\"children\":[],\"isFrame\":\"1\",\"menuType\":\"F\",\"perms\":\"asset:maintain:check\",\"status\":\"0\"}', '{\"msg\":\"操作成功\",\"code\":200}', 0, NULL, '2021-03-09 16:36:03');
INSERT INTO `sys_oper_log` VALUES (486, '菜单管理', 2, 'com.ruoyi.web.controller.system.SysMenuController.edit()', 'PUT', 1, 'admin', NULL, '/system/menu', '127.0.0.1', '内网IP', '{\"visible\":\"0\",\"icon\":\"message\",\"orderNum\":\"11\",\"menuName\":\"收件箱\",\"params\":{},\"parentId\":2039,\"isCache\":\"0\",\"path\":\"msg/in\",\"component\":\"sys/msg/in\",\"children\":[],\"createTime\":1614252070000,\"updateBy\":\"admin\",\"isFrame\":\"1\",\"menuId\":2040,\"menuType\":\"C\",\"perms\":\"sys:msg:in\",\"status\":\"0\"}', '{\"msg\":\"操作成功\",\"code\":200}', 0, NULL, '2021-03-09 16:36:25');
INSERT INTO `sys_oper_log` VALUES (487, '菜单管理', 2, 'com.ruoyi.web.controller.system.SysMenuController.edit()', 'PUT', 1, 'admin', NULL, '/system/menu', '127.0.0.1', '内网IP', '{\"visible\":\"0\",\"icon\":\"message\",\"orderNum\":\"12\",\"menuName\":\"发件箱\",\"params\":{},\"parentId\":2039,\"isCache\":\"0\",\"path\":\"msg/out\",\"component\":\"sys/msg/out\",\"children\":[],\"createTime\":1614252107000,\"updateBy\":\"admin\",\"isFrame\":\"1\",\"menuId\":2041,\"menuType\":\"C\",\"perms\":\"sys:msg:out\",\"status\":\"0\"}', '{\"msg\":\"操作成功\",\"code\":200}', 0, NULL, '2021-03-09 16:36:30');
INSERT INTO `sys_oper_log` VALUES (488, '消息', 2, 'com.ruoyi.sys.controller.SysMsgController.edit()', 'PUT', 1, 'admin', NULL, '/sys/msg', '127.0.0.1', '内网IP', '{\"addTime\":1615278616000,\"addUser\":0,\"readTime\":1615279032000,\"params\":{},\"title\":\"资产维护通知\",\"type\":\"2\",\"content\":\"您有新的资产维护任务，要求在2021-03-11前完成\",\"url\":\"asset/maintain/task\",\"toUser\":1,\"toUserName\":\"超级管理员\",\"id\":16,\"addUserName\":\"系统\"}', '{\"msg\":\"操作成功\",\"code\":200}', 0, NULL, '2021-03-09 16:37:15');
INSERT INTO `sys_oper_log` VALUES (489, '角色管理', 1, 'com.ruoyi.web.controller.system.SysRoleController.add()', 'POST', 1, 'admin', NULL, '/system/role', '127.0.0.1', '内网IP', '{\"flag\":false,\"roleId\":3,\"admin\":false,\"params\":{},\"roleSort\":\"4\",\"deptCheckStrictly\":true,\"createBy\":\"admin\",\"menuCheckStrictly\":true,\"roleKey\":\"maintain\",\"roleName\":\"资产维护员\",\"deptIds\":[],\"menuIds\":[2039,2139,2140,2141],\"status\":\"0\"}', '{\"msg\":\"操作成功\",\"code\":200}', 0, NULL, '2021-03-09 16:38:16');
INSERT INTO `sys_oper_log` VALUES (490, '角色管理', 2, 'com.ruoyi.web.controller.system.SysRoleController.edit()', 'PUT', 1, 'admin', NULL, '/system/role', '127.0.0.1', '内网IP', '{\"flag\":false,\"roleId\":2,\"admin\":false,\"remark\":\"普通角色\",\"dataScope\":\"2\",\"delFlag\":\"0\",\"params\":{},\"roleSort\":\"2\",\"deptCheckStrictly\":true,\"createTime\":1614242321000,\"updateBy\":\"admin\",\"menuCheckStrictly\":true,\"roleKey\":\"common\",\"roleName\":\"普通角色\",\"menuIds\":[2039,2103,2104,2105,2106,2107,2118,2119,2120,2121,2122,2123,2124,2125,2126,2127,2134,2135,2136,2137,2138,2040,2041],\"status\":\"0\"}', '{\"msg\":\"操作成功\",\"code\":200}', 0, NULL, '2021-03-09 16:38:34');
INSERT INTO `sys_oper_log` VALUES (491, '角色管理', 1, 'com.ruoyi.web.controller.system.SysRoleController.add()', 'POST', 1, 'admin', NULL, '/system/role', '127.0.0.1', '内网IP', '{\"flag\":false,\"roleId\":4,\"admin\":false,\"params\":{},\"roleSort\":\"4\",\"deptCheckStrictly\":true,\"createBy\":\"admin\",\"menuCheckStrictly\":true,\"roleKey\":\"purchase\",\"roleName\":\"采购员\",\"deptIds\":[],\"menuIds\":[2039,2109,2110,2111],\"status\":\"0\"}', '{\"msg\":\"操作成功\",\"code\":200}', 0, NULL, '2021-03-09 16:39:15');
INSERT INTO `sys_oper_log` VALUES (492, '角色管理', 1, 'com.ruoyi.web.controller.system.SysRoleController.add()', 'POST', 1, 'admin', NULL, '/system/role', '127.0.0.1', '内网IP', '{\"flag\":false,\"roleId\":5,\"admin\":false,\"params\":{},\"roleSort\":\"5\",\"deptCheckStrictly\":true,\"createBy\":\"admin\",\"menuCheckStrictly\":true,\"roleKey\":\"manager\",\"roleName\":\"资产主管\",\"deptIds\":[],\"menuIds\":[2042,2039,2103,2104,2105,2106,2107,2118,2119,2120,2121,2122,2109,2110,2111,2123,2124,2125,2126,2127,2139,2140,2141,2134,2135,2136,2137,2138,2040,2041,2055,2056,2057,2058,2059,2060,2061,2062,2063,2064,2065,2066,2108,2067,2068,2069,2070,2071,2072,2142,2073,2074,2075,2076,2077,2078,2079,2080,2081,2082,2083,2084,2085,2086,2087,2088,2089,2090,2091,2092,2093,2094,2095,2096,2097,2098,2099,2100,2101,2102,2143,2112,2113,2114,2115,2116,2117,2128,2129,2130,2131,2132,2133,2144],\"status\":\"0\"}', '{\"msg\":\"操作成功\",\"code\":200}', 0, NULL, '2021-03-09 16:39:54');
INSERT INTO `sys_oper_log` VALUES (493, '数据集', 3, 'com.ruoyi.sys.controller.SysDatasetController.remove()', 'DELETE', 1, 'admin', NULL, '/sys/dataset/1,2,3,5,6,7,8,9,10', '127.0.0.1', '内网IP', '{ids=1,2,3,5,6,7,8,9,10}', '{\"msg\":\"操作成功\",\"code\":200}', 0, NULL, '2021-03-10 14:30:34');
INSERT INTO `sys_oper_log` VALUES (494, '数据集', 3, 'com.ruoyi.sys.controller.SysDatasetController.remove()', 'DELETE', 1, 'admin', NULL, '/sys/dataset/11,12,13,16,17,18,19,20,21', '127.0.0.1', '内网IP', '{ids=11,12,13,16,17,18,19,20,21}', '{\"msg\":\"操作成功\",\"code\":200}', 0, NULL, '2021-03-10 14:30:43');
INSERT INTO `sys_oper_log` VALUES (495, '数据集', 3, 'com.ruoyi.sys.controller.SysDatasetController.remove()', 'DELETE', 1, 'admin', NULL, '/sys/dataset/22,23', '127.0.0.1', '内网IP', '{ids=22,23}', '{\"msg\":\"操作成功\",\"code\":200}', 0, NULL, '2021-03-10 14:30:48');
INSERT INTO `sys_oper_log` VALUES (496, '代码生成', 6, 'com.ruoyi.generator.controller.GenController.importTableSave()', 'POST', 1, 'admin', NULL, '/tool/gen/importTable', '127.0.0.1', '内网IP', 'asset_stock', '{\"msg\":\"操作成功\",\"code\":200}', 0, NULL, '2021-03-10 14:44:04');
INSERT INTO `sys_oper_log` VALUES (497, '代码生成', 2, 'com.ruoyi.generator.controller.GenController.editSave()', 'PUT', 1, 'admin', NULL, '/tool/gen', '127.0.0.1', '内网IP', '{\"sub\":false,\"functionAuthor\":\"yepanpan\",\"columns\":[{\"capJavaField\":\"Id\",\"usableColumn\":false,\"columnId\":250,\"isIncrement\":\"1\",\"increment\":true,\"insert\":true,\"dictType\":\"\",\"required\":false,\"superColumn\":false,\"updateBy\":\"\",\"isInsert\":\"1\",\"javaField\":\"id\",\"htmlType\":\"input\",\"edit\":false,\"query\":false,\"columnComment\":\"自增长主键ID\",\"sort\":1,\"list\":false,\"params\":{},\"javaType\":\"Long\",\"queryType\":\"EQ\",\"columnType\":\"int(11)\",\"createBy\":\"admin\",\"isPk\":\"1\",\"createTime\":1615358644000,\"tableId\":19,\"pk\":true,\"columnName\":\"id\"},{\"capJavaField\":\"Year\",\"usableColumn\":false,\"columnId\":251,\"isIncrement\":\"0\",\"increment\":false,\"insert\":true,\"isList\":\"1\",\"dictType\":\"\",\"required\":true,\"superColumn\":false,\"updateBy\":\"\",\"isInsert\":\"1\",\"isRequired\":\"1\",\"javaField\":\"year\",\"htmlType\":\"datetime\",\"edit\":true,\"query\":true,\"columnComment\":\"年度\",\"isQuery\":\"1\",\"sort\":2,\"list\":true,\"params\":{},\"javaType\":\"Integer\",\"queryType\":\"EQ\",\"columnType\":\"int(4)\",\"createBy\":\"admin\",\"isPk\":\"0\",\"createTime\":1615358644000,\"isEdit\":\"1\",\"tableId\":19,\"pk\":false,\"columnName\":\"year\"},{\"capJavaField\":\"Worth\",\"usableColumn\":false,\"columnId\":252,\"isIncrement\":\"0\",\"increment\":false,\"insert\":true,\"isList\":\"1\",\"dictType\":\"\",\"required\":false,\"superColumn\":false,\"updateBy\":\"\",\"isInsert\":\"1\",\"javaField\":\"worth\",\"htmlType\":\"input\",\"edit\":true,\"query\":false,\"columnComment\":\"资产总值\",\"sort\":3,\"list\":true,\"params\":{},\"javaType\":\"BigDecimal\",\"queryType\":\"EQ\",\"columnType\":\"float(10,2)\",\"createBy\":\"admin\",\"isPk\":\"0\",\"createTime\":1615358644000,\"isEdit\":\"1\",\"tableId\":19,\"pk\":false,\"columnName\":\"worth\"},{\"capJavaField\":\"AssetCount\",\"usableColumn\":false,\"columnId\":253,\"isIncrement\":\"0\",\"increment\":false,\"insert\":true,\"isList\":\"1\",\"dictType\":\"\",\"required\":false,\"superColumn\":false,\"updateBy\":\"\",\"isInsert\":\"1\",\"javaField\":\"assetCount\",\"htmlType\":\"input\",\"edit\":true,\"query\":false,\"columnComment\":\"固定资产总数\",\"sort\":4,\"list\":true,\"params\":{},\"javaType\":\"Long\",\"queryType\":\"EQ\",\"columnType\":\"int(11)\",\"createBy\":\"admin\",\"isPk\":\"0\",\"createTime\":1615358644', '{\"msg\":\"操作成功\",\"code\":200}', 0, NULL, '2021-03-10 14:44:51');
INSERT INTO `sys_oper_log` VALUES (498, '代码生成', 8, 'com.ruoyi.generator.controller.GenController.batchGenCode()', 'GET', 1, 'admin', NULL, '/tool/gen/batchGenCode', '127.0.0.1', '内网IP', '{}', 'null', 0, NULL, '2021-03-10 14:44:56');
INSERT INTO `sys_oper_log` VALUES (499, '资产信息', 2, 'com.ruoyi.asset.controller.AssetInfoController.edit()', 'PUT', 1, 'admin', NULL, '/asset/info', '127.0.0.1', '内网IP', '{\"houseId\":2,\"num\":\"2341\",\"cateName\":\"笔记本电脑\",\"house\":{\"params\":{},\"title\":\"杂物间\",\"id\":2},\"houseName\":\"杂物间\",\"updateBy\":\"admin\",\"price\":4800,\"id\":39,\"price1\":6000,\"price2\":5400,\"cate\":{\"params\":{},\"title\":\"笔记本电脑\",\"type\":\"1\",\"children\":[],\"id\":6},\"factory\":\"\",\"updateTime\":1615359005809,\"params\":{},\"proxy\":\"\",\"createBy\":\"admin\",\"createTime\":1615185152000,\"cateId\":6,\"name\":\"开发电脑\",\"comment\":\"\",\"status\":\"5\"}', '{\"msg\":\"操作成功\",\"code\":200}', 0, NULL, '2021-03-10 14:50:05');
INSERT INTO `sys_oper_log` VALUES (500, '资产盘点', 1, 'com.ruoyi.asset.controller.AssetStockController.add()', 'POST', 1, 'admin', NULL, '/asset/stock', '127.0.0.1', '内网IP', '{\"year\":2020,\"params\":{},\"createBy\":\"admin\",\"createTime\":1615359228940}', 'null', 1, '\r\n### Error updating database.  Cause: java.sql.SQLException: Field \'update_by\' doesn\'t have a default value\r\n### The error may exist in file [D:\\work-assets\\assets\\asset\\target\\classes\\mapper\\asset\\AssetStockMapper.xml]\r\n### The error may involve com.ruoyi.asset.mapper.AssetStockMapper.insertAssetStock-Inline\r\n### The error occurred while setting parameters\r\n### SQL: insert into asset_stock          ( year,                                                                                                                                                            create_by,             create_time )           values ( ?,                                                                                                                                                            ?,             ? )\r\n### Cause: java.sql.SQLException: Field \'update_by\' doesn\'t have a default value\n; Field \'update_by\' doesn\'t have a default value; nested exception is java.sql.SQLException: Field \'update_by\' doesn\'t have a default value', '2021-03-10 14:53:49');
INSERT INTO `sys_oper_log` VALUES (501, '资产盘点', 1, 'com.ruoyi.asset.controller.AssetStockController.add()', 'POST', 1, 'admin', NULL, '/asset/stock', '127.0.0.1', '内网IP', '{\"year\":2020,\"params\":{},\"createBy\":\"admin\",\"createTime\":1615359274326,\"id\":1}', '{\"msg\":\"操作成功\",\"code\":200}', 0, NULL, '2021-03-10 14:54:34');
INSERT INTO `sys_oper_log` VALUES (502, '字典数据', 2, 'com.ruoyi.web.controller.system.SysDictDataController.edit()', 'PUT', 1, 'admin', NULL, '/system/dict/data', '127.0.0.1', '内网IP', '{\"dictValue\":\"5\",\"dictSort\":5,\"params\":{},\"dictType\":\"material_status\",\"dictLabel\":\"报废\",\"createBy\":\"admin\",\"default\":false,\"isDefault\":\"N\",\"createTime\":1615174121000,\"dictCode\":136,\"updateBy\":\"admin\",\"status\":\"0\"}', '{\"msg\":\"操作成功\",\"code\":200}', 0, NULL, '2021-03-10 15:06:21');
INSERT INTO `sys_oper_log` VALUES (503, '资产盘点', 1, 'com.ruoyi.asset.controller.AssetStockController.add()', 'POST', 1, 'admin', NULL, '/asset/stock', '127.0.0.1', '内网IP', '{\"year\":2021,\"params\":{},\"createBy\":\"admin\",\"createTime\":1615361922813,\"id\":2}', 'null', 1, '\r\n### Error updating database.  Cause: java.sql.SQLSyntaxErrorException: Unknown column \'price\' in \'field list\'\r\n### The error may exist in file [D:\\work-assets\\assets\\asset\\target\\classes\\mapper\\asset\\AssetStockMapper.xml]\r\n### The error may involve com.ruoyi.asset.mapper.AssetStockMapper.sumAssetStockMaterialWorth-Inline\r\n### The error occurred while setting parameters\r\n### SQL: update asset_stock set material_worth = (select sum(price) from asset_material where status !=\'5\') where year = ?\r\n### Cause: java.sql.SQLSyntaxErrorException: Unknown column \'price\' in \'field list\'\n; bad SQL grammar []; nested exception is java.sql.SQLSyntaxErrorException: Unknown column \'price\' in \'field list\'', '2021-03-10 15:38:42');
INSERT INTO `sys_oper_log` VALUES (504, '资产盘点', 1, 'com.ruoyi.asset.controller.AssetStockController.add()', 'POST', 1, 'admin', NULL, '/asset/stock', '127.0.0.1', '内网IP', '{\"year\":2021,\"params\":{},\"createBy\":\"admin\",\"createTime\":1615362073115,\"id\":3}', '{\"msg\":\"操作成功\",\"code\":200}', 0, NULL, '2021-03-10 15:41:13');
INSERT INTO `sys_oper_log` VALUES (505, '字典类型', 3, 'com.ruoyi.web.controller.system.SysDictDataController.remove()', 'DELETE', 1, 'admin', NULL, '/system/dict/data/136', '127.0.0.1', '内网IP', '{dictCodes=136}', '{\"msg\":\"操作成功\",\"code\":200}', 0, NULL, '2021-03-10 15:41:49');
INSERT INTO `sys_oper_log` VALUES (506, '资产盘点', 2, 'com.ruoyi.asset.controller.AssetStockController.edit()', 'PUT', 1, 'admin', NULL, '/asset/stock', '127.0.0.1', '内网IP', '{\"assetWorth\":46300,\"scrapCount\":0,\"purchaseCount\":0,\"year\":\"2021\",\"materialWorth\":58,\"updateTime\":1615362286892,\"params\":{},\"worth\":46358,\"createBy\":\"admin\",\"createTime\":1615362073000,\"maintainCount\":1,\"updateBy\":\"admin\",\"comment\":\"摇铃的\",\"assetCount\":10,\"id\":3,\"materialCount\":2}', '{\"msg\":\"操作成功\",\"code\":200}', 0, NULL, '2021-03-10 15:44:46');
INSERT INTO `sys_oper_log` VALUES (507, '资产信息', 2, 'com.ruoyi.asset.controller.AssetInfoController.edit()', 'PUT', 1, 'admin', NULL, '/asset/info', '127.0.0.1', '内网IP', '{\"houseId\":2,\"num\":\"2341\",\"cateName\":\"笔记本电脑\",\"house\":{\"params\":{},\"title\":\"杂物间\",\"id\":2},\"scrapTime\":1599408000000,\"houseName\":\"杂物间\",\"updateBy\":\"admin\",\"price\":4800,\"id\":39,\"price1\":6000,\"price2\":5400,\"cate\":{\"params\":{},\"title\":\"笔记本电脑\",\"type\":\"1\",\"children\":[],\"id\":6},\"factory\":\"\",\"updateTime\":1615362795591,\"params\":{},\"proxy\":\"\",\"createBy\":\"admin\",\"createTime\":1615185152000,\"cateId\":6,\"name\":\"开发电脑\",\"comment\":\"\",\"status\":\"5\"}', '{\"msg\":\"操作成功\",\"code\":200}', 0, NULL, '2021-03-10 15:53:15');
INSERT INTO `sys_oper_log` VALUES (508, '资产信息', 2, 'com.ruoyi.asset.controller.AssetInfoController.edit()', 'PUT', 1, 'admin', NULL, '/asset/info', '127.0.0.1', '内网IP', '{\"houseId\":2,\"num\":\"2134324\",\"cateName\":\"笔记本电脑\",\"house\":{\"params\":{},\"title\":\"杂物间\",\"id\":2},\"scrapTime\":1615219200000,\"houseName\":\"杂物间\",\"updateBy\":\"admin\",\"price\":4000,\"id\":42,\"price1\":6000,\"price2\":4000,\"cate\":{\"params\":{},\"title\":\"笔记本电脑\",\"type\":\"1\",\"children\":[],\"id\":6},\"factory\":\"\",\"updateTime\":1615362805663,\"params\":{},\"proxy\":\"\",\"createBy\":\"admin\",\"createTime\":1615185152000,\"cateId\":6,\"name\":\"开发电脑\",\"comment\":\"\",\"status\":\"5\"}', '{\"msg\":\"操作成功\",\"code\":200}', 0, NULL, '2021-03-10 15:53:25');
INSERT INTO `sys_oper_log` VALUES (509, '菜单管理', 2, 'com.ruoyi.web.controller.system.SysMenuController.edit()', 'PUT', 1, 'admin', NULL, '/system/menu', '127.0.0.1', '内网IP', '{\"visible\":\"0\",\"icon\":\"monitor\",\"orderNum\":\"1\",\"menuName\":\"资产盘点\",\"params\":{},\"parentId\":2042,\"isCache\":\"0\",\"path\":\"stock\",\"component\":\"asset/stock/index\",\"children\":[],\"createTime\":1615358723000,\"updateBy\":\"admin\",\"isFrame\":\"1\",\"menuId\":2145,\"menuType\":\"C\",\"perms\":\"asset:stock:list\",\"status\":\"0\"}', '{\"msg\":\"操作成功\",\"code\":200}', 0, NULL, '2021-03-10 16:13:22');
INSERT INTO `sys_oper_log` VALUES (510, '数据集', 1, 'com.ruoyi.sys.controller.SysDatasetController.add()', 'POST', 1, 'admin', NULL, '/sys/dataset', '127.0.0.1', '内网IP', '{\"code\":\"asset_worth\",\"listSort\":1,\"params\":{},\"title\":\"资产总值\",\"type\":\"3\",\"sqls\":\"select (select sum(price2 * amount) from asset_material where status !=\'3\') + (select sum(price) from asset_info where status !=\'5\')\",\"id\":24,\"status\":\"1\"}', '{\"msg\":\"操作成功\",\"code\":200}', 0, NULL, '2021-03-10 16:33:21');
INSERT INTO `sys_oper_log` VALUES (511, '数据集', 1, 'com.ruoyi.sys.controller.SysDatasetController.add()', 'POST', 1, 'admin', NULL, '/sys/dataset', '127.0.0.1', '内网IP', '{\"code\":\"asset_count\",\"listSort\":2,\"params\":{},\"title\":\"资产总数\",\"type\":\"3\",\"sqls\":\"select count(id) from asset_info where status !=\'5\'\",\"id\":25,\"status\":\"1\"}', '{\"msg\":\"操作成功\",\"code\":200}', 0, NULL, '2021-03-10 16:36:58');
INSERT INTO `sys_oper_log` VALUES (512, '数据集', 1, 'com.ruoyi.sys.controller.SysDatasetController.add()', 'POST', 1, 'admin', NULL, '/sys/dataset', '127.0.0.1', '内网IP', '{\"code\":\"material_count\",\"listSort\":3,\"params\":{},\"title\":\"耗材种类\",\"type\":\"3\",\"sqls\":\"select count(id) from asset_material where status !=\'3\'\",\"id\":26,\"status\":\"1\"}', '{\"msg\":\"操作成功\",\"code\":200}', 0, NULL, '2021-03-10 16:37:39');
INSERT INTO `sys_oper_log` VALUES (513, '数据集', 1, 'com.ruoyi.sys.controller.SysDatasetController.add()', 'POST', 1, 'admin', NULL, '/sys/dataset', '127.0.0.1', '内网IP', '{\"code\":\"material_worth\",\"listSort\":3,\"params\":{},\"title\":\"耗材价值\",\"type\":\"3\",\"sqls\":\"select sum(price2 * amount) from asset_material where status !=\'3\'\",\"id\":27,\"status\":\"1\"}', '{\"msg\":\"操作成功\",\"code\":200}', 0, NULL, '2021-03-10 16:38:44');
INSERT INTO `sys_oper_log` VALUES (514, '数据集', 2, 'com.ruoyi.sys.controller.SysDatasetController.edit()', 'PUT', 1, 'admin', NULL, '/sys/dataset', '127.0.0.1', '内网IP', '{\"code\":\"asset_worth\",\"listSort\":2,\"params\":{},\"title\":\"资产总值\",\"type\":\"3\",\"sqls\":\"select (select sum(price2 * amount) from asset_material where status !=\'3\') + (select sum(price) from asset_info where status !=\'5\')\",\"id\":24,\"status\":\"1\"}', '{\"msg\":\"操作成功\",\"code\":200}', 0, NULL, '2021-03-10 16:38:49');
INSERT INTO `sys_oper_log` VALUES (515, '数据集', 2, 'com.ruoyi.sys.controller.SysDatasetController.edit()', 'PUT', 1, 'admin', NULL, '/sys/dataset', '127.0.0.1', '内网IP', '{\"code\":\"asset_count\",\"listSort\":2,\"params\":{},\"title\":\"固定资产总数\",\"type\":\"3\",\"sqls\":\"select count(id) from asset_info where status !=\'5\'\",\"id\":25,\"status\":\"1\"}', '{\"msg\":\"操作成功\",\"code\":200}', 0, NULL, '2021-03-10 16:39:02');
INSERT INTO `sys_oper_log` VALUES (516, '数据集', 2, 'com.ruoyi.sys.controller.SysDatasetController.edit()', 'PUT', 1, 'admin', NULL, '/sys/dataset', '127.0.0.1', '内网IP', '{\"code\":\"all_worth\",\"listSort\":2,\"params\":{},\"title\":\"资产总值\",\"type\":\"3\",\"sqls\":\"select (select sum(price2 * amount) from asset_material where status !=\'3\') + (select sum(price) from asset_info where status !=\'5\')\",\"id\":24,\"status\":\"1\"}', '{\"msg\":\"操作成功\",\"code\":200}', 0, NULL, '2021-03-10 16:39:15');
INSERT INTO `sys_oper_log` VALUES (517, '数据集', 1, 'com.ruoyi.sys.controller.SysDatasetController.add()', 'POST', 1, 'admin', NULL, '/sys/dataset', '127.0.0.1', '内网IP', '{\"code\":\"asset_worth\",\"listSort\":2,\"params\":{},\"title\":\"固定资产总值\",\"type\":\"3\",\"sqls\":\"select sum(price) from asset_info where status !=\'5\'\",\"id\":28,\"status\":\"1\"}', '{\"msg\":\"操作成功\",\"code\":200}', 0, NULL, '2021-03-10 16:39:46');
INSERT INTO `sys_oper_log` VALUES (518, '审核资产维护申请', 2, 'com.ruoyi.asset.controller.AssetMaintainController.check()', 'PUT', 1, 'admin', NULL, '/asset/maintain/check', '127.0.0.1', '内网IP', '{\"reason\":\"543523454\",\"checkUserId\":1,\"type\":\"1\",\"result\":\"5\",\"applyUser\":{\"admin\":true,\"nickName\":\"超级管理员\",\"params\":{},\"userId\":1},\"checkStatus\":\"1\",\"updateBy\":\"admin\",\"assetId\":39,\"startTime\":1615219200000,\"id\":1,\"cate\":{\"params\":{},\"title\":\"笔记本电脑\",\"type\":\"1\",\"children\":[],\"id\":6},\"finishTime\":1615392000000,\"updateTime\":1615278299000,\"params\":{},\"masterUserId\":1,\"checkUser\":{\"admin\":true,\"nickName\":\"超级管理员\",\"params\":{},\"userId\":1},\"createBy\":\"admin\",\"checkTime\":1615367977155,\"money\":345432,\"createTime\":1615271569000,\"cateId\":6,\"masterUser\":{\"admin\":true,\"nickName\":\"超级管理员\",\"params\":{},\"userId\":1},\"comment\":\"<p>asdfasdfdsaf</p>\",\"asset\":{\"num\":\"2341\",\"id\":39,\"params\":{},\"name\":\"开发电脑\"},\"isComplete\":\"N\"}', '{\"msg\":\"操作成功\",\"code\":200}', 0, NULL, '2021-03-10 17:19:37');
INSERT INTO `sys_oper_log` VALUES (519, '数据集', 1, 'com.ruoyi.sys.controller.SysDatasetController.add()', 'POST', 1, 'admin', NULL, '/sys/dataset', '127.0.0.1', '内网IP', '{\"code\":\"worth_total\",\"listSort\":4,\"params\":{},\"title\":\"总资产统计\",\"type\":\"2\",\"sqls\":\"select * from (select worth,year from asset_stock order by year desc limit 10) t order by year asc\",\"id\":29,\"status\":\"1\"}', '{\"msg\":\"操作成功\",\"code\":200}', 0, NULL, '2021-03-10 20:22:32');
INSERT INTO `sys_oper_log` VALUES (520, '数据集', 1, 'com.ruoyi.sys.controller.SysDatasetController.add()', 'POST', 1, 'admin', NULL, '/sys/dataset', '127.0.0.1', '内网IP', '{\"code\":\"asset_worth\",\"listSort\":4,\"params\":{},\"title\":\"固定资产统计\",\"type\":\"2\",\"sqls\":\"select * from (select asset_worth,year from asset_stock order by year desc limit 10) t order by year asc\",\"status\":\"1\"}', 'null', 1, '\r\n### Error updating database.  Cause: java.sql.SQLIntegrityConstraintViolationException: Duplicate entry \'asset_worth\' for key \'code\'\r\n### The error may exist in file [D:\\work-assets\\assets\\ext\\target\\classes\\mapper\\sys\\SysDatasetMapper.xml]\r\n### The error may involve com.ruoyi.sys.mapper.SysDatasetMapper.insertSysDataset-Inline\r\n### The error occurred while setting parameters\r\n### SQL: insert into sys_dataset          ( code,             type,             title,             sqls,                          list_sort,                          status )           values ( ?,             ?,             ?,             ?,                          ?,                          ? )\r\n### Cause: java.sql.SQLIntegrityConstraintViolationException: Duplicate entry \'asset_worth\' for key \'code\'\n; Duplicate entry \'asset_worth\' for key \'code\'; nested exception is java.sql.SQLIntegrityConstraintViolationException: Duplicate entry \'asset_worth\' for key \'code\'', '2021-03-10 20:23:00');
INSERT INTO `sys_oper_log` VALUES (521, '数据集', 1, 'com.ruoyi.sys.controller.SysDatasetController.add()', 'POST', 1, 'admin', NULL, '/sys/dataset', '127.0.0.1', '内网IP', '{\"code\":\"asset_worth_year\",\"listSort\":4,\"params\":{},\"title\":\"固定资产统计\",\"type\":\"2\",\"sqls\":\"select * from (select asset_worth,year from asset_stock order by year desc limit 10) t order by year asc\",\"id\":31,\"status\":\"1\"}', '{\"msg\":\"操作成功\",\"code\":200}', 0, NULL, '2021-03-10 20:23:19');
INSERT INTO `sys_oper_log` VALUES (522, '数据集', 2, 'com.ruoyi.sys.controller.SysDatasetController.edit()', 'PUT', 1, 'admin', NULL, '/sys/dataset', '127.0.0.1', '内网IP', '{\"code\":\"all_worth_year\",\"listSort\":2,\"params\":{},\"title\":\"资产总值\",\"type\":\"3\",\"sqls\":\"select (select sum(price2 * amount) from asset_material where status !=\'3\') + (select sum(price) from asset_info where status !=\'5\')\",\"id\":24,\"status\":\"1\"}', '{\"msg\":\"操作成功\",\"code\":200}', 0, NULL, '2021-03-10 20:23:27');
INSERT INTO `sys_oper_log` VALUES (523, '数据集', 2, 'com.ruoyi.sys.controller.SysDatasetController.edit()', 'PUT', 1, 'admin', NULL, '/sys/dataset', '127.0.0.1', '内网IP', '{\"code\":\"all_worth\",\"listSort\":2,\"params\":{},\"title\":\"资产总值\",\"type\":\"3\",\"sqls\":\"select (select sum(price2 * amount) from asset_material where status !=\'3\') + (select sum(price) from asset_info where status !=\'5\')\",\"id\":24,\"status\":\"1\"}', '{\"msg\":\"操作成功\",\"code\":200}', 0, NULL, '2021-03-10 20:23:37');
INSERT INTO `sys_oper_log` VALUES (524, '数据集', 2, 'com.ruoyi.sys.controller.SysDatasetController.edit()', 'PUT', 1, 'admin', NULL, '/sys/dataset', '127.0.0.1', '内网IP', '{\"code\":\"worth_year\",\"listSort\":4,\"params\":{},\"title\":\"总资产统计\",\"type\":\"2\",\"sqls\":\"select * from (select worth,year from asset_stock order by year desc limit 10) t order by year asc\",\"id\":29,\"status\":\"1\"}', '{\"msg\":\"操作成功\",\"code\":200}', 0, NULL, '2021-03-10 20:23:43');
INSERT INTO `sys_oper_log` VALUES (525, '数据集', 1, 'com.ruoyi.sys.controller.SysDatasetController.add()', 'POST', 1, 'admin', NULL, '/sys/dataset', '127.0.0.1', '内网IP', '{\"code\":\"purchase_worth_year\",\"listSort\":4,\"params\":{},\"title\":\"采购统计\",\"type\":\"2\",\"sqls\":\"select * from (select purchase_worth value,year title from asset_stock order by year desc limit 10) t order by year asc\",\"id\":32,\"status\":\"1\"}', '{\"msg\":\"操作成功\",\"code\":200}', 0, NULL, '2021-03-10 20:24:47');
INSERT INTO `sys_oper_log` VALUES (526, '数据集', 2, 'com.ruoyi.sys.controller.SysDatasetController.edit()', 'PUT', 1, 'admin', NULL, '/sys/dataset', '127.0.0.1', '内网IP', '{\"code\":\"asset_worth_year\",\"listSort\":4,\"params\":{},\"title\":\"固定资产统计\",\"type\":\"2\",\"sqls\":\"select * from (select asset_worth value,year title from asset_stock order by year desc limit 10) t order by year asc\",\"id\":31,\"status\":\"1\"}', '{\"msg\":\"操作成功\",\"code\":200}', 0, NULL, '2021-03-10 20:24:58');
INSERT INTO `sys_oper_log` VALUES (527, '数据集', 2, 'com.ruoyi.sys.controller.SysDatasetController.edit()', 'PUT', 1, 'admin', NULL, '/sys/dataset', '127.0.0.1', '内网IP', '{\"code\":\"worth_year\",\"listSort\":4,\"params\":{},\"title\":\"总资产统计\",\"type\":\"2\",\"sqls\":\"select * from (select worth value,year title from asset_stock order by year desc limit 10) t order by year asc\",\"id\":29,\"status\":\"1\"}', '{\"msg\":\"操作成功\",\"code\":200}', 0, NULL, '2021-03-10 20:25:09');
INSERT INTO `sys_oper_log` VALUES (528, '数据集', 1, 'com.ruoyi.sys.controller.SysDatasetController.add()', 'POST', 1, 'admin', NULL, '/sys/dataset', '127.0.0.1', '内网IP', '{\"code\":\"scrap_worth_year\",\"listSort\":4,\"params\":{},\"title\":\"报废统计\",\"type\":\"2\",\"sqls\":\"select * from (select scrap_worth value,year title from asset_stock order by year desc limit 10) t order by year asc\",\"id\":33,\"status\":\"1\"}', '{\"msg\":\"操作成功\",\"code\":200}', 0, NULL, '2021-03-10 20:25:49');
INSERT INTO `sys_oper_log` VALUES (529, '数据集', 1, 'com.ruoyi.sys.controller.SysDatasetController.add()', 'POST', 1, 'admin', NULL, '/sys/dataset', '127.0.0.1', '内网IP', '{\"code\":\"maintain_year\",\"listSort\":4,\"params\":{},\"title\":\"维护统计\",\"type\":\"2\",\"sqls\":\"select * from (select maintain_count value,year title from asset_stock order by year desc limit 10) t order by year asc\",\"id\":34,\"status\":\"1\"}', '{\"msg\":\"操作成功\",\"code\":200}', 0, NULL, '2021-03-10 20:26:27');
INSERT INTO `sys_oper_log` VALUES (530, '报表管理', 1, 'com.ruoyi.sys.controller.SysChartController.add()', 'POST', 1, 'admin', NULL, '/sys/chart', '127.0.0.1', '内网IP', '{\"code\":\"worth_year_bar\",\"dsId\":29,\"listSort\":1,\"params\":{},\"title\":\"总资产统计\",\"type\":\"bar\",\"yaxis\":\"total=总资产额\",\"xaxis\":\"year=年度\",\"id\":13,\"status\":\"1\"}', '{\"msg\":\"操作成功\",\"code\":200}', 0, NULL, '2021-03-11 14:40:54');
INSERT INTO `sys_oper_log` VALUES (531, '数据集', 2, 'com.ruoyi.sys.controller.SysDatasetController.edit()', 'PUT', 1, 'admin', NULL, '/sys/dataset', '127.0.0.1', '内网IP', '{\"code\":\"worth_year\",\"listSort\":4,\"params\":{},\"title\":\"总资产统计\",\"type\":\"2\",\"sqls\":\"select * from (select worth value,year title from asset_stock order by year desc limit 10) t order by title asc\",\"id\":29,\"status\":\"1\"}', '{\"msg\":\"操作成功\",\"code\":200}', 0, NULL, '2021-03-11 14:41:28');
INSERT INTO `sys_oper_log` VALUES (532, '报表管理', 2, 'com.ruoyi.sys.controller.SysChartController.edit()', 'PUT', 1, 'admin', NULL, '/sys/chart', '127.0.0.1', '内网IP', '{\"code\":\"worth_year_bar\",\"dsId\":29,\"listSort\":1,\"params\":{},\"title\":\"总资产统计\",\"type\":\"bar\",\"yaxis\":\"total=总资产额\",\"xaxis\":\"title=年度\",\"id\":13,\"status\":\"1\"}', '{\"msg\":\"操作成功\",\"code\":200}', 0, NULL, '2021-03-11 14:41:49');
INSERT INTO `sys_oper_log` VALUES (533, '报表管理', 2, 'com.ruoyi.sys.controller.SysChartController.edit()', 'PUT', 1, 'admin', NULL, '/sys/chart', '127.0.0.1', '内网IP', '{\"code\":\"worth_year_bar\",\"dsId\":29,\"listSort\":1,\"params\":{},\"title\":\"总资产统计\",\"type\":\"bar\",\"yaxis\":\"value=资产总值\",\"xaxis\":\"title=年度\",\"id\":13,\"status\":\"1\"}', '{\"msg\":\"操作成功\",\"code\":200}', 0, NULL, '2021-03-11 14:42:35');
INSERT INTO `sys_oper_log` VALUES (534, '数据集', 2, 'com.ruoyi.sys.controller.SysDatasetController.edit()', 'PUT', 1, 'admin', NULL, '/sys/dataset', '127.0.0.1', '内网IP', '{\"code\":\"asset_worth_year\",\"listSort\":4,\"params\":{},\"title\":\"固定资产统计\",\"type\":\"2\",\"sqls\":\"select * from (select asset_worth value,year title from asset_stock order by year desc limit 10) t order by title asc\",\"id\":31,\"status\":\"1\"}', '{\"msg\":\"操作成功\",\"code\":200}', 0, NULL, '2021-03-11 14:43:00');
INSERT INTO `sys_oper_log` VALUES (535, '报表管理', 1, 'com.ruoyi.sys.controller.SysChartController.add()', 'POST', 1, 'admin', NULL, '/sys/chart', '127.0.0.1', '内网IP', '{\"code\":\"asset_worth_year_bar\",\"dsId\":31,\"listSort\":2,\"params\":{},\"title\":\"固定资产统计\",\"type\":\"bar\",\"yaxis\":\"value=总值\",\"xaxis\":\"title=年度\",\"id\":14,\"status\":\"1\"}', '{\"msg\":\"操作成功\",\"code\":200}', 0, NULL, '2021-03-11 14:43:49');
INSERT INTO `sys_oper_log` VALUES (536, '报表管理', 1, 'com.ruoyi.sys.controller.SysChartController.add()', 'POST', 1, 'admin', NULL, '/sys/chart', '127.0.0.1', '内网IP', '{\"code\":\"purchase_worth_year_bar\",\"dsId\":32,\"listSort\":3,\"params\":{},\"title\":\"采购统计\",\"type\":\"bar\",\"yaxis\":\"value=总额\",\"xaxis\":\"title=年度\",\"id\":15,\"status\":\"1\"}', '{\"msg\":\"操作成功\",\"code\":200}', 0, NULL, '2021-03-11 14:44:52');
INSERT INTO `sys_oper_log` VALUES (537, '数据集', 2, 'com.ruoyi.sys.controller.SysDatasetController.edit()', 'PUT', 1, 'admin', NULL, '/sys/dataset', '127.0.0.1', '内网IP', '{\"code\":\"purchase_worth_year\",\"listSort\":4,\"params\":{},\"title\":\"采购统计\",\"type\":\"2\",\"sqls\":\"select * from (select purchase_worth value,year title from asset_stock order by year desc limit 10) t order by title asc\",\"id\":32,\"status\":\"1\"}', '{\"msg\":\"操作成功\",\"code\":200}', 0, NULL, '2021-03-11 14:45:11');
INSERT INTO `sys_oper_log` VALUES (538, '数据集', 2, 'com.ruoyi.sys.controller.SysDatasetController.edit()', 'PUT', 1, 'admin', NULL, '/sys/dataset', '127.0.0.1', '内网IP', '{\"code\":\"scrap_worth_year\",\"listSort\":4,\"params\":{},\"title\":\"报废统计\",\"type\":\"2\",\"sqls\":\"select * from (select scrap_worth value,year title from asset_stock order by year desc limit 10) t order by title asc\",\"id\":33,\"status\":\"1\"}', '{\"msg\":\"操作成功\",\"code\":200}', 0, NULL, '2021-03-11 14:45:17');
INSERT INTO `sys_oper_log` VALUES (539, '数据集', 2, 'com.ruoyi.sys.controller.SysDatasetController.edit()', 'PUT', 1, 'admin', NULL, '/sys/dataset', '127.0.0.1', '内网IP', '{\"code\":\"maintain_year\",\"listSort\":4,\"params\":{},\"title\":\"维护统计\",\"type\":\"2\",\"sqls\":\"select * from (select maintain_count value,year title from asset_stock order by year desc limit 10) t order by title asc\",\"id\":34,\"status\":\"1\"}', '{\"msg\":\"操作成功\",\"code\":200}', 0, NULL, '2021-03-11 14:45:42');
INSERT INTO `sys_oper_log` VALUES (540, '报表管理', 1, 'com.ruoyi.sys.controller.SysChartController.add()', 'POST', 1, 'admin', NULL, '/sys/chart', '127.0.0.1', '内网IP', '{\"code\":\"scrap_worth_year_bar\",\"dsId\":33,\"listSort\":4,\"params\":{},\"title\":\"报废统计\",\"type\":\"bar\",\"yaxis\":\"value=报废价值\",\"xaxis\":\"title=年度\",\"id\":16,\"status\":\"1\"}', '{\"msg\":\"操作成功\",\"code\":200}', 0, NULL, '2021-03-11 14:46:34');
INSERT INTO `sys_oper_log` VALUES (541, '报表管理', 1, 'com.ruoyi.sys.controller.SysChartController.add()', 'POST', 1, 'admin', NULL, '/sys/chart', '127.0.0.1', '内网IP', '{\"code\":\"maintain_year_bar\",\"dsId\":34,\"listSort\":5,\"params\":{},\"title\":\"维护统计\",\"type\":\"bar\",\"yaxis\":\"value=次数\",\"xaxis\":\"title=年度\",\"id\":17,\"status\":\"1\"}', '{\"msg\":\"操作成功\",\"code\":200}', 0, NULL, '2021-03-11 14:47:12');
INSERT INTO `sys_oper_log` VALUES (542, '数据集', 2, 'com.ruoyi.sys.controller.SysDatasetController.edit()', 'PUT', 1, 'admin', NULL, '/sys/dataset', '127.0.0.1', '内网IP', '{\"code\":\"all_worth\",\"listSort\":2,\"params\":{},\"title\":\"资产总值\",\"type\":\"3\",\"sqls\":\"select worth from  asset_stock where year = DATE_FORMAT(now(),\'%Y\')\",\"id\":24,\"status\":\"1\"}', '{\"msg\":\"操作成功\",\"code\":200}', 0, NULL, '2021-03-11 15:05:24');
INSERT INTO `sys_oper_log` VALUES (543, '数据集', 2, 'com.ruoyi.sys.controller.SysDatasetController.edit()', 'PUT', 1, 'admin', NULL, '/sys/dataset', '127.0.0.1', '内网IP', '{\"code\":\"asset_count\",\"listSort\":2,\"params\":{},\"title\":\"固定资产总数\",\"type\":\"3\",\"sqls\":\"select asset_worth from  asset_stock where year = DATE_FORMAT(now(),\'%Y\')\",\"id\":25,\"status\":\"1\"}', '{\"msg\":\"操作成功\",\"code\":200}', 0, NULL, '2021-03-11 15:05:35');
INSERT INTO `sys_oper_log` VALUES (544, '数据集', 1, 'com.ruoyi.sys.controller.SysDatasetController.add()', 'POST', 1, 'admin', NULL, '/sys/dataset', '127.0.0.1', '内网IP', '{\"code\":\"scrap_worth\",\"listSort\":2,\"params\":{},\"title\":\"报废总值\",\"type\":\"3\",\"sqls\":\"select worth from  asset_stock where year = DATE_FORMAT(now(),\'%Y\')\",\"id\":35,\"status\":\"1\"}', '{\"msg\":\"操作成功\",\"code\":200}', 0, NULL, '2021-03-11 15:06:10');
INSERT INTO `sys_oper_log` VALUES (545, '数据集', 1, 'com.ruoyi.sys.controller.SysDatasetController.add()', 'POST', 1, 'admin', NULL, '/sys/dataset', '127.0.0.1', '内网IP', '{\"code\":\"purchase_worth\",\"listSort\":4,\"params\":{},\"title\":\"采购总值\",\"type\":\"3\",\"sqls\":\"select purchase_worth from  asset_stock where year = DATE_FORMAT(now(),\'%Y\')\",\"id\":36,\"status\":\"1\"}', '{\"msg\":\"操作成功\",\"code\":200}', 0, NULL, '2021-03-11 15:06:41');
INSERT INTO `sys_oper_log` VALUES (546, '报表管理', 2, 'com.ruoyi.sys.controller.SysChartController.edit()', 'PUT', 1, 'admin', NULL, '/sys/chart', '127.0.0.1', '内网IP', '{\"code\":\"worth_year_bar\",\"dsId\":29,\"listSort\":1,\"params\":{},\"title\":\"总资产统计\",\"type\":\"line\",\"yaxis\":\"value=资产总值\",\"xaxis\":\"title=年度\",\"id\":13,\"status\":\"1\"}', '{\"msg\":\"操作成功\",\"code\":200}', 0, NULL, '2021-03-11 15:29:43');
INSERT INTO `sys_oper_log` VALUES (547, '资产盘点', 1, 'com.ruoyi.asset.controller.AssetStockController.add()', 'POST', 1, 'admin', NULL, '/asset/stock', '127.0.0.1', '内网IP', '{\"assetWorth\":234,\"scrapCount\":234,\"purchaseCount\":3,\"year\":\"2019\",\"purchaseWorth\":432143214,\"materialWorth\":3214,\"scrapWorth\":324,\"params\":{},\"worth\":4132,\"createBy\":\"admin\",\"createTime\":1615447865309,\"maintainCount\":234,\"assetCount\":1324,\"materialCount\":4}', 'null', 1, '\r\n### Error updating database.  Cause: com.mysql.cj.jdbc.exceptions.MysqlDataTruncation: Data truncation: Out of range value for column \'purchase_worth\' at row 1\r\n### The error may exist in file [D:\\work-assets\\assets\\asset\\target\\classes\\mapper\\asset\\AssetStockMapper.xml]\r\n### The error may involve com.ruoyi.asset.mapper.AssetStockMapper.insertAssetStock-Inline\r\n### The error occurred while setting parameters\r\n### SQL: insert into asset_stock          ( year,             worth,             asset_count,             asset_worth,             material_count,             material_worth,             scrap_count,             scrap_worth,             maintain_count,             purchase_count,             purchase_worth,                          create_by,             create_time )           values ( ?,             ?,             ?,             ?,             ?,             ?,             ?,             ?,             ?,             ?,             ?,                          ?,             ? )\r\n### Cause: com.mysql.cj.jdbc.exceptions.MysqlDataTruncation: Data truncation: Out of range value for column \'purchase_worth\' at row 1\n; Data truncation: Out of range value for column \'purchase_worth\' at row 1; nested exception is com.mysql.cj.jdbc.exceptions.MysqlDataTruncation: Data truncation: Out of range value for column \'purchase_worth\' at row 1', '2021-03-11 15:31:05');
INSERT INTO `sys_oper_log` VALUES (548, '资产盘点', 1, 'com.ruoyi.asset.controller.AssetStockController.add()', 'POST', 1, 'admin', NULL, '/asset/stock', '127.0.0.1', '内网IP', '{\"assetWorth\":234,\"scrapCount\":234,\"purchaseCount\":3,\"year\":\"2019\",\"purchaseWorth\":4321432,\"materialWorth\":3214,\"scrapWorth\":324,\"params\":{},\"worth\":4132,\"createBy\":\"admin\",\"createTime\":1615447875071,\"maintainCount\":234,\"assetCount\":1324,\"id\":4,\"materialCount\":4}', '{\"msg\":\"操作成功\",\"code\":200}', 0, NULL, '2021-03-11 15:31:15');
INSERT INTO `sys_oper_log` VALUES (549, '资产盘点', 2, 'com.ruoyi.asset.controller.AssetStockController.edit()', 'PUT', 1, 'admin', NULL, '/asset/stock', '127.0.0.1', '内网IP', '{\"assetWorth\":32300,\"scrapCount\":34,\"purchaseCount\":1,\"year\":\"2020\",\"materialWorth\":58,\"scrapWorth\":4800,\"updateTime\":1615447902960,\"params\":{},\"worth\":36358,\"createBy\":\"admin\",\"createTime\":1615359274000,\"maintainCount\":34,\"updateBy\":\"admin\",\"assetCount\":9,\"id\":1,\"materialCount\":2}', '{\"msg\":\"操作成功\",\"code\":200}', 0, NULL, '2021-03-11 15:31:42');
INSERT INTO `sys_oper_log` VALUES (550, '资产盘点', 2, 'com.ruoyi.asset.controller.AssetStockController.edit()', 'PUT', 1, 'admin', NULL, '/asset/stock', '127.0.0.1', '内网IP', '{\"assetWorth\":33300,\"scrapCount\":0,\"purchaseCount\":0,\"year\":\"2019\",\"materialWorth\":58,\"updateTime\":1615447930718,\"params\":{},\"worth\":34358,\"createBy\":\"admin\",\"createTime\":1615447875000,\"maintainCount\":0,\"updateBy\":\"admin\",\"assetCount\":9,\"id\":4,\"materialCount\":2}', '{\"msg\":\"操作成功\",\"code\":200}', 0, NULL, '2021-03-11 15:32:10');
INSERT INTO `sys_oper_log` VALUES (551, '报表管理', 2, 'com.ruoyi.sys.controller.SysChartController.edit()', 'PUT', 1, 'admin', NULL, '/sys/chart', '127.0.0.1', '内网IP', '{\"code\":\"asset_worth_year_bar\",\"dsId\":31,\"listSort\":2,\"params\":{},\"title\":\"固定资产统计\",\"type\":\"line\",\"yaxis\":\"value=总值\",\"xaxis\":\"title=年度\",\"id\":14,\"status\":\"1\"}', '{\"msg\":\"操作成功\",\"code\":200}', 0, NULL, '2021-03-11 15:35:48');
INSERT INTO `sys_oper_log` VALUES (552, '报表管理', 2, 'com.ruoyi.sys.controller.SysChartController.edit()', 'PUT', 1, 'admin', NULL, '/sys/chart', '127.0.0.1', '内网IP', '{\"code\":\"purchase_worth_year_bar\",\"dsId\":32,\"listSort\":3,\"params\":{},\"title\":\"采购统计\",\"type\":\"line\",\"yaxis\":\"value=总额\",\"xaxis\":\"title=年度\",\"id\":15,\"status\":\"1\"}', '{\"msg\":\"操作成功\",\"code\":200}', 0, NULL, '2021-03-11 15:35:55');
INSERT INTO `sys_oper_log` VALUES (553, '报表管理', 2, 'com.ruoyi.sys.controller.SysChartController.edit()', 'PUT', 1, 'admin', NULL, '/sys/chart', '127.0.0.1', '内网IP', '{\"code\":\"scrap_worth_year_bar\",\"dsId\":33,\"listSort\":4,\"params\":{},\"title\":\"报废统计\",\"type\":\"line\",\"yaxis\":\"value=报废价值\",\"xaxis\":\"title=年度\",\"id\":16,\"status\":\"1\"}', '{\"msg\":\"操作成功\",\"code\":200}', 0, NULL, '2021-03-11 15:36:01');
INSERT INTO `sys_oper_log` VALUES (554, '报表管理', 2, 'com.ruoyi.sys.controller.SysChartController.edit()', 'PUT', 1, 'admin', NULL, '/sys/chart', '127.0.0.1', '内网IP', '{\"code\":\"worth_year_bar\",\"dsId\":29,\"listSort\":1,\"params\":{},\"title\":\"总资产统计\",\"type\":\"bar\",\"yaxis\":\"value=资产总值\",\"xaxis\":\"title=年度\",\"id\":13,\"status\":\"1\"}', '{\"msg\":\"操作成功\",\"code\":200}', 0, NULL, '2021-03-11 15:45:48');
INSERT INTO `sys_oper_log` VALUES (555, '报表管理', 2, 'com.ruoyi.sys.controller.SysChartController.edit()', 'PUT', 1, 'admin', NULL, '/sys/chart', '127.0.0.1', '内网IP', '{\"code\":\"asset_worth_year_bar\",\"dsId\":31,\"listSort\":2,\"params\":{},\"title\":\"固定资产统计\",\"type\":\"bar\",\"yaxis\":\"value=总值\",\"xaxis\":\"title=年度\",\"id\":14,\"status\":\"1\"}', '{\"msg\":\"操作成功\",\"code\":200}', 0, NULL, '2021-03-11 15:45:52');
INSERT INTO `sys_oper_log` VALUES (556, '报表管理', 2, 'com.ruoyi.sys.controller.SysChartController.edit()', 'PUT', 1, 'admin', NULL, '/sys/chart', '127.0.0.1', '内网IP', '{\"code\":\"purchase_worth_year_bar\",\"dsId\":32,\"listSort\":3,\"params\":{},\"title\":\"采购统计\",\"type\":\"bar\",\"yaxis\":\"value=总额\",\"xaxis\":\"title=年度\",\"id\":15,\"status\":\"1\"}', '{\"msg\":\"操作成功\",\"code\":200}', 0, NULL, '2021-03-11 15:45:56');
INSERT INTO `sys_oper_log` VALUES (557, '报表管理', 2, 'com.ruoyi.sys.controller.SysChartController.edit()', 'PUT', 1, 'admin', NULL, '/sys/chart', '127.0.0.1', '内网IP', '{\"code\":\"scrap_worth_year_bar\",\"dsId\":33,\"listSort\":4,\"params\":{},\"title\":\"报废统计\",\"type\":\"bar\",\"yaxis\":\"value=报废价值\",\"xaxis\":\"title=年度\",\"id\":16,\"status\":\"1\"}', '{\"msg\":\"操作成功\",\"code\":200}', 0, NULL, '2021-03-11 15:46:05');
INSERT INTO `sys_oper_log` VALUES (558, '数据集', 1, 'com.ruoyi.sys.controller.SysDatasetController.add()', 'POST', 1, 'admin', NULL, '/sys/dataset', '127.0.0.1', '内网IP', '{\"code\":\"material_worth_year\",\"listSort\":5,\"params\":{},\"title\":\"耗材统计\",\"type\":\"2\",\"sqls\":\"select * from (select material_worth value,year title from asset_stock order by year desc limit 10) t order by title asc\",\"id\":37,\"status\":\"1\"}', '{\"msg\":\"操作成功\",\"code\":200}', 0, NULL, '2021-03-11 16:21:00');
INSERT INTO `sys_oper_log` VALUES (559, '报表管理', 1, 'com.ruoyi.sys.controller.SysChartController.add()', 'POST', 1, 'admin', NULL, '/sys/chart', '127.0.0.1', '内网IP', '{\"code\":\"material_worth_year_bar\",\"dsId\":37,\"listSort\":7,\"params\":{},\"title\":\"耗材统计\",\"type\":\"bar\",\"yaxis\":\"value=总价值\",\"xaxis\":\"title=年度\",\"id\":18,\"status\":\"1\"}', '{\"msg\":\"操作成功\",\"code\":200}', 0, NULL, '2021-03-11 16:21:52');
INSERT INTO `sys_oper_log` VALUES (560, '资产盘点', 2, 'com.ruoyi.asset.controller.AssetStockController.edit()', 'PUT', 1, 'admin', NULL, '/asset/stock', '127.0.0.1', '内网IP', '{\"assetWorth\":33300,\"scrapCount\":0,\"purchaseCount\":0,\"year\":\"2019\",\"materialWorth\":5843,\"updateTime\":1615450947340,\"params\":{},\"worth\":34358,\"createBy\":\"admin\",\"createTime\":1615447875000,\"maintainCount\":0,\"updateBy\":\"admin\",\"assetCount\":9,\"id\":4,\"materialCount\":2}', '{\"msg\":\"操作成功\",\"code\":200}', 0, NULL, '2021-03-11 16:22:27');
INSERT INTO `sys_oper_log` VALUES (561, '资产盘点', 2, 'com.ruoyi.asset.controller.AssetStockController.edit()', 'PUT', 1, 'admin', NULL, '/asset/stock', '127.0.0.1', '内网IP', '{\"assetWorth\":42300,\"scrapCount\":1,\"purchaseCount\":2,\"year\":\"2021\",\"purchaseWorth\":300,\"materialWorth\":583,\"scrapWorth\":4000,\"updateTime\":1615450955781,\"params\":{},\"worth\":42358,\"createBy\":\"admin\",\"createTime\":1615362073000,\"maintainCount\":1,\"updateBy\":\"admin\",\"comment\":\"摇铃的\",\"assetCount\":9,\"id\":3,\"materialCount\":2}', '{\"msg\":\"操作成功\",\"code\":200}', 0, NULL, '2021-03-11 16:22:35');
INSERT INTO `sys_oper_log` VALUES (562, '资产盘点', 2, 'com.ruoyi.asset.controller.AssetStockController.edit()', 'PUT', 1, 'admin', NULL, '/asset/stock', '127.0.0.1', '内网IP', '{\"assetWorth\":32300,\"scrapCount\":34,\"purchaseCount\":1,\"year\":\"2020\",\"materialWorth\":3358,\"scrapWorth\":4800,\"updateTime\":1615450961138,\"params\":{},\"worth\":36358,\"createBy\":\"admin\",\"createTime\":1615359274000,\"maintainCount\":34,\"updateBy\":\"admin\",\"assetCount\":9,\"id\":1,\"materialCount\":2}', '{\"msg\":\"操作成功\",\"code\":200}', 0, NULL, '2021-03-11 16:22:41');
INSERT INTO `sys_oper_log` VALUES (563, '资产信息', 5, 'com.ruoyi.asset.controller.AssetInfoController.export()', 'GET', 1, 'admin', NULL, '/asset/info/export', '127.0.0.1', '内网IP', '{}', '{\"msg\":\"0870ce99-a31d-4b0a-8aff-4940728f9c63_info.xlsx\",\"code\":200}', 0, NULL, '2021-03-11 16:25:05');
INSERT INTO `sys_oper_log` VALUES (564, '报表管理', 2, 'com.ruoyi.sys.controller.SysChartController.edit()', 'PUT', 1, 'admin', NULL, '/sys/chart', '127.0.0.1', '内网IP', '{\"code\":\"maintain_year_bar\",\"dsId\":34,\"listSort\":5,\"params\":{},\"title\":\"维护统计\",\"type\":\"line\",\"yaxis\":\"value=次数\",\"xaxis\":\"title=年度\",\"id\":17,\"status\":\"1\"}', '{\"msg\":\"操作成功\",\"code\":200}', 0, NULL, '2021-03-11 16:42:55');
INSERT INTO `sys_oper_log` VALUES (565, '报表管理', 2, 'com.ruoyi.sys.controller.SysChartController.edit()', 'PUT', 1, 'admin', NULL, '/sys/chart', '127.0.0.1', '内网IP', '{\"code\":\"material_worth_year_bar\",\"dsId\":37,\"listSort\":7,\"params\":{},\"title\":\"耗材统计\",\"type\":\"line\",\"yaxis\":\"value=总价值\",\"xaxis\":\"title=年度\",\"id\":18,\"status\":\"1\"}', '{\"msg\":\"操作成功\",\"code\":200}', 0, NULL, '2021-03-11 16:43:01');
INSERT INTO `sys_oper_log` VALUES (566, '资产盘点', 2, 'com.ruoyi.asset.controller.AssetStockController.edit()', 'PUT', 1, 'admin', NULL, '/asset/stock', '127.0.0.1', '内网IP', '{\"assetWorth\":32300,\"scrapCount\":34,\"purchaseCount\":5,\"year\":\"2020\",\"materialWorth\":3358,\"scrapWorth\":4800,\"updateTime\":1615452237281,\"params\":{},\"worth\":36358,\"createBy\":\"admin\",\"createTime\":1615359274000,\"maintainCount\":34,\"updateBy\":\"admin\",\"assetCount\":9,\"id\":1,\"materialCount\":2}', '{\"msg\":\"操作成功\",\"code\":200}', 0, NULL, '2021-03-11 16:43:57');
INSERT INTO `sys_oper_log` VALUES (567, '资产盘点', 2, 'com.ruoyi.asset.controller.AssetStockController.edit()', 'PUT', 1, 'admin', NULL, '/asset/stock', '127.0.0.1', '内网IP', '{\"assetWorth\":33300,\"scrapCount\":0,\"purchaseCount\":34,\"year\":\"2019\",\"purchaseWorth\":45432,\"materialWorth\":5843,\"updateTime\":1615452250293,\"params\":{},\"worth\":34358,\"createBy\":\"admin\",\"createTime\":1615447875000,\"maintainCount\":56,\"updateBy\":\"admin\",\"assetCount\":9,\"id\":4,\"materialCount\":2}', '{\"msg\":\"操作成功\",\"code\":200}', 0, NULL, '2021-03-11 16:44:10');
INSERT INTO `sys_oper_log` VALUES (568, '资产盘点', 2, 'com.ruoyi.asset.controller.AssetStockController.edit()', 'PUT', 1, 'admin', NULL, '/asset/stock', '127.0.0.1', '内网IP', '{\"assetWorth\":33300,\"scrapCount\":4,\"purchaseCount\":34,\"year\":\"2019\",\"purchaseWorth\":45432,\"materialWorth\":5843,\"scrapWorth\":435,\"updateTime\":1615452284981,\"params\":{},\"worth\":34358,\"createBy\":\"admin\",\"createTime\":1615447875000,\"maintainCount\":56,\"updateBy\":\"admin\",\"assetCount\":9,\"id\":4,\"materialCount\":2}', '{\"msg\":\"操作成功\",\"code\":200}', 0, NULL, '2021-03-11 16:44:44');
INSERT INTO `sys_oper_log` VALUES (569, '资产盘点', 2, 'com.ruoyi.asset.controller.AssetStockController.edit()', 'PUT', 1, 'admin', NULL, '/asset/stock', '127.0.0.1', '内网IP', '{\"assetWorth\":32300,\"scrapCount\":34,\"purchaseCount\":5,\"year\":\"2020\",\"purchaseWorth\":12341,\"materialWorth\":3358,\"scrapWorth\":4800,\"updateTime\":1615452299493,\"params\":{},\"worth\":36358,\"createBy\":\"admin\",\"createTime\":1615359274000,\"maintainCount\":34,\"updateBy\":\"admin\",\"assetCount\":9,\"id\":1,\"materialCount\":2}', '{\"msg\":\"操作成功\",\"code\":200}', 0, NULL, '2021-03-11 16:44:59');
INSERT INTO `sys_oper_log` VALUES (570, '菜单管理', 1, 'com.ruoyi.web.controller.system.SysMenuController.add()', 'POST', 1, 'admin', NULL, '/system/menu', '127.0.0.1', '内网IP', '{\"visible\":\"0\",\"icon\":\"international\",\"orderNum\":\"3\",\"menuName\":\"网盘管理\",\"params\":{},\"parentId\":4,\"isCache\":\"0\",\"path\":\"yun\",\"createBy\":\"admin\",\"children\":[],\"isFrame\":\"1\",\"menuType\":\"M\",\"status\":\"0\"}', '{\"msg\":\"操作成功\",\"code\":200}', 0, NULL, '2021-03-25 14:33:03');
INSERT INTO `sys_oper_log` VALUES (571, '角色管理', 2, 'com.ruoyi.web.controller.system.SysRoleController.edit()', 'PUT', 1, 'admin', NULL, '/system/role', '127.0.0.1', '内网IP', '{\"flag\":false,\"roleId\":2,\"admin\":false,\"remark\":\"普通角色\",\"dataScope\":\"2\",\"delFlag\":\"0\",\"params\":{},\"roleSort\":\"2\",\"deptCheckStrictly\":true,\"createTime\":1614242321000,\"updateBy\":\"admin\",\"menuCheckStrictly\":true,\"roleKey\":\"common\",\"roleName\":\"普通角色\",\"menuIds\":[2039,2103,2104,2105,2106,2107,2118,2119,2120,2121,2122,2123,2124,2125,2126,2127,2134,2135,2136,2137,2138,2040,2041,2178],\"status\":\"0\"}', '{\"msg\":\"操作成功\",\"code\":200}', 0, NULL, '2021-03-25 14:34:28');
INSERT INTO `sys_oper_log` VALUES (572, '菜单管理', 2, 'com.ruoyi.web.controller.system.SysMenuController.edit()', 'PUT', 1, 'admin', NULL, '/system/menu', '127.0.0.1', '内网IP', '{\"visible\":\"0\",\"icon\":\"monitor\",\"orderNum\":\"4\",\"menuName\":\"系统监控\",\"params\":{},\"parentId\":4,\"isCache\":\"0\",\"path\":\"monitor\",\"children\":[],\"createTime\":1614242321000,\"updateBy\":\"admin\",\"isFrame\":\"1\",\"menuId\":2,\"menuType\":\"M\",\"perms\":\"\",\"status\":\"0\"}', '{\"msg\":\"操作成功\",\"code\":200}', 0, NULL, '2021-03-25 14:45:25');
INSERT INTO `sys_oper_log` VALUES (573, '菜单管理', 2, 'com.ruoyi.web.controller.system.SysMenuController.edit()', 'PUT', 1, 'admin', NULL, '/system/menu', '127.0.0.1', '内网IP', '{\"visible\":\"0\",\"icon\":\"tool\",\"orderNum\":\"4\",\"menuName\":\"开发工具\",\"params\":{},\"parentId\":4,\"isCache\":\"0\",\"path\":\"tool\",\"children\":[],\"createTime\":1614242321000,\"updateBy\":\"admin\",\"isFrame\":\"1\",\"menuId\":3,\"menuType\":\"M\",\"perms\":\"\",\"status\":\"0\"}', '{\"msg\":\"操作成功\",\"code\":200}', 0, NULL, '2021-03-25 14:45:35');
INSERT INTO `sys_oper_log` VALUES (574, '资产信息', 2, 'com.ruoyi.asset.controller.AssetInfoController.edit()', 'PUT', 1, 'admin', NULL, '/asset/info', '127.0.0.1', '内网IP', '{\"img\":{\"path\":\"/profile/upload/2021/03/08/cf8fdbeb-52bd-4fd5-b4de-cf4eef3cc811.jpg\",\"id\":9,\"params\":{},\"title\":\"e824b899a9014c083e64d6f5097b02087bf4f407.jpg\"},\"houseId\":1,\"imgId\":9,\"num\":\"dyj-023414\",\"cateName\":\"打印机\",\"house\":{\"params\":{},\"title\":\"大仓库\",\"id\":1},\"houseName\":\"大仓库\",\"param\":\"激光打印机\",\"updateBy\":\"admin\",\"price\":6500,\"id\":44,\"useUser\":{\"admin\":true,\"nickName\":\"超级管理员\",\"params\":{},\"userId\":1},\"price1\":24,\"price2\":234,\"cate\":{\"params\":{},\"title\":\"打印机\",\"type\":\"1\",\"children\":[],\"id\":8},\"finishTime\":1617120000000,\"deptId\":104,\"updateTime\":1616655460855,\"params\":{},\"userName\":\"超级管理员\",\"createBy\":\"admin\",\"createTime\":1615186097000,\"cateId\":8,\"name\":\"激光打印机\",\"comment\":\"234\",\"useUserId\":1,\"status\":\"2\"}', '{\"msg\":\"操作成功\",\"code\":200}', 0, NULL, '2021-03-25 14:57:41');
INSERT INTO `sys_oper_log` VALUES (575, '资产信息', 2, 'com.ruoyi.asset.controller.AssetInfoController.edit()', 'PUT', 1, 'admin', NULL, '/asset/info', '127.0.0.1', '内网IP', '{\"img\":{\"path\":\"/profile/upload/2021/03/08/cf8fdbeb-52bd-4fd5-b4de-cf4eef3cc811.jpg\",\"id\":9,\"params\":{},\"title\":\"e824b899a9014c083e64d6f5097b02087bf4f407.jpg\"},\"houseId\":1,\"imgId\":9,\"num\":\"dyj-023414\",\"cateName\":\"打印机\",\"house\":{\"params\":{},\"title\":\"大仓库\",\"id\":1},\"houseName\":\"大仓库\",\"param\":\"激光打印机\",\"updateBy\":\"admin\",\"price\":6500,\"id\":44,\"useUser\":{\"admin\":true,\"nickName\":\"超级管理员\",\"params\":{},\"userId\":1},\"price1\":24,\"price2\":234,\"cate\":{\"params\":{},\"title\":\"打印机\",\"type\":\"1\",\"children\":[],\"id\":8},\"finishTime\":1617120000000,\"deptId\":104,\"updateTime\":1616655468974,\"params\":{},\"userName\":\"超级管理员\",\"createBy\":\"admin\",\"createTime\":1615186097000,\"cateId\":8,\"name\":\"激光打印机\",\"comment\":\"234\",\"useUserId\":1,\"status\":\"2\"}', '{\"msg\":\"操作成功\",\"code\":200}', 0, NULL, '2021-03-25 14:57:48');
INSERT INTO `sys_oper_log` VALUES (576, '资产信息', 2, 'com.ruoyi.asset.controller.AssetInfoController.edit()', 'PUT', 1, 'admin', NULL, '/asset/info', '127.0.0.1', '内网IP', '{\"img\":{\"path\":\"/profile/upload/2021/03/08/cf8fdbeb-52bd-4fd5-b4de-cf4eef3cc811.jpg\",\"id\":9,\"params\":{},\"title\":\"e824b899a9014c083e64d6f5097b02087bf4f407.jpg\"},\"houseId\":1,\"imgId\":9,\"num\":\"dyj-023414\",\"cateName\":\"打印机\",\"house\":{\"params\":{},\"title\":\"大仓库\",\"id\":1},\"houseName\":\"大仓库\",\"param\":\"激光打印机\",\"updateBy\":\"admin\",\"price\":6500,\"id\":44,\"useUser\":{\"admin\":true,\"nickName\":\"超级管理员\",\"params\":{},\"userId\":1},\"price1\":24,\"price2\":234,\"cate\":{\"params\":{},\"title\":\"打印机\",\"type\":\"1\",\"children\":[],\"id\":8},\"finishTime\":1617120000000,\"deptId\":104,\"updateTime\":1616655553451,\"params\":{},\"userName\":\"超级管理员\",\"createBy\":\"admin\",\"createTime\":1615186097000,\"cateId\":8,\"name\":\"激光打印机\",\"comment\":\"234\",\"useUserId\":1,\"status\":\"2\"}', '{\"msg\":\"操作成功\",\"code\":200}', 0, NULL, '2021-03-25 14:59:13');
INSERT INTO `sys_oper_log` VALUES (577, '资产信息', 2, 'com.ruoyi.asset.controller.AssetInfoController.edit()', 'PUT', 1, 'admin', NULL, '/asset/info', '127.0.0.1', '内网IP', '{\"houseId\":2,\"num\":\"42134\",\"cateName\":\"笔记本电脑\",\"house\":{\"params\":{},\"title\":\"杂物间\",\"id\":2},\"houseName\":\"杂物间\",\"updateBy\":\"admin\",\"price\":1500,\"id\":41,\"price1\":5000,\"price2\":1500,\"cate\":{\"params\":{},\"title\":\"笔记本电脑\",\"type\":\"1\",\"children\":[],\"id\":6},\"factory\":\"\",\"finishTime\":1615132800000,\"deptId\":105,\"updateTime\":1616655558464,\"params\":{},\"proxy\":\"\",\"createBy\":\"admin\",\"createTime\":1615185152000,\"cateId\":6,\"name\":\"开发电脑\",\"comment\":\"\",\"status\":\"1\"}', '{\"msg\":\"操作成功\",\"code\":200}', 0, NULL, '2021-03-25 14:59:18');
INSERT INTO `sys_oper_log` VALUES (578, '耗材领用', 1, 'com.ruoyi.asset.controller.AssetPickupController.add()', 'POST', 1, 'admin', NULL, '/asset/pickup', '127.0.0.1', '内网IP', '{\"reason\":\"asfsdafdas\",\"amount\":1,\"materialId\":2,\"params\":{},\"applyUserId\":1,\"checkStatus\":\"0\",\"createBy\":\"admin\",\"createTime\":1616656665376,\"cateId\":11,\"comment\":\"233\",\"id\":2}', '{\"msg\":\"操作成功\",\"code\":200}', 0, NULL, '2021-03-25 15:17:45');
INSERT INTO `sys_oper_log` VALUES (579, '审核耗材领用', 2, 'com.ruoyi.asset.controller.AssetPickupController.check()', 'PUT', 1, 'admin', NULL, '/asset/pickup/check', '127.0.0.1', '内网IP', '{\"cate\":{\"params\":{},\"title\":\"圆珠笔\",\"type\":\"2\",\"children\":[],\"id\":11},\"reason\":\"asfsdafdas\",\"amount\":1,\"checkUserId\":1,\"materialId\":2,\"params\":{},\"applyUserId\":1,\"applyUser\":{\"admin\":true,\"nickName\":\"超级管理员\",\"params\":{},\"userId\":1},\"checkStatus\":\"1\",\"createBy\":\"admin\",\"isDelivery\":\"N\",\"checkTime\":1616656676064,\"material\":{\"params\":{},\"cateId\":11,\"name\":\"中性笔\",\"id\":2},\"createTime\":1616656665000,\"cateId\":11,\"comment\":\"233\",\"id\":2}', '{\"msg\":\"操作成功\",\"code\":200}', 0, NULL, '2021-03-25 15:17:56');
INSERT INTO `sys_oper_log` VALUES (580, '出库管理', 1, 'com.ruoyi.asset.controller.AssetDeliveryController.add()', 'POST', 1, 'admin', NULL, '/asset/delivery', '127.0.0.1', '内网IP', '{\"amount\":1,\"houseId\":2,\"materialId\":2,\"params\":{},\"applyId\":2,\"createBy\":\"admin\",\"createTime\":1616656886600,\"cateId\":11,\"id\":4,\"recvUserId\":1}', '{\"msg\":\"操作成功\",\"code\":200}', 0, NULL, '2021-03-25 15:21:26');
INSERT INTO `sys_oper_log` VALUES (581, '耗材领用', 1, 'com.ruoyi.asset.controller.AssetPickupController.add()', 'POST', 1, 'admin', NULL, '/asset/pickup', '127.0.0.1', '内网IP', '{\"reason\":\"141324\",\"amount\":1,\"materialId\":1,\"params\":{},\"applyUserId\":1,\"checkStatus\":\"0\",\"createBy\":\"admin\",\"createTime\":1616657036320,\"cateId\":8,\"id\":3}', '{\"msg\":\"操作成功\",\"code\":200}', 0, NULL, '2021-03-25 15:23:56');
INSERT INTO `sys_oper_log` VALUES (582, '审核耗材领用', 2, 'com.ruoyi.asset.controller.AssetPickupController.check()', 'PUT', 1, 'admin', NULL, '/asset/pickup/check', '127.0.0.1', '内网IP', '{\"cate\":{\"params\":{},\"title\":\"打印机\",\"type\":\"1\",\"children\":[],\"id\":8},\"reason\":\"141324\",\"amount\":1,\"checkUserId\":1,\"materialId\":1,\"params\":{},\"applyUserId\":1,\"applyUser\":{\"admin\":true,\"nickName\":\"超级管理员\",\"params\":{},\"userId\":1},\"checkStatus\":\"1\",\"createBy\":\"admin\",\"isDelivery\":\"N\",\"checkTime\":1616657041479,\"material\":{\"params\":{},\"cateId\":8,\"name\":\"圆珠笔\",\"id\":3},\"createTime\":1616657036000,\"cateId\":8,\"id\":3}', '{\"msg\":\"操作成功\",\"code\":200}', 0, NULL, '2021-03-25 15:24:01');
INSERT INTO `sys_oper_log` VALUES (583, '出库管理', 1, 'com.ruoyi.asset.controller.AssetDeliveryController.add()', 'POST', 1, 'admin', NULL, '/asset/delivery', '127.0.0.1', '内网IP', '{\"amount\":1,\"houseId\":2,\"materialId\":1,\"params\":{},\"applyId\":3,\"createBy\":\"admin\",\"createTime\":1616657045355,\"cateId\":8,\"id\":5,\"recvUserId\":1}', '{\"msg\":\"操作成功\",\"code\":200}', 0, NULL, '2021-03-25 15:24:05');
INSERT INTO `sys_oper_log` VALUES (584, '耗材领用', 1, 'com.ruoyi.asset.controller.AssetPickupController.add()', 'POST', 1, 'admin', NULL, '/asset/pickup', '127.0.0.1', '内网IP', '{\"reason\":\"21341234\",\"amount\":2,\"materialId\":2,\"params\":{},\"applyUserId\":1,\"checkStatus\":\"1\",\"createBy\":\"admin\",\"createTime\":1616657108841,\"cateId\":11,\"id\":4}', '{\"msg\":\"操作成功\",\"code\":200}', 0, NULL, '2021-03-25 15:25:09');
INSERT INTO `sys_oper_log` VALUES (585, '出库管理', 1, 'com.ruoyi.asset.controller.AssetDeliveryController.add()', 'POST', 1, 'admin', NULL, '/asset/delivery', '127.0.0.1', '内网IP', '{\"amount\":2,\"houseId\":2,\"materialId\":2,\"params\":{},\"applyId\":4,\"createBy\":\"admin\",\"createTime\":1616657118714,\"cateId\":11,\"id\":6,\"recvUserId\":1}', '{\"msg\":\"操作成功\",\"code\":200}', 0, NULL, '2021-03-25 15:25:18');

-- ----------------------------
-- Table structure for sys_post
-- ----------------------------
DROP TABLE IF EXISTS `sys_post`;
CREATE TABLE `sys_post`  (
  `post_id` bigint(20) NOT NULL AUTO_INCREMENT COMMENT '岗位ID',
  `post_code` varchar(64) CHARACTER SET utf8 COLLATE utf8_general_ci NOT NULL COMMENT '岗位编码',
  `post_name` varchar(50) CHARACTER SET utf8 COLLATE utf8_general_ci NOT NULL COMMENT '岗位名称',
  `post_sort` int(4) NOT NULL COMMENT '显示顺序',
  `status` char(1) CHARACTER SET utf8 COLLATE utf8_general_ci NOT NULL COMMENT '状态（0正常 1停用）',
  `create_by` varchar(64) CHARACTER SET utf8 COLLATE utf8_general_ci NULL DEFAULT '' COMMENT '创建者',
  `create_time` datetime NULL DEFAULT NULL COMMENT '创建时间',
  `update_by` varchar(64) CHARACTER SET utf8 COLLATE utf8_general_ci NULL DEFAULT '' COMMENT '更新者',
  `update_time` datetime NULL DEFAULT NULL COMMENT '更新时间',
  `remark` varchar(500) CHARACTER SET utf8 COLLATE utf8_general_ci NULL DEFAULT NULL COMMENT '备注',
  PRIMARY KEY (`post_id`) USING BTREE
) ENGINE = InnoDB AUTO_INCREMENT = 5 CHARACTER SET = utf8 COLLATE = utf8_general_ci COMMENT = '岗位信息表' ROW_FORMAT = DYNAMIC;

-- ----------------------------
-- Records of sys_post
-- ----------------------------
INSERT INTO `sys_post` VALUES (1, 'ceo', '董事长', 1, '0', 'admin', '2021-02-25 16:38:41', '', NULL, '');
INSERT INTO `sys_post` VALUES (2, 'se', '项目经理', 2, '0', 'admin', '2021-02-25 16:38:41', '', NULL, '');
INSERT INTO `sys_post` VALUES (3, 'hr', '人力资源', 3, '0', 'admin', '2021-02-25 16:38:41', '', NULL, '');
INSERT INTO `sys_post` VALUES (4, 'user', '普通员工', 4, '0', 'admin', '2021-02-25 16:38:41', '', NULL, '');

-- ----------------------------
-- Table structure for sys_role
-- ----------------------------
DROP TABLE IF EXISTS `sys_role`;
CREATE TABLE `sys_role`  (
  `role_id` bigint(20) NOT NULL AUTO_INCREMENT COMMENT '角色ID',
  `role_name` varchar(30) CHARACTER SET utf8 COLLATE utf8_general_ci NOT NULL COMMENT '角色名称',
  `role_key` varchar(100) CHARACTER SET utf8 COLLATE utf8_general_ci NOT NULL COMMENT '角色权限字符串',
  `role_sort` int(4) NOT NULL COMMENT '显示顺序',
  `data_scope` char(1) CHARACTER SET utf8 COLLATE utf8_general_ci NULL DEFAULT '1' COMMENT '数据范围（1：全部数据权限 2：自定数据权限 3：本部门数据权限 4：本部门及以下数据权限）',
  `menu_check_strictly` tinyint(1) NULL DEFAULT 1 COMMENT '菜单树选择项是否关联显示',
  `dept_check_strictly` tinyint(1) NULL DEFAULT 1 COMMENT '部门树选择项是否关联显示',
  `status` char(1) CHARACTER SET utf8 COLLATE utf8_general_ci NOT NULL COMMENT '角色状态（0正常 1停用）',
  `del_flag` char(1) CHARACTER SET utf8 COLLATE utf8_general_ci NULL DEFAULT '0' COMMENT '删除标志（0代表存在 2代表删除）',
  `create_by` varchar(64) CHARACTER SET utf8 COLLATE utf8_general_ci NULL DEFAULT '' COMMENT '创建者',
  `create_time` datetime NULL DEFAULT NULL COMMENT '创建时间',
  `update_by` varchar(64) CHARACTER SET utf8 COLLATE utf8_general_ci NULL DEFAULT '' COMMENT '更新者',
  `update_time` datetime NULL DEFAULT NULL COMMENT '更新时间',
  `remark` varchar(500) CHARACTER SET utf8 COLLATE utf8_general_ci NULL DEFAULT NULL COMMENT '备注',
  PRIMARY KEY (`role_id`) USING BTREE
) ENGINE = InnoDB AUTO_INCREMENT = 6 CHARACTER SET = utf8 COLLATE = utf8_general_ci COMMENT = '角色信息表' ROW_FORMAT = DYNAMIC;

-- ----------------------------
-- Records of sys_role
-- ----------------------------
INSERT INTO `sys_role` VALUES (1, '超级管理员', 'admin', 1, '1', 1, 1, '0', '0', 'admin', '2021-02-25 16:38:41', '', NULL, '超级管理员');
INSERT INTO `sys_role` VALUES (2, '普通角色', 'common', 2, '2', 1, 1, '0', '0', 'admin', '2021-02-25 16:38:41', 'admin', '2021-03-25 14:34:28', '普通角色');
INSERT INTO `sys_role` VALUES (3, '资产维护员', 'maintain', 4, '1', 1, 1, '0', '0', 'admin', '2021-03-09 16:38:16', '', NULL, NULL);
INSERT INTO `sys_role` VALUES (4, '采购员', 'purchase', 4, '1', 1, 1, '0', '0', 'admin', '2021-03-09 16:39:15', '', NULL, NULL);
INSERT INTO `sys_role` VALUES (5, '资产主管', 'manager', 5, '1', 1, 1, '0', '0', 'admin', '2021-03-09 16:39:54', '', NULL, NULL);

-- ----------------------------
-- Table structure for sys_role_dept
-- ----------------------------
DROP TABLE IF EXISTS `sys_role_dept`;
CREATE TABLE `sys_role_dept`  (
  `role_id` bigint(20) NOT NULL COMMENT '角色ID',
  `dept_id` bigint(20) NOT NULL COMMENT '部门ID',
  PRIMARY KEY (`role_id`, `dept_id`) USING BTREE
) ENGINE = InnoDB CHARACTER SET = utf8 COLLATE = utf8_general_ci COMMENT = '角色和部门关联表' ROW_FORMAT = DYNAMIC;

-- ----------------------------
-- Records of sys_role_dept
-- ----------------------------
INSERT INTO `sys_role_dept` VALUES (2, 100);
INSERT INTO `sys_role_dept` VALUES (2, 101);
INSERT INTO `sys_role_dept` VALUES (2, 105);

-- ----------------------------
-- Table structure for sys_role_menu
-- ----------------------------
DROP TABLE IF EXISTS `sys_role_menu`;
CREATE TABLE `sys_role_menu`  (
  `role_id` bigint(20) NOT NULL COMMENT '角色ID',
  `menu_id` bigint(20) NOT NULL COMMENT '菜单ID',
  PRIMARY KEY (`role_id`, `menu_id`) USING BTREE
) ENGINE = InnoDB CHARACTER SET = utf8 COLLATE = utf8_general_ci COMMENT = '角色和菜单关联表' ROW_FORMAT = DYNAMIC;

-- ----------------------------
-- Records of sys_role_menu
-- ----------------------------
INSERT INTO `sys_role_menu` VALUES (2, 2039);
INSERT INTO `sys_role_menu` VALUES (2, 2040);
INSERT INTO `sys_role_menu` VALUES (2, 2041);
INSERT INTO `sys_role_menu` VALUES (2, 2103);
INSERT INTO `sys_role_menu` VALUES (2, 2104);
INSERT INTO `sys_role_menu` VALUES (2, 2105);
INSERT INTO `sys_role_menu` VALUES (2, 2106);
INSERT INTO `sys_role_menu` VALUES (2, 2107);
INSERT INTO `sys_role_menu` VALUES (2, 2118);
INSERT INTO `sys_role_menu` VALUES (2, 2119);
INSERT INTO `sys_role_menu` VALUES (2, 2120);
INSERT INTO `sys_role_menu` VALUES (2, 2121);
INSERT INTO `sys_role_menu` VALUES (2, 2122);
INSERT INTO `sys_role_menu` VALUES (2, 2123);
INSERT INTO `sys_role_menu` VALUES (2, 2124);
INSERT INTO `sys_role_menu` VALUES (2, 2125);
INSERT INTO `sys_role_menu` VALUES (2, 2126);
INSERT INTO `sys_role_menu` VALUES (2, 2127);
INSERT INTO `sys_role_menu` VALUES (2, 2134);
INSERT INTO `sys_role_menu` VALUES (2, 2135);
INSERT INTO `sys_role_menu` VALUES (2, 2136);
INSERT INTO `sys_role_menu` VALUES (2, 2137);
INSERT INTO `sys_role_menu` VALUES (2, 2138);
INSERT INTO `sys_role_menu` VALUES (2, 2178);
INSERT INTO `sys_role_menu` VALUES (3, 2039);
INSERT INTO `sys_role_menu` VALUES (3, 2139);
INSERT INTO `sys_role_menu` VALUES (3, 2140);
INSERT INTO `sys_role_menu` VALUES (3, 2141);
INSERT INTO `sys_role_menu` VALUES (4, 2039);
INSERT INTO `sys_role_menu` VALUES (4, 2109);
INSERT INTO `sys_role_menu` VALUES (4, 2110);
INSERT INTO `sys_role_menu` VALUES (4, 2111);
INSERT INTO `sys_role_menu` VALUES (5, 2039);
INSERT INTO `sys_role_menu` VALUES (5, 2040);
INSERT INTO `sys_role_menu` VALUES (5, 2041);
INSERT INTO `sys_role_menu` VALUES (5, 2042);
INSERT INTO `sys_role_menu` VALUES (5, 2055);
INSERT INTO `sys_role_menu` VALUES (5, 2056);
INSERT INTO `sys_role_menu` VALUES (5, 2057);
INSERT INTO `sys_role_menu` VALUES (5, 2058);
INSERT INTO `sys_role_menu` VALUES (5, 2059);
INSERT INTO `sys_role_menu` VALUES (5, 2060);
INSERT INTO `sys_role_menu` VALUES (5, 2061);
INSERT INTO `sys_role_menu` VALUES (5, 2062);
INSERT INTO `sys_role_menu` VALUES (5, 2063);
INSERT INTO `sys_role_menu` VALUES (5, 2064);
INSERT INTO `sys_role_menu` VALUES (5, 2065);
INSERT INTO `sys_role_menu` VALUES (5, 2066);
INSERT INTO `sys_role_menu` VALUES (5, 2067);
INSERT INTO `sys_role_menu` VALUES (5, 2068);
INSERT INTO `sys_role_menu` VALUES (5, 2069);
INSERT INTO `sys_role_menu` VALUES (5, 2070);
INSERT INTO `sys_role_menu` VALUES (5, 2071);
INSERT INTO `sys_role_menu` VALUES (5, 2072);
INSERT INTO `sys_role_menu` VALUES (5, 2073);
INSERT INTO `sys_role_menu` VALUES (5, 2074);
INSERT INTO `sys_role_menu` VALUES (5, 2075);
INSERT INTO `sys_role_menu` VALUES (5, 2076);
INSERT INTO `sys_role_menu` VALUES (5, 2077);
INSERT INTO `sys_role_menu` VALUES (5, 2078);
INSERT INTO `sys_role_menu` VALUES (5, 2079);
INSERT INTO `sys_role_menu` VALUES (5, 2080);
INSERT INTO `sys_role_menu` VALUES (5, 2081);
INSERT INTO `sys_role_menu` VALUES (5, 2082);
INSERT INTO `sys_role_menu` VALUES (5, 2083);
INSERT INTO `sys_role_menu` VALUES (5, 2084);
INSERT INTO `sys_role_menu` VALUES (5, 2085);
INSERT INTO `sys_role_menu` VALUES (5, 2086);
INSERT INTO `sys_role_menu` VALUES (5, 2087);
INSERT INTO `sys_role_menu` VALUES (5, 2088);
INSERT INTO `sys_role_menu` VALUES (5, 2089);
INSERT INTO `sys_role_menu` VALUES (5, 2090);
INSERT INTO `sys_role_menu` VALUES (5, 2091);
INSERT INTO `sys_role_menu` VALUES (5, 2092);
INSERT INTO `sys_role_menu` VALUES (5, 2093);
INSERT INTO `sys_role_menu` VALUES (5, 2094);
INSERT INTO `sys_role_menu` VALUES (5, 2095);
INSERT INTO `sys_role_menu` VALUES (5, 2096);
INSERT INTO `sys_role_menu` VALUES (5, 2097);
INSERT INTO `sys_role_menu` VALUES (5, 2098);
INSERT INTO `sys_role_menu` VALUES (5, 2099);
INSERT INTO `sys_role_menu` VALUES (5, 2100);
INSERT INTO `sys_role_menu` VALUES (5, 2101);
INSERT INTO `sys_role_menu` VALUES (5, 2102);
INSERT INTO `sys_role_menu` VALUES (5, 2103);
INSERT INTO `sys_role_menu` VALUES (5, 2104);
INSERT INTO `sys_role_menu` VALUES (5, 2105);
INSERT INTO `sys_role_menu` VALUES (5, 2106);
INSERT INTO `sys_role_menu` VALUES (5, 2107);
INSERT INTO `sys_role_menu` VALUES (5, 2108);
INSERT INTO `sys_role_menu` VALUES (5, 2109);
INSERT INTO `sys_role_menu` VALUES (5, 2110);
INSERT INTO `sys_role_menu` VALUES (5, 2111);
INSERT INTO `sys_role_menu` VALUES (5, 2112);
INSERT INTO `sys_role_menu` VALUES (5, 2113);
INSERT INTO `sys_role_menu` VALUES (5, 2114);
INSERT INTO `sys_role_menu` VALUES (5, 2115);
INSERT INTO `sys_role_menu` VALUES (5, 2116);
INSERT INTO `sys_role_menu` VALUES (5, 2117);
INSERT INTO `sys_role_menu` VALUES (5, 2118);
INSERT INTO `sys_role_menu` VALUES (5, 2119);
INSERT INTO `sys_role_menu` VALUES (5, 2120);
INSERT INTO `sys_role_menu` VALUES (5, 2121);
INSERT INTO `sys_role_menu` VALUES (5, 2122);
INSERT INTO `sys_role_menu` VALUES (5, 2123);
INSERT INTO `sys_role_menu` VALUES (5, 2124);
INSERT INTO `sys_role_menu` VALUES (5, 2125);
INSERT INTO `sys_role_menu` VALUES (5, 2126);
INSERT INTO `sys_role_menu` VALUES (5, 2127);
INSERT INTO `sys_role_menu` VALUES (5, 2128);
INSERT INTO `sys_role_menu` VALUES (5, 2129);
INSERT INTO `sys_role_menu` VALUES (5, 2130);
INSERT INTO `sys_role_menu` VALUES (5, 2131);
INSERT INTO `sys_role_menu` VALUES (5, 2132);
INSERT INTO `sys_role_menu` VALUES (5, 2133);
INSERT INTO `sys_role_menu` VALUES (5, 2134);
INSERT INTO `sys_role_menu` VALUES (5, 2135);
INSERT INTO `sys_role_menu` VALUES (5, 2136);
INSERT INTO `sys_role_menu` VALUES (5, 2137);
INSERT INTO `sys_role_menu` VALUES (5, 2138);
INSERT INTO `sys_role_menu` VALUES (5, 2139);
INSERT INTO `sys_role_menu` VALUES (5, 2140);
INSERT INTO `sys_role_menu` VALUES (5, 2141);
INSERT INTO `sys_role_menu` VALUES (5, 2142);
INSERT INTO `sys_role_menu` VALUES (5, 2143);
INSERT INTO `sys_role_menu` VALUES (5, 2144);

-- ----------------------------
-- Table structure for sys_user
-- ----------------------------
DROP TABLE IF EXISTS `sys_user`;
CREATE TABLE `sys_user`  (
  `user_id` bigint(20) NOT NULL AUTO_INCREMENT COMMENT '用户ID',
  `dept_id` bigint(20) NULL DEFAULT NULL COMMENT '部门ID',
  `user_name` varchar(30) CHARACTER SET utf8 COLLATE utf8_general_ci NOT NULL COMMENT '用户账号',
  `nick_name` varchar(30) CHARACTER SET utf8 COLLATE utf8_general_ci NOT NULL COMMENT '用户昵称',
  `user_type` varchar(2) CHARACTER SET utf8 COLLATE utf8_general_ci NULL DEFAULT '00' COMMENT '用户类型（00系统用户）',
  `email` varchar(50) CHARACTER SET utf8 COLLATE utf8_general_ci NULL DEFAULT '' COMMENT '用户邮箱',
  `phonenumber` varchar(11) CHARACTER SET utf8 COLLATE utf8_general_ci NULL DEFAULT '' COMMENT '手机号码',
  `sex` char(1) CHARACTER SET utf8 COLLATE utf8_general_ci NULL DEFAULT '0' COMMENT '用户性别（0男 1女 2未知）',
  `avatar` varchar(100) CHARACTER SET utf8 COLLATE utf8_general_ci NULL DEFAULT '' COMMENT '头像地址',
  `password` varchar(100) CHARACTER SET utf8 COLLATE utf8_general_ci NULL DEFAULT '' COMMENT '密码',
  `status` char(1) CHARACTER SET utf8 COLLATE utf8_general_ci NULL DEFAULT '0' COMMENT '帐号状态（0正常 1停用）',
  `del_flag` char(1) CHARACTER SET utf8 COLLATE utf8_general_ci NULL DEFAULT '0' COMMENT '删除标志（0代表存在 2代表删除）',
  `login_ip` varchar(128) CHARACTER SET utf8 COLLATE utf8_general_ci NULL DEFAULT '' COMMENT '最后登录IP',
  `login_date` datetime NULL DEFAULT NULL COMMENT '最后登录时间',
  `create_by` varchar(64) CHARACTER SET utf8 COLLATE utf8_general_ci NULL DEFAULT '' COMMENT '创建者',
  `create_time` datetime NULL DEFAULT NULL COMMENT '创建时间',
  `update_by` varchar(64) CHARACTER SET utf8 COLLATE utf8_general_ci NULL DEFAULT '' COMMENT '更新者',
  `update_time` datetime NULL DEFAULT NULL COMMENT '更新时间',
  `remark` varchar(500) CHARACTER SET utf8 COLLATE utf8_general_ci NULL DEFAULT NULL COMMENT '备注',
  PRIMARY KEY (`user_id`) USING BTREE
) ENGINE = InnoDB AUTO_INCREMENT = 3 CHARACTER SET = utf8 COLLATE = utf8_general_ci COMMENT = '用户信息表' ROW_FORMAT = DYNAMIC;

-- ----------------------------
-- Records of sys_user
-- ----------------------------
INSERT INTO `sys_user` VALUES (1, 103, 'admin', '超级管理员', '00', 'ry@163.com', '15888888888', '1', '', '$2a$10$7JB720yubVSZvUI0rEqK/.VqGOZTH.ulu33dHOiBE8ByOhJIrdAu2', '0', '0', '127.0.0.1', '2021-02-25 16:38:41', 'admin', '2021-02-25 16:38:41', '', NULL, '管理员');
INSERT INTO `sys_user` VALUES (2, 105, 'ry', '若依', '00', 'ry@qq.com', '15666666666', '1', '', '$2a$10$7JB720yubVSZvUI0rEqK/.VqGOZTH.ulu33dHOiBE8ByOhJIrdAu2', '1', '0', '127.0.0.1', '2021-02-25 16:38:41', 'admin', '2021-02-25 16:38:41', 'admin', '2021-02-25 17:50:41', '测试员');

-- ----------------------------
-- Table structure for sys_user_post
-- ----------------------------
DROP TABLE IF EXISTS `sys_user_post`;
CREATE TABLE `sys_user_post`  (
  `user_id` bigint(20) NOT NULL COMMENT '用户ID',
  `post_id` bigint(20) NOT NULL COMMENT '岗位ID',
  PRIMARY KEY (`user_id`, `post_id`) USING BTREE
) ENGINE = InnoDB CHARACTER SET = utf8 COLLATE = utf8_general_ci COMMENT = '用户与岗位关联表' ROW_FORMAT = DYNAMIC;

-- ----------------------------
-- Records of sys_user_post
-- ----------------------------
INSERT INTO `sys_user_post` VALUES (1, 1);
INSERT INTO `sys_user_post` VALUES (2, 2);

-- ----------------------------
-- Table structure for sys_user_role
-- ----------------------------
DROP TABLE IF EXISTS `sys_user_role`;
CREATE TABLE `sys_user_role`  (
  `user_id` bigint(20) NOT NULL COMMENT '用户ID',
  `role_id` bigint(20) NOT NULL COMMENT '角色ID',
  PRIMARY KEY (`user_id`, `role_id`) USING BTREE
) ENGINE = InnoDB CHARACTER SET = utf8 COLLATE = utf8_general_ci COMMENT = '用户和角色关联表' ROW_FORMAT = DYNAMIC;

-- ----------------------------
-- Records of sys_user_role
-- ----------------------------
INSERT INTO `sys_user_role` VALUES (1, 1);
INSERT INTO `sys_user_role` VALUES (2, 2);

-- ----------------------------
-- Table structure for xdata_client
-- ----------------------------
DROP TABLE IF EXISTS `xdata_client`;
CREATE TABLE `xdata_client`  (
  `id` int(11) NOT NULL AUTO_INCREMENT COMMENT '自增长主键ID',
  `title` varchar(10) CHARACTER SET utf8 COLLATE utf8_general_ci NOT NULL COMMENT '应用名称',
  `type` varchar(1) CHARACTER SET utf8 COLLATE utf8_general_ci NOT NULL COMMENT '类型',
  `code` varchar(32) CHARACTER SET utf8 COLLATE utf8_general_ci NOT NULL COMMENT '应用代码',
  `secret` varchar(32) CHARACTER SET utf8 COLLATE utf8_general_ci NOT NULL COMMENT '应用密钥',
  `url` varchar(255) CHARACTER SET utf8 COLLATE utf8_general_ci NULL DEFAULT NULL COMMENT '媒体附件',
  `icon` varchar(255) CHARACTER SET utf8 COLLATE utf8_general_ci NULL DEFAULT NULL COMMENT '图标',
  `db_type` char(1) CHARACTER SET utf8 COLLATE utf8_general_ci NULL DEFAULT NULL COMMENT '数据库类型',
  `jdbc` varchar(255) CHARACTER SET utf8 COLLATE utf8_general_ci NULL DEFAULT NULL COMMENT '数据连接',
  `db_user` varchar(50) CHARACTER SET utf8 COLLATE utf8_general_ci NULL DEFAULT NULL COMMENT '数据库账号',
  `db_pass` varchar(50) CHARACTER SET utf8 COLLATE utf8_general_ci NULL DEFAULT NULL COMMENT '数据库密码',
  `status` varchar(1) CHARACTER SET utf8 COLLATE utf8_general_ci NOT NULL COMMENT '状态',
  PRIMARY KEY (`id`) USING BTREE
) ENGINE = InnoDB AUTO_INCREMENT = 3 CHARACTER SET = utf8 COLLATE = utf8_general_ci COMMENT = '应用' ROW_FORMAT = DYNAMIC;

-- ----------------------------
-- Records of xdata_client
-- ----------------------------
INSERT INTO `xdata_client` VALUES (1, '数据备份', '1', 'db2f4bf76f21bf9f44bed10ed30a8aba', '9c0e66ab26e561c4ceff9649a8fcd19e', NULL, NULL, '1', 'jdbc:mysql://localhost:3306/java_szxy_data?useUnicode=true&characterEncoding=utf8&zeroDateTimeBehavior=convertToNull&useSSL=true&serverTimezone=GMT%2B8', 'root', 'root', '1');
INSERT INTO `xdata_client` VALUES (2, '教务系统', '1', '12695b8513de059116db8aebf506af6f', '90ca372d19ea42ff8bfeb1d46c5ca7db', NULL, NULL, '1', 'jdbc:mysql://localhost:3306/java_szxy_data?useUnicode=true&characterEncoding=utf8&zeroDateTimeBehavior=convertToNull&useSSL=true&serverTimezone=GMT%2B8', 'root', 'root', '1');

-- ----------------------------
-- Table structure for xdata_model
-- ----------------------------
DROP TABLE IF EXISTS `xdata_model`;
CREATE TABLE `xdata_model`  (
  `id` int(11) NOT NULL AUTO_INCREMENT COMMENT '自增长主键ID',
  `title` varchar(10) CHARACTER SET utf8 COLLATE utf8_general_ci NOT NULL COMMENT '模型名称',
  `type` varchar(1) CHARACTER SET utf8 COLLATE utf8_general_ci NOT NULL COMMENT '类型',
  `tables` varchar(100) CHARACTER SET utf8 COLLATE utf8_general_ci NOT NULL COMMENT '数据表',
  `list_sort` int(11) NULL DEFAULT 9 COMMENT '排序',
  `status` varchar(1) CHARACTER SET utf8 COLLATE utf8_general_ci NOT NULL COMMENT '状态',
  PRIMARY KEY (`id`) USING BTREE
) ENGINE = InnoDB AUTO_INCREMENT = 2 CHARACTER SET = utf8 COLLATE = utf8_general_ci COMMENT = '模型' ROW_FORMAT = DYNAMIC;

-- ----------------------------
-- Records of xdata_model
-- ----------------------------
INSERT INTO `xdata_model` VALUES (1, '专业信息', '1', 'base_specialty', 1, '1');

-- ----------------------------
-- Table structure for xdata_pipe
-- ----------------------------
DROP TABLE IF EXISTS `xdata_pipe`;
CREATE TABLE `xdata_pipe`  (
  `id` int(11) NOT NULL AUTO_INCREMENT COMMENT '自增长主键ID',
  `client_id` int(11) NOT NULL COMMENT '应用',
  `model_id` int(11) NOT NULL COMMENT '模型名称',
  `mode` varchar(1) CHARACTER SET utf8 COLLATE utf8_general_ci NOT NULL COMMENT '权限',
  `read_sql` varchar(500) CHARACTER SET utf8 COLLATE utf8_general_ci NOT NULL DEFAULT '' COMMENT '读取操作',
  `insert_sql` varchar(1000) CHARACTER SET utf8 COLLATE utf8_general_ci NOT NULL DEFAULT '' COMMENT '新增操作',
  `update_sql` varchar(1000) CHARACTER SET utf8 COLLATE utf8_general_ci NOT NULL DEFAULT '' COMMENT '更新操作',
  `del_sql` varchar(255) CHARACTER SET utf8 COLLATE utf8_general_ci NULL DEFAULT NULL COMMENT '删除操作',
  `exist_sql` varchar(255) CHARACTER SET utf8 COLLATE utf8_general_ci NOT NULL DEFAULT '' COMMENT '查询操作',
  `last_time` datetime NULL DEFAULT NULL COMMENT '上次同步时间',
  `last_result` int(11) NULL DEFAULT NULL COMMENT '上次同步结果',
  `list_sort` int(11) NULL DEFAULT 9 COMMENT '优先级',
  `status` varchar(1) CHARACTER SET utf8 COLLATE utf8_general_ci NULL DEFAULT '1' COMMENT '状态',
  PRIMARY KEY (`id`) USING BTREE
) ENGINE = InnoDB AUTO_INCREMENT = 3 CHARACTER SET = utf8 COLLATE = utf8_general_ci COMMENT = '通道' ROW_FORMAT = DYNAMIC;

-- ----------------------------
-- Records of xdata_pipe
-- ----------------------------
INSERT INTO `xdata_pipe` VALUES (1, 1, 1, 'r', 'SELECT id, dept_id, code, title, period, start_date, end_date, master_user, list_sort, status, is_enroll, create_by, create_time, update_by, update_time FROM base_specialty limit #{_page} , #{_rows};', 'INSERT INTO base_specialty( id, dept_id, code, title, period, start_date, end_date, master_user, list_sort, status, is_enroll, create_by, create_time, update_by, update_time ) VALUES ( NULL, #{dept_id}, #{code}, #{title}, #{period}, #{start_date}, #{end_date}, #{master_user}, #{list_sort}, #{status}, #{is_enroll}, #{create_by}, #{create_time}, #{update_by}, #{update_time} );', 'UPDATE base_specialty SET dept_id =  #{dept_id}, code =  #{code}, title =  #{title}, period =  #{period}, start_date =  #{start_date}, end_date =  #{end_date}, master_user =  #{master_user}, list_sort =  #{list_sort}, status =  #{status}, is_enroll =  #{is_enroll}, create_by =  #{create_by}, create_time =  #{create_time}, update_by =  #{update_by}, update_time =  #{update_time} WHERE id = #{id};', NULL, 'SELECT * FROM base_specialty WHERE id = #{id} LIMIT 1', '2021-03-25 16:08:00', -1, 1, '1');
INSERT INTO `xdata_pipe` VALUES (2, 2, 1, 'w', 'SELECT id, dept_id, code, title, period, start_date, end_date, master_user, list_sort, status, is_enroll, create_by, create_time, update_by, update_time FROM base_specialty limit #{_page} , #{_rows};', 'INSERT INTO base_specialty( id, dept_id, code, title, period, start_date, end_date, master_user, list_sort, status, is_enroll, create_by, create_time, update_by, update_time ) VALUES ( NULL, #{dept_id}, #{code}, #{title}, #{period}, #{start_date}, #{end_date}, #{master_user}, #{list_sort}, #{status}, #{is_enroll}, #{create_by}, #{create_time}, #{update_by}, #{update_time} );', 'UPDATE base_specialty SET dept_id =  #{dept_id}, code =  #{code}, title =  #{title}, period =  #{period}, start_date =  #{start_date}, end_date =  #{end_date}, master_user =  #{master_user}, list_sort =  #{list_sort}, status =  #{status}, is_enroll =  #{is_enroll}, create_by =  #{create_by}, create_time =  #{create_time}, update_by =  #{update_by}, update_time =  #{update_time} WHERE code = #{code};', NULL, 'SELECT * FROM base_specialty WHERE code = #{code}  LIMIT 1', '2020-12-31 09:05:46', 3, 1, '0');

-- ----------------------------
-- Table structure for yun_files
-- ----------------------------
DROP TABLE IF EXISTS `yun_files`;
CREATE TABLE `yun_files`  (
  `id` int(11) NOT NULL AUTO_INCREMENT COMMENT '自增长主键ID',
  `folder_id` int(11) NULL DEFAULT 0 COMMENT '目录',
  `file_id` int(11) NOT NULL COMMENT '文件',
  `title` varchar(255) CHARACTER SET utf8 COLLATE utf8_general_ci NOT NULL COMMENT '文件名',
  `type` char(1) CHARACTER SET utf8 COLLATE utf8_general_ci NOT NULL COMMENT '类型',
  `is_public` char(1) CHARACTER SET utf8 COLLATE utf8_general_ci NULL DEFAULT 'N' COMMENT '是否共享',
  `create_by` varchar(64) CHARACTER SET utf8 COLLATE utf8_general_ci NULL DEFAULT '' COMMENT '创建者',
  `create_time` datetime NULL DEFAULT NULL COMMENT '创建时间',
  `update_by` varchar(64) CHARACTER SET utf8 COLLATE utf8_general_ci NULL DEFAULT '' COMMENT '更新者',
  `update_time` datetime NULL DEFAULT NULL COMMENT '更新时间',
  PRIMARY KEY (`id`) USING BTREE
) ENGINE = InnoDB AUTO_INCREMENT = 12 CHARACTER SET = utf8 COLLATE = utf8_general_ci COMMENT = '云盘文件' ROW_FORMAT = DYNAMIC;

-- ----------------------------
-- Records of yun_files
-- ----------------------------
INSERT INTO `yun_files` VALUES (5, 0, 10, '微信图片_20201128210814.jpg', '2', 'N', 'admin', '2021-03-17 14:45:11', '', NULL);
INSERT INTO `yun_files` VALUES (6, 5, 13, '16121474130256962.mp4', '3', 'N', 'admin', '2021-03-17 14:45:19', '', NULL);
INSERT INTO `yun_files` VALUES (7, 0, 11, 'Web3.2_控件开发包编程指南.pdf', '5', 'Y', 'admin', '2021-03-17 14:45:59', 'admin', '2021-03-17 15:48:43');
INSERT INTO `yun_files` VALUES (8, 0, 10, '微信图片_20201128210814.jpg', '2', 'N', 'admin', '2021-03-17 15:05:16', '', NULL);
INSERT INTO `yun_files` VALUES (9, 0, 15, '青鸟消防无线局域智慧消防系统 (1).jpg', '2', 'N', 'admin', '2021-03-17 15:33:51', '', NULL);
INSERT INTO `yun_files` VALUES (10, 8, 14, '“双随机、一公开”消防监督抽查实施细则（试行） (1).doc', '1', 'N', 'admin', '2021-03-17 15:35:47', '', NULL);
INSERT INTO `yun_files` VALUES (11, 8, 12, '爱尚酒店.pdf', '1', 'N', 'admin', '2021-03-17 15:37:39', '', NULL);

-- ----------------------------
-- Table structure for yun_folder
-- ----------------------------
DROP TABLE IF EXISTS `yun_folder`;
CREATE TABLE `yun_folder`  (
  `id` int(11) NOT NULL AUTO_INCREMENT COMMENT '自增长主键ID',
  `title` varchar(100) CHARACTER SET utf8 COLLATE utf8_general_ci NOT NULL COMMENT '分类名称',
  `pid` int(11) NULL DEFAULT 0 COMMENT '上级',
  `list_sort` int(11) NULL DEFAULT 9 COMMENT '排序',
  `is_public` char(1) CHARACTER SET utf8 COLLATE utf8_general_ci NULL DEFAULT 'N' COMMENT '是否公开',
  `create_by` varchar(50) CHARACTER SET utf8 COLLATE utf8_general_ci NOT NULL COMMENT '创建人',
  `create_time` datetime NOT NULL COMMENT '创建时间',
  `update_by` varchar(50) CHARACTER SET utf8 COLLATE utf8_general_ci NULL DEFAULT NULL COMMENT '更新人',
  `update_time` datetime NULL DEFAULT NULL COMMENT '更新时间',
  PRIMARY KEY (`id`) USING BTREE
) ENGINE = InnoDB AUTO_INCREMENT = 9 CHARACTER SET = utf8 COLLATE = utf8_general_ci COMMENT = '云盘目录' ROW_FORMAT = Dynamic;

-- ----------------------------
-- Records of yun_folder
-- ----------------------------
INSERT INTO `yun_folder` VALUES (8, '目录1', 0, 9, 'N', 'admin', '2021-03-17 15:33:31', 'admin', '2021-03-17 15:47:42');

SET FOREIGN_KEY_CHECKS = 1;
